/*
SQLyog Community v13.1.1 (64 bit)
MySQL - 10.1.37-MariaDB : Database - adamay
*********************************************************************
*/

/*!40101 SET NAMES utf8 */;

/*!40101 SET SQL_MODE=''*/;

/*!40014 SET @OLD_UNIQUE_CHECKS=@@UNIQUE_CHECKS, UNIQUE_CHECKS=0 */;
/*!40014 SET @OLD_FOREIGN_KEY_CHECKS=@@FOREIGN_KEY_CHECKS, FOREIGN_KEY_CHECKS=0 */;
/*!40101 SET @OLD_SQL_MODE=@@SQL_MODE, SQL_MODE='NO_AUTO_VALUE_ON_ZERO' */;
/*!40111 SET @OLD_SQL_NOTES=@@SQL_NOTES, SQL_NOTES=0 */;
CREATE DATABASE /*!32312 IF NOT EXISTS*/`adamay` /*!40100 DEFAULT CHARACTER SET latin1 */;

USE `adamay`;

/*Table structure for table `client_contacts` */

DROP TABLE IF EXISTS `client_contacts`;

CREATE TABLE `client_contacts` (
  `id` int(10) NOT NULL AUTO_INCREMENT,
  `client_id` int(10) NOT NULL,
  `client_pic_title` int(1) NOT NULL,
  `client_pic` varchar(100) NOT NULL,
  `client_pic_contact` varchar(30) DEFAULT NULL,
  `client_pic_email` varchar(50) DEFAULT NULL,
  `client_pic_department` varchar(50) DEFAULT NULL,
  `employee_id` int(10) NOT NULL,
  `created_at` datetime NOT NULL,
  `updated_at` datetime DEFAULT NULL,
  `deleted_at` datetime DEFAULT NULL,
  PRIMARY KEY (`id`)
) ENGINE=InnoDB AUTO_INCREMENT=58 DEFAULT CHARSET=utf8;

/*Data for the table `client_contacts` */

insert  into `client_contacts`(`id`,`client_id`,`client_pic_title`,`client_pic`,`client_pic_contact`,`client_pic_email`,`client_pic_department`,`employee_id`,`created_at`,`updated_at`,`deleted_at`) values 
(41,129,1,'Sheryl Delmante','045-7891','sheryl@cck.com','HR',26,'2020-03-10 06:05:46','2020-03-10 06:05:46',NULL),
(42,130,1,'American Girl','045-7985','american@express.com','HR',26,'2020-03-10 06:08:22','2020-03-10 06:08:22',NULL),
(43,131,1,'Chua Tan','045-7994','chua@applied.com','Production',26,'2020-03-10 06:10:28','2020-03-10 07:00:22',NULL),
(44,132,1,'Han','045-7941','han@fiberhomes.com','HR',26,'2020-03-10 06:12:02','2020-03-10 06:12:02',NULL),
(45,133,1,'Chu Xi','045-7981','chu@casino.com','Sales',26,'2020-03-10 06:23:02','2020-03-10 06:23:02',NULL),
(46,134,1,'Hhg','fgh','fh','Fhg',26,'2020-03-13 02:28:06','2020-03-13 02:37:34',NULL),
(47,71,1,'Rrr','rr','rr','Rr',26,'2020-03-13 03:07:58','2020-03-13 03:08:17',NULL),
(48,72,1,'Test','test','test','Test',26,'2020-03-19 02:28:25','2020-03-19 02:28:25',NULL),
(49,73,1,'HHH','HH','HH','HH',26,'2020-04-13 02:50:54','2020-04-13 02:50:54',NULL),
(50,74,1,'JJ LL','045-8637','JJ@LL','Sales',26,'2020-05-29 15:32:08','2020-05-29 15:32:08',NULL),
(51,74,2,'MM NN','045-7367','MM@NN','Sales',26,'2020-05-29 15:32:08','2020-05-29 15:32:08',NULL),
(52,53,2,'Sandy Cheeks','045-7362','sandy@cheeks','Sales',26,'2020-05-29 15:45:03','2020-05-29 15:46:52',NULL),
(53,53,2,'Sponge Bob','045-7367','sponge@bob','Sales',26,'2020-05-29 15:46:52','2020-05-29 15:46:52',NULL),
(54,13,2,'Jung Un','045-7372','jung@un','Sales',26,'2020-06-01 16:46:11','2020-06-01 16:46:11',NULL),
(55,1,1,'Chua Aikawa','045-7322','chua@aikawa.com','Sales',26,'2020-06-02 10:17:47','2020-06-02 10:17:47',NULL),
(56,6,1,'Squidward Tentacles','045-7352','squid@ward.com','Sales',26,'2020-06-02 15:40:24','2020-06-02 15:40:24',NULL),
(57,6,1,'Patrick Star','045-7526','patrick@star.com','Sales',26,'2020-06-02 15:40:24','2020-06-02 15:40:24',NULL);

/*Table structure for table `client_detail_contacts` */

DROP TABLE IF EXISTS `client_detail_contacts`;

CREATE TABLE `client_detail_contacts` (
  `id` int(10) NOT NULL AUTO_INCREMENT,
  `client_detail_id` int(10) NOT NULL,
  `client_pic_title` int(1) DEFAULT NULL,
  `client_pic` varchar(100) NOT NULL,
  `client_pic_contact` varchar(100) DEFAULT NULL,
  `client_pic_email` varchar(100) DEFAULT NULL,
  `client_pic_department` varchar(100) NOT NULL,
  `employee_id` int(10) NOT NULL,
  `created_at` datetime NOT NULL,
  `updated_at` datetime DEFAULT NULL,
  `deleted_at` datetime DEFAULT NULL,
  PRIMARY KEY (`id`)
) ENGINE=InnoDB AUTO_INCREMENT=167 DEFAULT CHARSET=utf8;

/*Data for the table `client_detail_contacts` */

insert  into `client_detail_contacts`(`id`,`client_detail_id`,`client_pic_title`,`client_pic`,`client_pic_contact`,`client_pic_email`,`client_pic_department`,`employee_id`,`created_at`,`updated_at`,`deleted_at`) values 
(154,46,1,'Spongebob Squarepants','045-7978','spongebob@sm.com','Sales',26,'2020-03-10 06:05:46','2020-03-10 06:05:46',NULL),
(155,47,1,'Patrick Star','045-7941','patrick@star.com','HR',26,'2020-03-10 06:05:46','2020-03-10 06:05:46',NULL),
(156,48,1,'American Girl','045-7985','american@express.com','HR',26,'2020-03-10 06:08:22','2020-03-10 06:08:22',NULL),
(157,49,1,'Chua Tan','045-7994','chua@applied.com','Production',26,'2020-03-10 06:10:28','2020-03-10 07:00:22',NULL),
(158,50,1,'Han','045-7941','han@fiberhomes.com','HR',26,'2020-03-10 06:12:02','2020-03-10 06:12:02',NULL),
(159,51,1,'Chu Xi','045-7981','chu@casino.com','Sales',26,'2020-03-10 06:23:02','2020-03-10 06:23:02',NULL),
(160,52,2,'TY Xi','045-7951','ty@applied.com','Production',26,'2020-03-10 06:56:22','2020-03-10 07:00:22',NULL),
(161,52,2,'Xu Tian','045-7991','xu@applied.com','HR',26,'2020-03-10 07:00:22','2020-03-10 07:00:22',NULL),
(162,53,1,'Hhg','fgh','fh','Fhg',26,'2020-03-13 02:28:06','2020-05-29 15:46:52',NULL),
(163,71,1,'Rrr','rr','rr','Rr',26,'2020-03-13 03:07:58','2020-03-13 03:08:17',NULL),
(164,72,1,'Test','test','test','Test',26,'2020-03-19 02:28:25','2020-03-19 02:28:25',NULL),
(165,73,1,'JJ LL','045-8637','JJ@LL','Sales',26,'2020-05-29 15:32:08','2020-05-29 15:32:08',NULL),
(166,73,2,'MM NN','045-7367','MM@NN','Sales',26,'2020-05-29 15:32:08','2020-05-29 15:32:08',NULL);

/*Table structure for table `client_details` */

DROP TABLE IF EXISTS `client_details`;

CREATE TABLE `client_details` (
  `id` int(10) NOT NULL AUTO_INCREMENT,
  `client_id` int(10) NOT NULL,
  `client_name` varchar(100) NOT NULL,
  `client_province_id` int(3) DEFAULT NULL,
  `client_municipality_id` int(4) DEFAULT NULL,
  `client_address` text NOT NULL,
  `client_detail_status` int(1) NOT NULL DEFAULT '0',
  `employee_id` int(10) NOT NULL,
  `created_at` datetime NOT NULL,
  `updated_at` datetime DEFAULT NULL,
  `deleted_at` datetime DEFAULT NULL,
  PRIMARY KEY (`id`)
) ENGINE=InnoDB AUTO_INCREMENT=78 DEFAULT CHARSET=utf8;

/*Data for the table `client_details` */

insert  into `client_details`(`id`,`client_id`,`client_name`,`client_province_id`,`client_municipality_id`,`client_address`,`client_detail_status`,`employee_id`,`created_at`,`updated_at`,`deleted_at`) values 
(1,1,'AIKAWA PHILIPPINES, INC.',12,180,'FPIP-SEZ, Brgy. Sta. Anastacia,',2,26,'2020-03-13 03:01:00','2020-06-02 10:17:47',NULL),
(2,2,'ASTEC POWERS PHILS., INC.',42,796,'104 Laguna Blvd.,Laguna Technopark',1,1,'2020-03-13 03:01:00','2020-03-13 03:01:00',NULL),
(3,3,'ARKRAY INDUSTRY INCORPORATED',12,180,'Lott 22S First Philippine Industrial Park, Brgy.. Sta. Anastacia',1,1,'2020-03-13 03:01:00','2020-03-13 03:01:00',NULL),
(4,4,'BELTONTOTOKU PHILIPPINES, INC.',42,773,'Lot B1-3, Road 6, CIP 2, Brgy. Milagrosa,',1,1,'2020-03-13 03:01:00','2020-03-13 03:01:00',NULL),
(5,5,'CEBU MITSUMI, INC.',25,459,'MRI, Special Economic Zone,Sabang,',1,1,'2020-03-13 03:01:00','2020-03-13 03:01:00',NULL),
(6,6,'CANON BUSINESS MACHINE (PHILS.) INC.',12,183,'Lot 4 Phase 1B, FPIP',2,26,'2020-03-13 03:01:00','2020-06-02 15:40:24',NULL),
(7,7,'CITIZEN FINE DEVICE PHILIPPINES CORPORATION',12,180,'Lot 9-A FPIP II-SEZ, Sta. Anastacia',1,1,'2020-03-13 03:01:00','2020-03-13 03:01:00',NULL),
(8,8,'EHS LENSE PHILIPPINES, INC.',12,180,'Lot 1-A, Phase 1B, FPIP',1,1,'2020-03-13 03:01:00','2020-03-13 03:01:00',NULL),
(9,9,'EWIC PHILIPPINES, INC.',42,771,'Bldg. No.7 & 8, Lot 2 & 3, Blk.2, EZP Warehouse, Laguna Technopark',1,1,'2020-03-13 03:01:00','2020-03-13 03:01:00',NULL),
(10,10,'ELEMATEC PHILIPPINES, INC.',49,971,'18F 6788 Ayala Ave.,Oledan Square',1,1,'2020-03-13 03:01:00','2020-03-13 03:01:00',NULL),
(11,11,'ENOMOTO PHILIPPINES, INC.',24,422,'SEPZ, Gateway Business PArk, Javalera',1,1,'2020-03-13 03:01:00','2020-03-13 03:01:00',NULL),
(12,12,'ENSYU TAKERU RUBBER INDUSTRIES, INC.',12,166,'Lot-5A Block 18, Main Avenue, Extension, Lima Technology Center(LTC)',1,1,'2020-03-13 03:01:00','2020-03-13 03:01:00',NULL),
(13,13,'FUJIFILM OPTICS PHILIPPINES, INC.',42,773,'107 Prosperity Avenue, Carmelray International Business Park - SEZ Canlubang,',2,26,'2020-03-13 03:01:00','2020-06-01 16:46:11',NULL),
(14,14,'GLORY PHILIPPINES, INC.',24,431,'Lot 1 & 3, Blk 19, Phase 3, Cavite Economic Zone',1,1,'2020-03-13 03:01:00','2020-03-13 03:01:00',NULL),
(15,15,'GLOBAL MOCOM TRANSCENDING, INC.',24,431,'Phase 3, Blk.15, Lot 15 &16, Cavite Econnmic Zone,',1,1,'2020-03-13 03:01:00','2020-03-13 03:01:00',NULL),
(16,16,'GUNMA GOHKIN PHILIPPINES CORPORATION',42,772,'Lot 1 Blk.7 Circuit St. Light Industry and Science Park 1',1,1,'2020-03-13 03:01:00','2020-03-13 03:01:00',NULL),
(17,17,'HAYAKAWA COMPONENT TECHNOLOGIES, INC.',24,431,'Main Avenue,First Street, SEZ',1,1,'2020-03-13 03:01:00','2020-03-13 03:01:00',NULL),
(18,18,'HIBLOW PHILIPPINES, INC.',24,419,'Blk.4 Lot 2 FCIE Brgy. Langkaan',1,1,'2020-03-13 03:01:00','2020-03-13 03:01:00',NULL),
(19,19,'HOUSE TECHNOLOGY, INC.',24,431,'Blk 25D Phase IV, Cavite Economic Zone',1,1,'2020-03-13 03:01:00','2020-03-13 03:01:00',NULL),
(20,20,'HKT PHILIPPINES, INC.',42,773,'Lot C2-1a Carmelray Industrial Park 2,SEZ, Brgy. Punta',1,1,'2020-03-13 03:01:00','2020-03-13 03:01:00',NULL),
(21,21,'INTEGRATED MICROELECTRONICS, INC.',42,771,'103 Trade Ave. corner Technology Ave., Laguna Technopark',1,1,'2020-03-13 03:01:00','2020-03-13 03:01:00',NULL),
(22,22,'JAE PHILIPPINES, INC.',24,422,'SEPZ, Gateway Business Park, Javalera, ',1,1,'2020-03-13 03:01:00','2020-03-13 03:01:00',NULL),
(23,23,'JECO AUTOPARTS PHILIPPINES, INC.',42,773,'122 Excellence Ave. Cor. Quality Drive, SEPZ I, CIP I Canlubang',1,1,'2020-03-13 03:01:00','2020-03-13 03:01:00',NULL),
(24,24,'JUKEN SANYO (PHILS.) CORPORATION',79,1636,'Block H-1 Subic Technopark Along Argnaut HighWay boton Area,',1,1,'2020-03-13 03:01:00','2020-03-13 03:01:00',NULL),
(25,25,'KYOURITSU ELECTRONICS PHILIPPINES., INC.',42,773,'# 19 Mountain Drive, Light Industry and Science Parkl II, Brgy. Lamesa',1,1,'2020-03-13 03:01:00','2020-03-13 03:01:00',NULL),
(26,26,'LEADENCE PHILIPPINES CORPORATION',42,773,'#18 Ring Rd., Light Industry & Science Park II, Brgy. Lamesa',1,1,'2020-03-13 03:01:00','2020-03-13 03:01:00',NULL),
(27,27,'LUBCON LUBRICANTS ASIA PACIFIC, INC.',42,771,'Unit 1 Orient Goldcrest Laguna Technopark, Bldg.5, East Main Ave. Loop, Lot 3281-K, Phase 6-A, Laguna Technopark SEZ',1,1,'2020-03-13 03:01:00','2020-03-13 03:01:00',NULL),
(28,28,'LGC LOGISTCS, INC.',42,773,'CIP 2, Km.54 National Highway, Brgy. Punta,',1,1,'2020-03-13 03:01:00','2020-03-13 03:01:00',NULL),
(29,29,'MAHLE FILTER SYSTEMS PHILIPPINES, CORP.',24,419,'Blk 8 Lot 5-7 Phase 2 PEZA Drive FCIE, Brgy. Langkaan',1,1,'2020-03-13 03:01:00','2020-03-13 03:01:00',NULL),
(30,30,'MANILA JAPANESE SCHOOL',49,984,'University Park, Fort Bonifacio, Global City',1,1,'2020-03-13 03:01:00','2020-03-13 03:01:00',NULL),
(31,31,'METAL CREST TECHNOLOGIES, INC.',42,771,'120 Technology Avenue, Laguna Technopark,',1,1,'2020-03-13 03:01:00','2020-03-13 03:01:00',NULL),
(32,32,'MINEBEA PHILIPPINES, INC.',12,180,'Lot 1, Phase 1-A First Philippine Industrial Park, Brgy.Sta Anastasia',1,1,'2020-03-13 03:01:00','2020-03-13 03:01:00',NULL),
(33,33,'MITSUMI PHILIPPINES, INC.',10,141,'Luzon Ave.,Phase 1,The freeport Area of Bataan',1,1,'2020-03-13 03:01:00','2020-03-13 03:01:00',NULL),
(34,34,'MIYASAKA POLYMER PHILIPPINES, INC.',42,772,'20 apere St., Light Industry and Science Park of the Phils. I Diezmo',1,1,'2020-03-13 03:01:00','2020-03-13 03:01:00',NULL),
(35,35,'NATOCO PAINT PHILIPPINES, INC.',12,183,'Bldg.Q-3, Lot 12, Phase 1B,FPIP, SEZ',1,1,'2020-03-13 03:01:00','2020-03-13 03:01:00',NULL),
(36,36,'NIDEC SANKYO PHILS. CORPORATION',42,772,'Main Ave., Binary St.,LISP 1 Bo. Diezmo',1,1,'2020-03-13 03:01:00','2020-03-13 03:01:00',NULL),
(37,37,'NKC MANUFACTURING PHILS. CORPORATION',25,462,'MEPZ, Basak',1,1,'2020-03-13 03:01:00','2020-03-13 03:01:00',NULL),
(38,38,'OKURA INDUSTRY PHILS. CORPORATION',42,771,'No.117 Technology Avenue, Laguna Technopark, SEZ',1,1,'2020-03-13 03:01:00','2020-03-13 03:01:00',NULL),
(39,39,'PANASONIC SYSTEM NETWORKS PHILS. CORPORATION',42,773,'CIP II, SEZ, Brgy. Tulo,',1,1,'2020-03-13 03:01:00','2020-03-13 03:01:00',NULL),
(40,40,'PILIPINAS KYOHRITSU, INC.',12,166,'Km.75 Laurel Highway, Brgy.Inosloban',1,1,'2020-03-13 03:01:00','2020-03-13 03:01:00',NULL),
(41,41,'PHILIPPINE KENKO CORPORATION',25,462,'Mactan Economic Zone',1,1,'2020-03-13 03:01:00','2020-03-13 03:01:00',NULL),
(42,42,'ROHM ELECTRONICS PHILIPPINES, INC.',24,417,'People\'s Technology Complex, SEZ',1,1,'2020-03-13 03:01:00','2020-03-13 03:01:00',NULL),
(43,43,'R-TECH PHILIPPINES, INC.',24,431,'Lot 11A Block 28 Phase 4, PEZA',1,1,'2020-03-13 03:01:00','2020-03-13 03:01:00',NULL),
(44,44,'SANDEN INTERNATIONAL PHILIPPINES, INC.',42,773,'No.102 Industry Drive Corner Progressive Ave., CIP 1, Canlubang',1,1,'2020-03-13 03:01:00','2020-03-13 03:01:00',NULL),
(45,45,'SANYO DENKI PHILIPPINES, INC.',79,1636,'Block H-1 Subic Technopark Along Argnaut HighWay boton Area,',1,1,'2020-03-13 03:01:00','2020-03-13 03:01:00',NULL),
(46,46,'SANWA ELECTRIC PHIL., INC.',24,431,'Block 2, lots 1&2, Cavite Economic Zone,',1,1,'2020-03-13 03:01:00','2020-03-13 03:01:00',NULL),
(47,47,'SCAD SERVICES PTE., LTD.',24,431,'Blk.23 Phase 4 Expansion, Cavite Ecozone,',1,1,'2020-03-13 03:01:00','2020-03-13 03:01:00',NULL),
(48,48,'SHIMADZU PHILIPPINES MFG., INC.',24,431,'Phase III, Lot 15, Blk.15, Cavite EPZ,',1,1,'2020-03-13 03:01:00','2020-03-13 03:01:00',NULL),
(49,49,'SIIX LOGISTICS PHILIPPINES, INC.',42,771,'125 Technology Ave.,Phase 4,SEPZ, Laguna Technopark',1,1,'2020-03-13 03:01:00','2020-03-13 03:01:00',NULL),
(50,50,'SINAG PRECISION MFG LAGUNA INC.',42,771,'LTI',1,1,'2020-03-13 03:01:00','2020-03-13 03:01:00',NULL),
(51,51,'SMK ELECTRONICS (PHILS) CORP.',61,1634,'Lot A-5 Clark Premiere Industrial Park, M.A Roxas Hi-Way',1,1,'2020-03-13 03:01:00','2020-03-13 03:01:00',NULL),
(52,52,'TANITEC INTERNATIONAL CORPORATION',61,1634,'Bldg.10-C M.A. Roxas Highway, Philexcel Industrial Park',1,1,'2020-03-13 03:01:00','2020-03-13 03:01:00',NULL),
(53,53,'TAISEI ELECTRONICS (PHILS). INC.',12,166,'Lima Technology Ctr. Special Economic Zone',2,26,'2020-03-13 03:01:00','2020-05-29 15:46:52',NULL),
(54,54,'TECHTUIT PHILIPPINES, INC.',12,180,'Bldg.A1 Lot 7 Phase 1-A, First Phil. Industrial Park, SEZ,Brgy. Sta.Anastacia',1,1,'2020-03-13 03:01:00','2020-03-13 03:01:00',NULL),
(55,55,'TOKYO BYOKANE PHILIPPINES CORPORATION',42,771,'Lot C2-6B, Carmelray Industrial Park II, Brgy Tulo',1,1,'2020-03-13 03:01:00','2020-03-13 03:01:00',NULL),
(56,56,'TSUCHIYA KOGYO PHILS INC.',49,984,'Zone 2, BLDG 15 Malunggay St. cor DBP Road FTI Complex',1,1,'2020-03-13 03:01:00','2020-03-13 03:01:00',NULL),
(57,57,'TSUKIDEN ELECTRIC INDUSTRIES PHILS., INC.',42,771,'101 Technology Ave., Laguna Technopark',1,1,'2020-03-13 03:01:00','2020-03-13 03:01:00',NULL),
(58,58,'TEST SOLUTION SERVICES, INC.',42,772,'No.5 Circuit St., LISP 1, Barrio Diezmo',1,1,'2020-03-13 03:01:00','2020-03-13 03:01:00',NULL),
(59,59,'USHIO PHILIPPINES, INC.',24,419,'Block 2 Lot 7-B Phase 3, FCIE Langkaan II',1,1,'2020-03-13 03:01:00','2020-03-13 03:01:00',NULL),
(60,60,'VACUUMTECH PHILIPPINES, INC.',12,180,'Lot 7 FPIP II Special Economic Zone, Sta. Anastacia',1,1,'2020-03-13 03:01:00','2020-03-13 03:01:00',NULL),
(61,61,'EXAS PHILIPPINES, INC.',25,462,'2nd Street Blk. C-3, Mactan Export Processing Zone 1',1,1,'2020-03-13 03:01:00','2020-03-13 03:01:00',NULL),
(62,62,'FURUKAWA AUTOMOTIVE SYSTEM LIMA PHILS., INC.',42,771,'113 East Main Ave., Laguna Technopark',1,1,'2020-03-13 03:01:00','2020-03-13 03:01:00',NULL),
(63,63,'HITACHI TERMINAL MECHATRONICS PHILIPPINES CORPORATION',79,1636,'Block H-1 Subic Technopark Along Argnaut HighWay boton Area,',1,1,'2020-03-13 03:01:00','2020-03-13 03:01:00',NULL),
(64,64,'J&J PHILIPPINES CORPORATION',12,180,'Lot 24 Phase 1-A, FPIP Special Economic Zone, Brgy. Sta. Anastacia',1,1,'2020-03-13 03:01:00','2020-03-13 03:01:00',NULL),
(65,65,'MIDDLEBY PHILIPPINES CORPORATION',42,771,'113 Tchnology Avenue, Laguna Technopark,',1,1,'2020-03-13 03:01:00','2020-03-13 03:01:00',NULL),
(66,66,'NAKASHIMA PHILIPPINES, INC.',24,431,'2nd Street, North Drive, Cavite Economic Zone,',1,1,'2020-03-13 03:01:00','2020-03-13 03:01:00',NULL),
(67,67,'NIPPON PULSE TECH. PHILS., INC.',24,431,'Road J. Corner Road 7, Blk. 17, Phase IV PEZA',1,1,'2020-03-13 03:01:00','2020-03-13 03:01:00',NULL),
(68,68,'OPTOWAVE MANUFACTURING PHILS., INC.',42,773,'Lot C4-9 Brgy. Punta, CIP II',1,1,'2020-03-13 03:01:00','2020-03-13 03:01:00',NULL),
(69,69,'PHILIPPINE MANUFACTURING CO. OF MURATA INC.',12,183,'Lot 2-A Phase 1B, FPIP, Brgy. Pantay Bata',1,1,'2020-03-13 03:01:00','2020-03-13 03:01:00',NULL),
(70,70,'TOYO SEAT PHILIPPINES, INC.',42,796,'Lot 7-A Greenfield Automotive Park, Don Jose',1,1,'2020-03-13 03:01:00','2020-03-13 03:01:00',NULL),
(71,71,'Rrr',1,1,'Brgy. San Antonio, Pasig City',1,26,'2020-03-13 03:07:58','2020-03-13 03:08:17',NULL),
(72,72,'Test',1,1,'Test',1,26,'2020-03-19 02:28:25','2020-03-19 02:28:25',NULL),
(73,74,'GGGGG Client',6,94,'ADDRESS',1,26,'2020-05-29 15:32:08','2020-05-29 15:32:08',NULL),
(74,53,'TAISEI ELECTRONICS (PHILS). INC.',12,166,'Lima Technology Ctr. Special Economic Zone',3,26,'2020-05-29 15:45:03','2020-05-29 15:45:03',NULL),
(75,13,'FUJIFILM OPTICS PHILIPPINES, INC.',42,773,'107 Prosperity Avenue, Carmelray International Business Park - SEZ Canlubang,',3,26,'2020-06-01 16:46:11','2020-06-01 16:46:11',NULL),
(76,1,'AIKAWA PHILIPPINES, INC.',12,180,'FPIP-SEZ, Brgy. Sta. Anastacia,',3,26,'2020-06-02 10:16:51','2020-06-02 10:16:51',NULL),
(77,6,'CANON BUSINESS MACHINE (PHILS.) INC.',12,183,'Lot 4 Phase 1B, FPIP',3,26,'2020-06-02 15:40:24','2020-06-02 15:40:24',NULL);

/*Table structure for table `client_forecast` */

DROP TABLE IF EXISTS `client_forecast`;

CREATE TABLE `client_forecast` (
  `id` int(10) NOT NULL AUTO_INCREMENT,
  `forecast_number` varchar(9) NOT NULL,
  `client_id` int(10) NOT NULL,
  `client_number` varchar(15) NOT NULL,
  `employee_id` int(10) NOT NULL,
  `created_at` datetime NOT NULL,
  `updated_at` datetime DEFAULT NULL,
  `deleted_at` datetime DEFAULT NULL,
  PRIMARY KEY (`id`)
) ENGINE=InnoDB AUTO_INCREMENT=37 DEFAULT CHARSET=latin1;

/*Data for the table `client_forecast` */

insert  into `client_forecast`(`id`,`forecast_number`,`client_id`,`client_number`,`employee_id`,`created_at`,`updated_at`,`deleted_at`) values 
(29,'0001-0001',1,'1-049-0980-0001',26,'2020-03-12 06:30:05',NULL,NULL),
(30,'0001-0002',1,'1-049-0980-0001',26,'2020-03-12 06:30:20',NULL,NULL),
(31,'0001-0003',2,'1-042-0772-0001',26,'2020-03-12 06:35:20',NULL,NULL),
(32,'0001-0104',1,'1-012-0180-0001',26,'2020-03-23 09:43:51',NULL,NULL),
(33,'0001-0057',1,'1-012-0180-0001',26,'2020-03-23 09:44:21',NULL,NULL),
(34,'0001-0006',1,'1-012-0180-0001',26,'2020-03-23 09:46:37',NULL,NULL),
(35,'0001-0007',1,'1-012-0180-0001',26,'2020-03-23 09:52:03',NULL,NULL),
(36,'0001-0105',1,'1-012-0180-0001',26,'2020-03-23 09:52:42',NULL,NULL);

/*Table structure for table `client_forecast_items` */

DROP TABLE IF EXISTS `client_forecast_items`;

CREATE TABLE `client_forecast_items` (
  `id` int(10) NOT NULL AUTO_INCREMENT,
  `order_id` varchar(13) NOT NULL,
  `forecast_id` int(10) NOT NULL,
  `forecast_month` int(2) NOT NULL,
  `forecast_year` int(4) NOT NULL,
  `forecast_quantity` int(7) NOT NULL,
  `forecast_quantity_unit` int(1) NOT NULL,
  `employee_id` int(10) NOT NULL,
  `created_at` datetime NOT NULL,
  `updated_at` datetime DEFAULT NULL,
  `deleted_at` datetime DEFAULT NULL,
  PRIMARY KEY (`id`)
) ENGINE=InnoDB AUTO_INCREMENT=50 DEFAULT CHARSET=utf8;

/*Data for the table `client_forecast_items` */

insert  into `client_forecast_items`(`id`,`order_id`,`forecast_id`,`forecast_month`,`forecast_year`,`forecast_quantity`,`forecast_quantity_unit`,`employee_id`,`created_at`,`updated_at`,`deleted_at`) values 
(40,'AD2-SP0000001',29,4,2021,100,1,26,'2020-03-12 06:30:05','2020-03-12 09:12:09',NULL),
(41,'AD2-SP0000002',29,2,2021,150,3,26,'2020-03-12 06:30:05','2020-03-12 06:30:05',NULL),
(42,'AD2-SP0000002',30,4,2020,50,4,26,'2020-03-12 06:30:20','2020-03-12 06:30:20',NULL),
(43,'AD2-SP0000002',31,4,2020,50,3,26,'2020-03-12 06:35:20','2020-03-12 06:35:20',NULL),
(44,'AD2-SP0000002',29,5,2021,44,2,26,'2020-03-13 09:52:56','2020-03-13 09:53:02','2020-03-13 09:53:02'),
(45,'AD2-SP0000001',32,3,2023,1,1,26,'2020-03-23 09:43:51','2020-03-23 09:43:51',NULL),
(46,'AD2-SP0000001',33,3,2021,1,1,26,'2020-03-23 09:44:21','2020-03-23 09:44:21',NULL),
(47,'AD2-SP0000001',34,1,2021,1,2,26,'2020-03-23 09:46:37','2020-03-23 09:46:37',NULL),
(48,'AD2-SP0000001',35,2,2021,1,1,26,'2020-03-23 09:52:03','2020-03-23 09:52:03',NULL),
(49,'AD2-SP0000001',36,2,2021,1,2,26,'2020-03-23 09:52:42','2020-03-23 09:52:42',NULL);

/*Table structure for table `client_orders` */

DROP TABLE IF EXISTS `client_orders`;

CREATE TABLE `client_orders` (
  `id` int(10) NOT NULL AUTO_INCREMENT,
  `order_id` int(10) NOT NULL,
  `client_id` int(10) NOT NULL,
  `employee_id` int(10) NOT NULL,
  `created_at` datetime NOT NULL,
  `updated_at` datetime DEFAULT NULL,
  `deleted_at` datetime DEFAULT NULL,
  PRIMARY KEY (`id`)
) ENGINE=InnoDB DEFAULT CHARSET=utf8;

/*Data for the table `client_orders` */

/*Table structure for table `client_po` */

DROP TABLE IF EXISTS `client_po`;

CREATE TABLE `client_po` (
  `id` int(10) NOT NULL AUTO_INCREMENT,
  `client_po_number` varchar(20) NOT NULL,
  `client_id` int(10) NOT NULL,
  `client_order_id` int(10) DEFAULT NULL,
  `client_name` varchar(100) NOT NULL,
  `client_address` text NOT NULL,
  `client_pic` varchar(100) NOT NULL,
  `client_po_date` date NOT NULL,
  `client_po_received_date` date DEFAULT NULL,
  `client_po_delivery_date` date DEFAULT NULL,
  `client_po_amount` decimal(14,4) NOT NULL DEFAULT '0.0000',
  `client_po_amount_currency` varchar(3) NOT NULL DEFAULT 'PHP',
  `client_po_amount_php` decimal(14,4) NOT NULL DEFAULT '0.0000',
  `client_po_status` int(1) NOT NULL DEFAULT '0',
  `remarks` varchar(255) DEFAULT NULL,
  `employee_id` int(10) NOT NULL,
  `created_at` datetime NOT NULL,
  `updated_at` datetime DEFAULT NULL,
  `deleted_at` datetime DEFAULT NULL,
  PRIMARY KEY (`id`,`client_po_number`)
) ENGINE=InnoDB DEFAULT CHARSET=utf8;

/*Data for the table `client_po` */

/*Table structure for table `client_po_delivery_monitoring` */

DROP TABLE IF EXISTS `client_po_delivery_monitoring`;

CREATE TABLE `client_po_delivery_monitoring` (
  `id` int(10) NOT NULL AUTO_INCREMENT,
  `po_id` int(10) NOT NULL,
  `invoice_id` int(10) NOT NULL,
  `receipt_id` int(10) NOT NULL,
  `order_id` int(11) DEFAULT NULL,
  `delivery_qty` int(7) DEFAULT NULL,
  `quantity_unit` varchar(255) DEFAULT NULL,
  `unit_cost` double DEFAULT NULL,
  `total_cost` double DEFAULT NULL,
  `del_balance` double NOT NULL,
  `del_remarks` text,
  `del_qty` int(11) DEFAULT NULL,
  `delivered_at` datetime DEFAULT NULL,
  `employee_id` int(10) NOT NULL,
  `created_at` datetime NOT NULL,
  `updated_at` datetime DEFAULT NULL,
  `deleted_at` datetime DEFAULT NULL,
  `ref_number` varchar(255) DEFAULT NULL,
  PRIMARY KEY (`id`),
  KEY `in_id` (`invoice_id`)
) ENGINE=InnoDB AUTO_INCREMENT=2 DEFAULT CHARSET=latin1;

/*Data for the table `client_po_delivery_monitoring` */

insert  into `client_po_delivery_monitoring`(`id`,`po_id`,`invoice_id`,`receipt_id`,`order_id`,`delivery_qty`,`quantity_unit`,`unit_cost`,`total_cost`,`del_balance`,`del_remarks`,`del_qty`,`delivered_at`,`employee_id`,`created_at`,`updated_at`,`deleted_at`,`ref_number`) values 
(1,1234,234,566,1,1,'2',1,1,1,NULL,1,'2020-06-01 13:36:34',26,'2020-06-11 13:36:40','2020-06-11 13:36:44',NULL,'3242');

/*Table structure for table `client_po_invoice` */

DROP TABLE IF EXISTS `client_po_invoice`;

CREATE TABLE `client_po_invoice` (
  `id` int(10) NOT NULL AUTO_INCREMENT,
  `client_id` int(10) NOT NULL,
  `si_number` text,
  `si_sold` varchar(100) NOT NULL,
  `si_attention` varchar(100) NOT NULL,
  `si_address` text NOT NULL,
  `si_status` int(1) NOT NULL DEFAULT '0',
  `si_is_printed` int(1) NOT NULL DEFAULT '0',
  `employee_id` int(10) NOT NULL,
  `created_at` datetime NOT NULL,
  `updated_at` datetime DEFAULT NULL,
  `deleted_at` datetime DEFAULT NULL,
  PRIMARY KEY (`id`)
) ENGINE=InnoDB AUTO_INCREMENT=7 DEFAULT CHARSET=latin1;

/*Data for the table `client_po_invoice` */

insert  into `client_po_invoice`(`id`,`client_id`,`si_number`,`si_sold`,`si_attention`,`si_address`,`si_status`,`si_is_printed`,`employee_id`,`created_at`,`updated_at`,`deleted_at`) values 
(1,1,'0000001','1000','Mr. Crabs','Bikini Bottom',1,1,26,'2020-06-10 12:06:53','2020-06-11 11:41:21',NULL),
(2,1,'0000002','1000','Mr. Crabs','Bikini Bottom',1,1,65,'2020-06-10 12:07:01','2020-06-10 12:07:01',NULL),
(3,1,'0000003','1000','Mr. Crabs','Bikini Bottom',1,1,65,'2020-06-10 12:07:08','2020-06-10 12:07:08',NULL),
(4,1,'0000004','1000','Mr. Crabs','Bikini Bottom',1,1,65,'2020-06-10 12:07:15','2020-06-10 12:07:15',NULL),
(5,1,'0000005','1000','Mr. Crabs','Bikini Bottom',1,1,65,'2020-06-10 12:07:20','2020-06-10 12:07:20',NULL),
(6,1,'0000006','1000','Mr. Crabs','Bikini Bottom',1,1,65,'2020-06-10 12:07:28','2020-06-10 16:24:07',NULL);

/*Table structure for table `client_po_invoice_items` */

DROP TABLE IF EXISTS `client_po_invoice_items`;

CREATE TABLE `client_po_invoice_items` (
  `id` int(10) NOT NULL AUTO_INCREMENT,
  `client_po_invoice_id` int(10) NOT NULL,
  `client_po_id` int(10) NOT NULL,
  `client_po_item_id` int(10) NOT NULL,
  `client_po_invoice_item_qty` int(7) NOT NULL,
  `client_po_invoice_item_qty_unit` int(1) NOT NULL,
  `client_po_invoice_item_unit_amount` decimal(14,4) NOT NULL DEFAULT '0.0000',
  `client_po_invoice_item_unit_amount_php` decimal(14,4) DEFAULT '0.0000',
  `client_po_invoice_item_currency` varchar(3) NOT NULL DEFAULT 'PHP',
  `client_po_invoice_item_total_amount` decimal(14,4) NOT NULL DEFAULT '0.0000',
  `client_po_invoice_item_total_amount_php` decimal(14,4) DEFAULT '0.0000',
  `employee_id` int(10) NOT NULL,
  `created_at` datetime NOT NULL,
  `updated_at` datetime DEFAULT NULL,
  `deleted_at` datetime DEFAULT NULL,
  PRIMARY KEY (`id`)
) ENGINE=InnoDB DEFAULT CHARSET=utf8;

/*Data for the table `client_po_invoice_items` */

/*Table structure for table `client_po_item_delivery` */

DROP TABLE IF EXISTS `client_po_item_delivery`;

CREATE TABLE `client_po_item_delivery` (
  `id` int(10) NOT NULL AUTO_INCREMENT,
  `client_po_item_id` int(10) NOT NULL,
  `client_po_item_delivery_date` date NOT NULL,
  `client_po_item_delivery_qty` int(7) NOT NULL,
  `client_po_item_delivery_qty_unit` int(1) NOT NULL,
  `client_po_item_delivery_unit_amount` decimal(14,4) NOT NULL DEFAULT '0.0000',
  `client_po_item_delivery_unit_amount_php` decimal(14,4) DEFAULT '0.0000',
  `client_po_item_delivery_currency` varchar(3) NOT NULL DEFAULT 'PHP',
  `client_po_item_delivery_total_amount` decimal(14,4) NOT NULL DEFAULT '0.0000',
  `client_po_item_delivery_total_amount_php` decimal(14,4) DEFAULT NULL,
  `client_po_item_delivery_status` int(1) NOT NULL,
  `employee_id` int(10) NOT NULL,
  `created_at` datetime NOT NULL,
  `updated_at` datetime DEFAULT NULL,
  `deleted_at` datetime DEFAULT NULL,
  PRIMARY KEY (`id`)
) ENGINE=InnoDB DEFAULT CHARSET=utf8;

/*Data for the table `client_po_item_delivery` */

/*Table structure for table `client_po_item_delivery_monitoring` */

DROP TABLE IF EXISTS `client_po_item_delivery_monitoring`;

CREATE TABLE `client_po_item_delivery_monitoring` (
  `id` int(10) NOT NULL AUTO_INCREMENT,
  `	client_po_item_delivery_id` int(10) NOT NULL,
  `client_po_id` int(10) NOT NULL,
  `client_po_invoice_id` int(10) NOT NULL,
  `client_po_invoice_item_id` int(10) NOT NULL,
  `client_po_invoice_si_number` text NOT NULL,
  `	client_po_receipt_id` int(10) NOT NULL,
  `	client_po_receipt_item_id` int(10) NOT NULL,
  `client_po_receipt_dr_number` text NOT NULL,
  `	client_po_item_delivery_qty` int(7) NOT NULL,
  `client_po_item_delivery_qty_delivered` int(7) NOT NULL,
  `client_po_item_delivery_qty_delivered_total` int(7) NOT NULL,
  `client_po_item_delivery_qty_remaining` int(7) NOT NULL,
  `client_po_item_delivery_date_delivered` date NOT NULL,
  `client_po_item_delivery_delivered_amount` decimal(14,4) NOT NULL,
  `client_po_item_delivery_delivered_total_amount` decimal(14,4) NOT NULL,
  `client_po_item_delivery_remaining_amount` decimal(14,4) NOT NULL,
  `employee_id` int(10) NOT NULL,
  `created_at` datetime NOT NULL,
  `updated_at` datetime DEFAULT NULL,
  `deleted_at` datetime DEFAULT NULL,
  PRIMARY KEY (`id`)
) ENGINE=InnoDB AUTO_INCREMENT=2 DEFAULT CHARSET=utf8;

/*Data for the table `client_po_item_delivery_monitoring` */

insert  into `client_po_item_delivery_monitoring`(`id`,`	client_po_item_delivery_id`,`client_po_id`,`client_po_invoice_id`,`client_po_invoice_item_id`,`client_po_invoice_si_number`,`	client_po_receipt_id`,`	client_po_receipt_item_id`,`client_po_receipt_dr_number`,`	client_po_item_delivery_qty`,`client_po_item_delivery_qty_delivered`,`client_po_item_delivery_qty_delivered_total`,`client_po_item_delivery_qty_remaining`,`client_po_item_delivery_date_delivered`,`client_po_item_delivery_delivered_amount`,`client_po_item_delivery_delivered_total_amount`,`client_po_item_delivery_remaining_amount`,`employee_id`,`created_at`,`updated_at`,`deleted_at`) values 
(1,0,0,0,0,'',0,0,'',0,0,0,0,'0000-00-00',0.0000,0.0000,0.0000,0,'0000-00-00 00:00:00',NULL,NULL);

/*Table structure for table `client_po_item_monitoring` */

DROP TABLE IF EXISTS `client_po_item_monitoring`;

CREATE TABLE `client_po_item_monitoring` (
  `id` int(10) NOT NULL AUTO_INCREMENT,
  `	client_po_item_id` int(10) NOT NULL,
  `client_po_item_qty` int(7) NOT NULL,
  `client_po_item_qty_delivered` int(7) NOT NULL,
  `client_po_item_qty_remaining` int(7) NOT NULL,
  `client_po_item_date_last_delivery` date NOT NULL,
  `client_po_item_delivered_amount` decimal(14,4) NOT NULL DEFAULT '0.0000',
  `client_po_item_remaining_amount` decimal(14,4) NOT NULL DEFAULT '0.0000',
  `employee_id` int(10) NOT NULL,
  `created_at` datetime NOT NULL,
  `updated_at` datetime DEFAULT NULL,
  `deleted_at` datetime DEFAULT NULL,
  PRIMARY KEY (`id`)
) ENGINE=InnoDB DEFAULT CHARSET=utf8;

/*Data for the table `client_po_item_monitoring` */

/*Table structure for table `client_po_items` */

DROP TABLE IF EXISTS `client_po_items`;

CREATE TABLE `client_po_items` (
  `id` int(10) NOT NULL AUTO_INCREMENT,
  `client_po_id` int(10) NOT NULL,
  `quotation_id` int(10) NOT NULL,
  `cs_id` int(10) DEFAULT NULL,
  `order_id` int(10) DEFAULT NULL,
  `client_po_item_qty` int(7) NOT NULL,
  `client_po_item_qty_unit` int(1) NOT NULL DEFAULT '1',
  `client_po_item_qty_remaining` int(7) NOT NULL DEFAULT '0',
  `client_po_item_unit_amount` decimal(14,4) NOT NULL DEFAULT '0.0000',
  `client_po_item_total_amount` decimal(14,4) NOT NULL DEFAULT '0.0000',
  `client_po_item_currency` varchar(3) NOT NULL,
  `client_po_item_unit_amount_php` decimal(14,4) NOT NULL DEFAULT '0.0000',
  `client_po_item_total_amount_php` decimal(14,4) NOT NULL DEFAULT '0.0000',
  `client_po_item_status` int(1) NOT NULL DEFAULT '0',
  `employee_id` int(10) NOT NULL,
  `created_at` datetime NOT NULL,
  `updated_at` datetime DEFAULT NULL,
  `deleted_At` datetime DEFAULT NULL,
  PRIMARY KEY (`id`)
) ENGINE=InnoDB DEFAULT CHARSET=utf8;

/*Data for the table `client_po_items` */

/*Table structure for table `client_po_receipt` */

DROP TABLE IF EXISTS `client_po_receipt`;

CREATE TABLE `client_po_receipt` (
  `id` int(10) NOT NULL AUTO_INCREMENT,
  `client_id` int(10) NOT NULL,
  `dr_number` text,
  `dr_sold` varchar(100) NOT NULL,
  `dr_attention_company` varchar(100) NOT NULL,
  `dr_attention_pic` varchar(100) NOT NULL,
  `dr_address` text NOT NULL,
  `dr_status` int(1) NOT NULL DEFAULT '0',
  `dr_is_printed` int(1) NOT NULL DEFAULT '0',
  `employee_id` int(10) NOT NULL,
  `created_at` datetime NOT NULL,
  `updated_at` datetime DEFAULT NULL,
  `deleted_at` datetime DEFAULT NULL,
  PRIMARY KEY (`id`)
) ENGINE=InnoDB DEFAULT CHARSET=latin1;

/*Data for the table `client_po_receipt` */

/*Table structure for table `client_po_receipt_items` */

DROP TABLE IF EXISTS `client_po_receipt_items`;

CREATE TABLE `client_po_receipt_items` (
  `id` int(10) NOT NULL AUTO_INCREMENT,
  `client_po_receipt_id` int(10) NOT NULL,
  `client_po_id` int(10) NOT NULL,
  `client_po_item_id` int(10) NOT NULL,
  `client_po_receipt_item_qty` int(7) NOT NULL,
  `client_po_receipt_item_qty_unit` int(1) NOT NULL,
  `employee_id` int(10) NOT NULL,
  `created_at` datetime NOT NULL,
  `updated_at` datetime DEFAULT NULL,
  `deleted_at` datetime DEFAULT NULL,
  PRIMARY KEY (`id`)
) ENGINE=InnoDB DEFAULT CHARSET=utf8;

/*Data for the table `client_po_receipt_items` */

/*Table structure for table `client_ss_po_item` */

DROP TABLE IF EXISTS `client_ss_po_item`;

CREATE TABLE `client_ss_po_item` (
  `id` int(10) NOT NULL AUTO_INCREMENT,
  `	client_po_id` int(10) NOT NULL,
  `client_po_item_id` int(10) NOT NULL,
  `client_po_item_delivery_id` int(10) NOT NULL,
  `	ss_id` int(10) NOT NULL,
  `client_po_item_qty` int(7) NOT NULL,
  `client_po_item_delivery_qty` int(7) NOT NULL,
  `	ss_qty` int(7) NOT NULL,
  `	client_po_item_qty_remaining` int(7) NOT NULL,
  `client_po_item_delivery_qty_remaining` int(7) NOT NULL,
  `ss_qty_remaining` int(7) NOT NULL,
  `employee_id` int(10) NOT NULL,
  `created_at` datetime DEFAULT NULL,
  `updated_at` datetime DEFAULT NULL,
  `deleted_at` datetime DEFAULT NULL,
  PRIMARY KEY (`id`)
) ENGINE=InnoDB DEFAULT CHARSET=utf8;

/*Data for the table `client_ss_po_item` */

/*Table structure for table `clients` */

DROP TABLE IF EXISTS `clients`;

CREATE TABLE `clients` (
  `id` int(10) NOT NULL AUTO_INCREMENT,
  `client_name` varchar(100) NOT NULL,
  `client_short_name` varchar(20) NOT NULL,
  `client_number` varchar(15) DEFAULT NULL,
  `client_province_id` int(3) DEFAULT NULL,
  `client_municipality_id` int(3) DEFAULT NULL,
  `client_address` text NOT NULL,
  `client_contact` text,
  `client_fax` text,
  `client_pay_terms` int(3) DEFAULT NULL,
  `client_order_description` text,
  `start_date` varchar(50) DEFAULT NULL,
  `client_category` int(1) NOT NULL DEFAULT '0',
  `is_temporary` tinyint(1) NOT NULL DEFAULT '1',
  `is_active` int(1) NOT NULL DEFAULT '1',
  `isSameAsCustomerDetails` int(1) NOT NULL DEFAULT '0',
  `isSameAsBillingDetails` int(1) NOT NULL DEFAULT '0',
  `isCustomerConsignee` int(1) NOT NULL DEFAULT '0',
  `employee_id` int(10) DEFAULT NULL,
  `created_at` datetime NOT NULL,
  `updated_at` datetime DEFAULT NULL,
  `deleted_at` datetime DEFAULT NULL,
  PRIMARY KEY (`id`)
) ENGINE=InnoDB AUTO_INCREMENT=75 DEFAULT CHARSET=utf8;

/*Data for the table `clients` */

insert  into `clients`(`id`,`client_name`,`client_short_name`,`client_number`,`client_province_id`,`client_municipality_id`,`client_address`,`client_contact`,`client_fax`,`client_pay_terms`,`client_order_description`,`start_date`,`client_category`,`is_temporary`,`is_active`,`isSameAsCustomerDetails`,`isSameAsBillingDetails`,`isCustomerConsignee`,`employee_id`,`created_at`,`updated_at`,`deleted_at`) values 
(1,'AIKAWA PHILIPPINES, INC.','API','1-012-0180-0001',12,180,'FPIP-SEZ, Brgy. Sta. Anastacia,','043-405-5661 / 043-405-5741','043-405-5660',30,'Labels, Forms','Dec.2004',1,0,1,0,0,0,26,'2020-03-11 17:38:47','2020-06-02 10:17:47',NULL),
(2,'ASTEC POWERS PHILS., INC.','APPI','1-042-0796-0002',42,796,'104 Laguna Blvd.,Laguna Technopark','0929-697-0514 / 02-976-3100',NULL,30,'Manuals','Nov.2014 (Fiscal Year End: Sept.)',1,0,1,0,0,0,NULL,'2020-03-11 17:38:47',NULL,NULL),
(3,'ARKRAY INDUSTRY INCORPORATED','Arkray','1-012-0180-0003',12,180,'Lott 22S First Philippine Industrial Park, Brgy.. Sta. Anastacia','043-405-6450','043-405-6449',30,'Sato Products','Nov.2013',1,0,1,0,0,0,NULL,'2020-03-11 17:38:47',NULL,NULL),
(4,'BELTONTOTOKU PHILIPPINES, INC.','BPI','1-042-0773-0004',42,773,'Lot B1-3, Road 6, CIP 2, Brgy. Milagrosa,','049-508-1000','049-508-1014',30,'Stretch Film','Apr.2018',1,0,1,0,0,0,NULL,'2020-03-11 17:38:47',NULL,NULL),
(5,'CEBU MITSUMI, INC.','CMI','1-025-0459-0005',25,459,'MRI, Special Economic Zone,Sabang,','032-417-0001','032-417-0002 / 03',90,'Label Sticker,  Forms, Manuals(Sheeted)','1999',1,0,1,0,0,0,NULL,'2020-03-11 17:38:47',NULL,NULL),
(6,'CANON BUSINESS MACHINE (PHILS.) INC.','CANON','1-012-0183-0006',12,183,'Lot 4 Phase 1B, FPIP','043-740-5111',NULL,30,'Label Sticker, Thermal Ribbon','Jan.2014',1,0,1,0,0,0,26,'2020-03-11 17:38:47','2020-06-02 15:40:24',NULL),
(7,'CITIZEN FINE DEVICE PHILIPPINES CORPORATION','CITIZEN','1-012-0180-0007',12,180,'Lot 9-A FPIP II-SEZ, Sta. Anastacia','02-640-6873',NULL,30,'Label Stickers','Jul.2016',1,0,1,0,0,0,NULL,'2020-03-11 17:38:47',NULL,NULL),
(8,'EHS LENSE PHILIPPINES, INC.','ELPH','1-012-0180-0008',12,180,'Lot 1-A, Phase 1B, FPIP','049-543-1260',NULL,60,'Envelope, Labels, Thermal Ribbon','Sept.2006 (Fiscal Year End: Mar.)',1,0,1,0,0,0,NULL,'2020-03-11 17:38:47',NULL,NULL),
(9,'EWIC PHILIPPINES, INC.','EWIC','1-042-0771-0009',42,771,'Bldg. No.7 & 8, Lot 2 & 3, Blk.2, EZP Warehouse, Laguna Technopark','049-559-8668',NULL,30,'Thermal Ribbon','Sept.2019',1,0,1,0,0,0,NULL,'2020-03-11 17:38:47',NULL,NULL),
(10,'ELEMATEC PHILIPPINES, INC.','ELEMATEC','1-049-0971-0010',49,971,'18F 6788 Ayala Ave.,Oledan Square','02-817-7552','02-817-7553',60,'Labels, Forms, Thermal Ribbon','Oct.2009',1,0,1,0,0,0,NULL,'2020-03-11 17:38:47',NULL,NULL),
(11,'ENOMOTO PHILIPPINES, INC.','ENOMOTO','1-024-0422-0011',24,422,'SEPZ, Gateway Business PArk, Javalera','046-433-0263',NULL,30,'Label Stickers, Stretch Film','Apr.2006',1,0,1,0,0,0,NULL,'2020-03-11 17:38:47',NULL,NULL),
(12,'ENSYU TAKERU RUBBER INDUSTRIES, INC.','Ensyu','1-012-0166-0012',12,166,'Lot-5A Block 18, Main Avenue, Extension, Lima Technology Center(LTC)','043-981-1842','043-981-1845',30,'Stretch Film','Dec.2015',1,0,1,0,0,0,NULL,'2020-03-11 17:38:47',NULL,NULL),
(13,'FUJIFILM OPTICS PHILIPPINES, INC.','FOPI','1-042-0773-0013',42,773,'107 Prosperity Avenue, Carmelray International Business Park - SEZ Canlubang,','049-508-3653','049-502-9786',60,'Manuals, Sticker, Printed Boxes','Feb.2017 (Fiscal Year End: Mar.)',1,0,1,0,0,0,26,'2020-03-11 17:38:47','2020-06-01 16:46:11',NULL),
(14,'GLORY PHILIPPINES, INC.','GPI','1-024-0431-0014',24,431,'Lot 1 & 3, Blk 19, Phase 3, Cavite Economic Zone','046-437-0504(Loc.158)','046- 437-0028',30,'Manual','Aug.2006',1,0,1,0,0,0,NULL,'2020-03-11 17:38:47',NULL,NULL),
(15,'GLOBAL MOCOM TRANSCENDING, INC.','GMTI','1-024-0431-0015',24,431,'Phase 3, Blk.15, Lot 15 &16, Cavite Econnmic Zone,','046-437-2766 / 046-437-2223','046-437-2222',30,'Stretch Film, Manual','Aug.2011',1,0,1,0,0,0,NULL,'2020-03-11 17:38:47',NULL,NULL),
(16,'GUNMA GOHKIN PHILIPPINES CORPORATION','Gunma Gohkin','1-042-0772-0016',42,772,'Lot 1 Blk.7 Circuit St. Light Industry and Science Park 1','049-543-0111','049-543-0141',30,'Stretch Film','Mar.2017',1,0,1,0,0,0,NULL,'2020-03-11 17:38:47',NULL,NULL),
(17,'HAYAKAWA COMPONENT TECHNOLOGIES, INC.','HCTI','1-024-0431-0017',24,431,'Main Avenue,First Street, SEZ','046-971-0787 / 046-971-0472','046-437-0250',30,'Manual, Boxes','Oct.2004 (Fiscal Year End: Dec.)',1,0,1,0,0,0,NULL,'2020-03-11 17:38:47',NULL,NULL),
(18,'HIBLOW PHILIPPINES, INC.','HPI','1-024-0419-0018',24,419,'Blk.4 Lot 2 FCIE Brgy. Langkaan','046- 402-0495','046-402-0498',60,'Manuals','Jan.2005 (Fiscal Year End: Dec.)',1,0,1,0,0,0,NULL,'2020-03-11 17:38:47',NULL,NULL),
(19,'HOUSE TECHNOLOGY, INC.','HTI','1-024-0431-0019',24,431,'Blk 25D Phase IV, Cavite Economic Zone','046-437-1970','046-437-1958',30,'Labels, Manuals','Feb.2005 (Fiscal Year End: Dec.)',1,0,1,0,0,0,NULL,'2020-03-11 17:38:47',NULL,NULL),
(20,'HKT PHILIPPINES, INC.','HKT','1-042-0773-0020',42,773,'Lot C2-1a Carmelray Industrial Park 2,SEZ, Brgy. Punta','049-545-1425','049-545-1478',30,'Labels, Stretch Film','Nov. 2014',1,0,1,0,0,0,NULL,'2020-03-11 17:38:47',NULL,NULL),
(21,'INTEGRATED MICROELECTRONICS, INC.','IMI','1-042-0771-0021',42,771,'103 Trade Ave. corner Technology Ave., Laguna Technopark','049-541-2440 / 049-541-2439','049-541-2486',30,'Labels','Oct.2008',1,0,1,0,0,0,NULL,'2020-03-11 17:38:48',NULL,NULL),
(22,'JAE PHILIPPINES, INC.','JAE','1-024-0422-0022',24,422,'SEPZ, Gateway Business Park, Javalera, ','046-433-0276-80','046-433-0287',30,'Labels, Sato Products','Oct.2008 (Fiscal Year End: Mar.)',1,0,1,0,0,0,NULL,'2020-03-11 17:38:48',NULL,NULL),
(23,'JECO AUTOPARTS PHILIPPINES, INC.','JECO','1-042-0773-0023',42,773,'122 Excellence Ave. Cor. Quality Drive, SEPZ I, CIP I Canlubang','049-549-2095','049-549-3227',30,'Stretch Film','Jul.2015',1,0,1,0,0,0,NULL,'2020-03-11 17:38:48',NULL,NULL),
(24,'JUKEN SANYO (PHILS.) CORPORATION','JUKEN','1-079-1636-0024',79,1636,'Block H-1 Subic Technopark Along Argnaut HighWay boton Area,','047-252-5830',NULL,30,'Sato Products, Maintenance','Mar.2013',1,0,1,0,0,0,NULL,'2020-03-11 17:38:48',NULL,NULL),
(25,'KYOURITSU ELECTRONICS PHILIPPINES., INC.','KEPI','1-042-0773-0025',42,773,'# 19 Mountain Drive, Light Industry and Science Parkl II, Brgy. Lamesa','049-545-7767','049-545-3802',30,'Sato Products, Label Sticker','Feb.2017 (Fiscal Year End: July)',1,0,1,0,0,0,NULL,'2020-03-11 17:38:48',NULL,NULL),
(26,'LEADENCE PHILIPPINES CORPORATION','LEADENCE','1-042-0773-0026',42,773,'#18 Ring Rd., Light Industry & Science Park II, Brgy. Lamesa','049-545-0061(64)','049-545-0065',30,'Labels, Sato Products','Aug.2007',1,0,1,0,0,0,NULL,'2020-03-11 17:38:48',NULL,NULL),
(27,'LUBCON LUBRICANTS ASIA PACIFIC, INC.','LUBCON','1-042-0771-0027',42,771,'Unit 1 Orient Goldcrest Laguna Technopark, Bldg.5, East Main Ave. Loop, Lot 3281-K, Phase 6-A, Laguna Technopark SEZ','049-502-7427',NULL,30,'Stretch Film','Aug.2016',1,0,1,0,0,0,NULL,'2020-03-11 17:38:48',NULL,NULL),
(28,'LGC LOGISTCS, INC.','LGC','1-042-0773-0028',42,773,'CIP 2, Km.54 National Highway, Brgy. Punta,','02-879-4560','049-545-6364',30,'Stretch Film','Jul.2016',1,0,1,0,0,0,NULL,'2020-03-11 17:38:48',NULL,NULL),
(29,'MAHLE FILTER SYSTEMS PHILIPPINES, CORP.','MAHLE','1-024-0419-0029',24,419,'Blk 8 Lot 5-7 Phase 2 PEZA Drive FCIE, Brgy. Langkaan','046-402-0385 / 0771','046-402-0386',30,'Stretch Film','Oct.2015',1,0,1,0,0,0,NULL,'2020-03-11 17:38:48',NULL,NULL),
(30,'MANILA JAPANESE SCHOOL','MJS','1-049-0984-0030',49,984,'University Park, Fort Bonifacio, Global City','02-840-1424','02-840-1601',30,'Books, Sticker, Calling Card','Jun.2004',1,0,1,0,0,0,NULL,'2020-03-11 17:38:48',NULL,NULL),
(31,'METAL CREST TECHNOLOGIES, INC.','METAL CREST','1-042-0771-0031',42,771,'120 Technology Avenue, Laguna Technopark,','049-544-0644 / 049-541-2127','049-541-2127',30,'Stretch Film','Mar.2015',1,0,1,0,0,0,NULL,'2020-03-11 17:38:48',NULL,NULL),
(32,'MINEBEA PHILIPPINES, INC.','Minebea','1-012-0180-0032',12,180,'Lot 1, Phase 1-A First Philippine Industrial Park, Brgy.Sta Anastasia','043-405-5021 to 27',NULL,30,'Thermal Ribbon','Nov.2019',1,0,1,0,0,0,NULL,'2020-03-11 17:38:48',NULL,NULL),
(33,'MITSUMI PHILIPPINES, INC.','MPI','1-010-0141-0033',10,141,'Luzon Ave.,Phase 1,The freeport Area of Bataan','047-935-4011~4016','02-731-1534',90,'Labels, Manual, Boxes, Thermal Ribbon','Jan.2004 (Fiscal Year End: Mar)',1,0,1,0,0,0,NULL,'2020-03-11 17:38:48',NULL,NULL),
(34,'MIYASAKA POLYMER PHILIPPINES, INC.','MIYASAKA','1-042-0772-0034',42,772,'20 apere St., Light Industry and Science Park of the Phils. I Diezmo','049-543-0685','049-543-0073',30,'Sato Products','May.2015',1,0,1,0,0,0,NULL,'2020-03-11 17:38:48',NULL,NULL),
(35,'NATOCO PAINT PHILIPPINES, INC.','NATOCO','1-012-0183-0035',12,183,'Bldg.Q-3, Lot 12, Phase 1B,FPIP, SEZ','0917-838-7610 / 043-462-6713',NULL,30,'Stretch Film','Oct.2015',1,0,1,0,0,0,NULL,'2020-03-11 17:38:48',NULL,NULL),
(36,'NIDEC SANKYO PHILS. CORPORATION','NIDEC SANKYO','1-042-0772-0036',42,772,'Main Ave., Binary St.,LISP 1 Bo. Diezmo','049-543-0693 loc.107 / 043-462-6713',NULL,30,'Labels, Thermal Ribbon','Dec.2019',1,0,1,0,0,0,NULL,'2020-03-11 17:38:48',NULL,NULL),
(37,'NKC MANUFACTURING PHILS. CORPORATION','NKC','1-025-0462-0037',25,462,'MEPZ, Basak','032-340-4445','032-340-4024',30,'Label Sticker, Thermal ribbon','Feb.2013',1,0,1,0,0,0,NULL,'2020-03-11 17:38:48',NULL,NULL),
(38,'OKURA INDUSTRY PHILS. CORPORATION','OKURA','1-042-0771-0038',42,771,'No.117 Technology Avenue, Laguna Technopark, SEZ','049-541-0213',NULL,30,'Label Sticker','Mar. 2016',1,0,1,0,0,0,NULL,'2020-03-11 17:38:48',NULL,NULL),
(39,'PANASONIC SYSTEM NETWORKS PHILS. CORPORATION','PSNP','1-042-0773-0039',42,773,'CIP II, SEZ, Brgy. Tulo,','049-546-0112 / 2131','049-546-0189',30,'Label Sticker,  Insulation, Sheet','Jul.2006',1,0,1,0,0,0,NULL,'2020-03-11 17:38:48',NULL,NULL),
(40,'PILIPINAS KYOHRITSU, INC.','PKI','1-012-0166-0040',12,166,'Km.75 Laurel Highway, Brgy.Inosloban','043-756-2111 / 2115','043-756-6960',30,'Forms, Label Sticker','May.2004',1,0,1,0,0,0,NULL,'2020-03-11 17:38:49',NULL,NULL),
(41,'PHILIPPINE KENKO CORPORATION','Phil. Kenko','1-025-0462-0041',25,462,'Mactan Economic Zone','032-340-2952','032-340-0694',30,'Labels','Jan.2015',1,0,1,0,0,0,NULL,'2020-03-11 17:38:49',NULL,NULL),
(42,'ROHM ELECTRONICS PHILIPPINES, INC.','REPI','1-024-0417-0042',24,417,'People\'s Technology Complex, SEZ','02-894-1536','02-894-5322',30,'Forms','Jan.2004',1,0,1,0,0,0,NULL,'2020-03-11 17:38:49',NULL,NULL),
(43,'R-TECH PHILIPPINES, INC.','R-TECH','1-024-0431-0043',24,431,'Lot 11A Block 28 Phase 4, PEZA','046-437-2480','046-437-5322',30,'Stretch Film','Jan. 2016',1,0,1,0,0,0,NULL,'2020-03-11 17:38:49',NULL,NULL),
(44,'SANDEN INTERNATIONAL PHILIPPINES, INC.','SANDEN','1-042-0773-0044',42,773,'No.102 Industry Drive Corner Progressive Ave., CIP 1, Canlubang','049-549-7957','02-843-1035',30,'Labels','Aug.2015',1,0,1,0,0,0,NULL,'2020-03-11 17:38:49',NULL,NULL),
(45,'SANYO DENKI PHILIPPINES, INC.','SDPI','1-079-1636-0045',79,1636,'Block H-1 Subic Technopark Along Argnaut HighWay boton Area,','047-252-1735','047-252-1846',30,'Labels, Thermal Ribbon','Jan.2004',1,0,1,0,0,0,NULL,'2020-03-11 17:38:49',NULL,NULL),
(46,'SANWA ELECTRIC PHIL., INC.','Sanwa','1-024-0431-0046',24,431,'Block 2, lots 1&2, Cavite Economic Zone,','046-402-0051',NULL,30,'Label Sticker','Mar. 2014',1,0,1,0,0,0,NULL,'2020-03-11 17:38:49',NULL,NULL),
(47,'SCAD SERVICES PTE., LTD.','SCAD','1-024-0431-0047',24,431,'Blk.23 Phase 4 Expansion, Cavite Ecozone,','046-437-0822','046-437-0823',30,'Manuals, Label Sticker','Jan.2004 (Fiscal Year End: Dec.)',1,0,1,0,0,0,NULL,'2020-03-11 17:38:49',NULL,NULL),
(48,'SHIMADZU PHILIPPINES MFG., INC.','SPMI','1-024-0431-0048',24,431,'Phase III, Lot 15, Blk.15, Cavite EPZ,','046-437-0431-33','46-437-0434',30,'Manuals','Jun.2004',1,0,1,0,0,0,NULL,'2020-03-11 17:38:49',NULL,NULL),
(49,'SIIX LOGISTICS PHILIPPINES, INC.','SIIX','1-042-0771-0049',42,771,'125 Technology Ave.,Phase 4,SEPZ, Laguna Technopark','049-541-3146 / 49','049-541-3155',30,'Labels','Sept.2006',1,0,1,0,0,0,NULL,'2020-03-11 17:38:49',NULL,NULL),
(50,'SINAG PRECISION MFG LAGUNA INC.','SINAG','1-042-0771-0050',42,771,'LTI','049-502-3096',NULL,30,'Stretch Film','Jan.2016',1,0,1,0,0,0,NULL,'2020-03-11 17:38:49',NULL,NULL),
(51,'SMK ELECTRONICS (PHILS) CORP.','SMK','1-061-1634-0051',61,1634,'Lot A-5 Clark Premiere Industrial Park, M.A Roxas Hi-Way','045-599-6477',NULL,30,'Sato Products','May.2015',1,0,1,0,0,0,NULL,'2020-03-11 17:38:49',NULL,NULL),
(52,'TANITEC INTERNATIONAL CORPORATION','TANITEC','1-061-1634-0052',61,1634,'Bldg.10-C M.A. Roxas Highway, Philexcel Industrial Park','045-599-5210','045-599-5211',30,'Labels, Boxes','Aug.2015',1,0,1,0,0,0,NULL,'2020-03-11 17:38:49',NULL,NULL),
(53,'TAISEI ELECTRONICS (PHILS). INC.','TAISEI','1-012-0166-0053',12,166,'Lima Technology Ctr. Special Economic Zone','043-455-6933',NULL,30,'Stretch Film','Feb.2016',1,0,1,0,0,0,26,'2020-03-11 17:38:49','2020-05-29 15:46:52',NULL),
(54,'TECHTUIT PHILIPPINES, INC.','TPI','1-012-0180-0054',12,180,'Bldg.A1 Lot 7 Phase 1-A, First Phil. Industrial Park, SEZ,Brgy. Sta.Anastacia','043-405-6050-51','043-405-6052',30,'Labels Sticker,  System','May.2009',1,0,1,0,0,0,NULL,'2020-03-11 17:38:49',NULL,NULL),
(55,'TOKYO BYOKANE PHILIPPINES CORPORATION','TBPC','1-042-0771-0055',42,771,'Lot C2-6B, Carmelray Industrial Park II, Brgy Tulo','049-508-7899','049-508-7900',30,'Label Sticker','Mar.2015',1,0,1,0,0,0,NULL,'2020-03-11 17:38:49',NULL,NULL),
(56,'TSUCHIYA KOGYO PHILS INC.','TKPI','1-049-0984-0056',49,984,'Zone 2, BLDG 15 Malunggay St. cor DBP Road FTI Complex','02-839-0849','02-839-0841',30,'Label Sticker','May.2004',1,0,1,0,0,0,NULL,'2020-03-11 17:38:49',NULL,NULL),
(57,'TSUKIDEN ELECTRIC INDUSTRIES PHILS., INC.','TSUKIDEN','1-042-0771-0057',42,771,'101 Technology Ave., Laguna Technopark','049-541-3166 loc.103',NULL,30,'Label Sticker','Sept.2019',1,0,1,0,0,0,NULL,'2020-03-11 17:38:49',NULL,NULL),
(58,'TEST SOLUTION SERVICES, INC.','TSS','1-042-0772-0058',42,772,'No.5 Circuit St., LISP 1, Barrio Diezmo','049-539-1222',NULL,30,'Stretch Film','Apr.2015',1,0,1,0,0,0,NULL,'2020-03-11 17:38:49',NULL,NULL),
(59,'USHIO PHILIPPINES, INC.','USHIO','1-024-0419-0059',24,419,'Block 2 Lot 7-B Phase 3, FCIE Langkaan II','043-402-1422','046-402-1421',30,'Label Sticker, Stretch Film','Apr.2015',1,0,1,0,0,0,NULL,'2020-03-11 17:38:49',NULL,NULL),
(60,'VACUUMTECH PHILIPPINES, INC.','THERMOS','1-012-0180-0060',12,180,'Lot 7 FPIP II Special Economic Zone, Sta. Anastacia','0917-813-6294',NULL,30,'Label Sticker, Boxes, Manual, Sato','Feb.2016 (Fiscal Year End: Dec.)',1,0,1,0,0,0,NULL,'2020-03-11 17:38:49',NULL,NULL),
(61,'EXAS PHILIPPINES, INC.','EXAS','1-025-0462-0061',25,462,'2nd Street Blk. C-3, Mactan Export Processing Zone 1','032-340-0691','032-340-0755',30,'Labels, Forms','Mar.2004',1,0,0,0,0,0,NULL,'2020-03-11 17:38:49',NULL,NULL),
(62,'FURUKAWA AUTOMOTIVE SYSTEM LIMA PHILS., INC.','FALP','1-042-0771-0062',42,771,'113 East Main Ave., Laguna Technopark','049-541-1801-04','049-541-1805',30,'Sato Products','Sept.2009',1,0,0,0,0,0,NULL,'2020-03-11 17:38:50',NULL,NULL),
(63,'HITACHI TERMINAL MECHATRONICS PHILIPPINES CORPORATION','Hitachi','1-079-1636-0063',79,1636,'Block H-1 Subic Technopark Along Argnaut HighWay boton Area,','047-252-9480','047-25-1491',30,'Sato Products','Mar.2010',1,0,0,0,0,0,NULL,'2020-03-11 17:38:50',NULL,NULL),
(64,'J&J PHILIPPINES CORPORATION','J & J','1-012-0180-0064',12,180,'Lot 24 Phase 1-A, FPIP Special Economic Zone, Brgy. Sta. Anastacia','043-405-6323','043-405-6353',30,'Labels, Sato Products','Oct. 2011',1,0,0,0,0,0,NULL,'2020-03-11 17:38:50',NULL,NULL),
(65,'MIDDLEBY PHILIPPINES CORPORATION','MIDDLEBY','1-042-0771-0065',42,771,'113 Tchnology Avenue, Laguna Technopark,','02-519-4401-04','02-519-4405',30,'Manual','2017',1,0,0,0,0,0,NULL,'2020-03-11 17:38:50',NULL,NULL),
(66,'NAKASHIMA PHILIPPINES, INC.','NAKASHIMA','1-024-0431-0066',24,431,'2nd Street, North Drive, Cavite Economic Zone,','046-437-2207','046-437-2206',30,'Calling Card, Label Sticker','Dec.2012',1,0,0,0,0,0,NULL,'2020-03-11 17:38:50',NULL,NULL),
(67,'NIPPON PULSE TECH. PHILS., INC.','NP TECH.','1-024-0431-0067',24,431,'Road J. Corner Road 7, Blk. 17, Phase IV PEZA','046-437-1282','046-437-1533',30,'Sato Products','Aug.2014',1,0,0,0,0,0,NULL,'2020-03-11 17:38:50',NULL,NULL),
(68,'OPTOWAVE MANUFACTURING PHILS., INC.','OPTOWAVE','1-042-0773-0068',42,773,'Lot C4-9 Brgy. Punta, CIP II','049-508-0085',NULL,30,'Stretch Film','Jan. 2019',1,0,0,0,0,0,NULL,'2020-03-11 17:38:50',NULL,NULL),
(69,'PHILIPPINE MANUFACTURING CO. OF MURATA INC.','MURATA','1-012-0183-0069',12,183,'Lot 2-A Phase 1B, FPIP, Brgy. Pantay Bata','043-455-2092','043-455-2071',30,'Labels Sticker,  Sato Products','Oct.2012 (Fiscal Year End: Mar)',1,0,0,0,0,0,NULL,'2020-03-11 17:38:50',NULL,NULL),
(70,'TOYO SEAT PHILIPPINES, INC.','TOYO SEAT','1-042-0796-0070',42,796,'Lot 7-A Greenfield Automotive Park, Don Jose','049-541-1540','049-541-1543',30,'Sato Products, Label Sticker','Mar. 2016',1,0,0,0,0,0,NULL,'2020-03-11 17:38:50',NULL,NULL),
(71,'Rrr','RR','1-001-0001-0001',1,1,'Brgy. San Antonio, Pasig City','045-7891',NULL,30,NULL,NULL,0,0,1,1,1,0,26,'2020-03-13 03:07:58','2020-03-13 03:08:49','2020-03-13 03:08:49'),
(72,'Test','TEST','1-001-0001-0001',1,1,'Test','044-6356',NULL,30,'test',NULL,0,0,1,1,1,0,26,'2020-03-19 02:28:25','2020-03-19 02:28:25',NULL),
(73,'HHHH','HH','1-001-0001-0002',1,1,'HHHH','HH',NULL,30,'HHH',NULL,0,1,1,0,0,0,26,'2020-04-13 02:50:54','2020-04-13 02:50:54',NULL),
(74,'GGGGG Client','GGG','1-006-0094-0001',6,94,'ADDRESS','045-6378',NULL,30,'PROD',NULL,0,0,1,1,1,0,26,'2020-05-29 15:32:08','2020-05-29 15:32:08',NULL);

/*Table structure for table `computation_sheet` */

DROP TABLE IF EXISTS `computation_sheet`;

CREATE TABLE `computation_sheet` (
  `id` int(10) NOT NULL AUTO_INCREMENT,
  `cs_control_number` varchar(16) NOT NULL,
  `cs_version_number` int(3) NOT NULL,
  `cs_client_id` int(10) NOT NULL,
  `client_order_id` int(10) NOT NULL,
  `cs_qty` int(10) NOT NULL DEFAULT '0',
  `cs_qty_unit` int(1) NOT NULL,
  `cs_currency` varchar(3) NOT NULL DEFAULT 'PHP',
  `cs_material_subtotal` decimal(14,4) NOT NULL DEFAULT '0.0000',
  `cs_material_subtotal_php` decimal(14,4) NOT NULL DEFAULT '0.0000',
  `cs_material_loss` decimal(14,4) NOT NULL DEFAULT '0.0000',
  `cs_material_loss_php` decimal(14,4) NOT NULL DEFAULT '0.0000',
  `cs_material_total` decimal(14,4) NOT NULL DEFAULT '0.0000',
  `cs_material_total_php` decimal(14,4) NOT NULL DEFAULT '0.0000',
  `cs_printing_subtotal` decimal(14,4) NOT NULL DEFAULT '0.0000',
  `cs_printing_plate` int(2) NOT NULL DEFAULT '0',
  `cs_printing_plate_amount` decimal(14,4) NOT NULL DEFAULT '0.0000',
  `cs_printing_color` int(2) NOT NULL DEFAULT '0',
  `cs_printing_color_amount` decimal(14,4) NOT NULL DEFAULT '0.0000',
  `cs_printing_total` decimal(14,4) NOT NULL DEFAULT '0.0000',
  `cs_printing_total_php` decimal(14,4) NOT NULL DEFAULT '0.0000',
  `cs_process_total` decimal(14,4) NOT NULL DEFAULT '0.0000',
  `cs_process_total_php` decimal(14,4) NOT NULL DEFAULT '0.0000',
  `cs_miscellaneous_total` decimal(14,4) NOT NULL DEFAULT '0.0000',
  `cs_miscellaneous_total_php` decimal(14,4) NOT NULL DEFAULT '0.0000',
  `cs_total_amount` decimal(14,4) NOT NULL DEFAULT '0.0000',
  `cs_total_amount_php` decimal(14,4) NOT NULL DEFAULT '0.0000',
  `cs_markup_percentage` int(3) NOT NULL DEFAULT '0',
  `cs_markup_piece` decimal(14,4) DEFAULT '0.0000',
  `cs_markup_total` decimal(14,4) DEFAULT '0.0000',
  `cs_markup_profit` decimal(14,4) DEFAULT '0.0000',
  `cs_status` int(1) NOT NULL DEFAULT '0',
  `cs_is_valid` int(1) NOT NULL DEFAULT '1',
  `cs_remarks` varchar(255) DEFAULT NULL,
  `employee_id` int(10) NOT NULL,
  `created_at` datetime NOT NULL,
  `updated_at` datetime DEFAULT NULL,
  `deleted_at` datetime DEFAULT NULL,
  PRIMARY KEY (`id`)
) ENGINE=InnoDB AUTO_INCREMENT=43 DEFAULT CHARSET=utf8;

/*Data for the table `computation_sheet` */

insert  into `computation_sheet`(`id`,`cs_control_number`,`cs_version_number`,`cs_client_id`,`client_order_id`,`cs_qty`,`cs_qty_unit`,`cs_currency`,`cs_material_subtotal`,`cs_material_subtotal_php`,`cs_material_loss`,`cs_material_loss_php`,`cs_material_total`,`cs_material_total_php`,`cs_printing_subtotal`,`cs_printing_plate`,`cs_printing_plate_amount`,`cs_printing_color`,`cs_printing_color_amount`,`cs_printing_total`,`cs_printing_total_php`,`cs_process_total`,`cs_process_total_php`,`cs_miscellaneous_total`,`cs_miscellaneous_total_php`,`cs_total_amount`,`cs_total_amount_php`,`cs_markup_percentage`,`cs_markup_piece`,`cs_markup_total`,`cs_markup_profit`,`cs_status`,`cs_is_valid`,`cs_remarks`,`employee_id`,`created_at`,`updated_at`,`deleted_at`) values 
(1,'20200520-001-001',1,27,33,100,1,'USD',1169.9500,58977.1795,116.9950,5897.7180,1286.9450,64874.8975,0.0000,0,0.0000,0,0.0000,110.8400,5587.4444,1145.0000,57719.4500,90.0000,4536.9000,2632.7850,132718.6918,15,22.3787,3027.7027,394.9177,1,1,'upon order',26,'2020-05-20 08:13:41','2020-06-02 11:38:53',NULL),
(2,'20200520-002-001',1,27,33,100,1,'USD',1169.9500,58977.1795,116.9950,5897.7180,1286.9450,64874.8975,0.0000,0,0.0000,0,0.0000,110.8400,5587.4444,1145.0000,57719.4500,90.0000,4536.9000,2632.7850,132718.6918,15,22.3787,3027.7027,394.9177,1,1,'upon order',26,'2020-05-20 08:15:39','2020-06-02 11:38:44',NULL),
(4,'20200520-003-001',1,27,33,100,1,'USD',1169.9500,58977.1795,116.9950,5897.7180,1286.9450,64874.8975,0.0000,0,0.0000,0,0.0000,110.8400,5587.4444,1145.0000,57719.4500,90.0000,4536.9000,2632.7850,132718.6918,15,22.3787,3027.7027,394.9177,1,1,'upon order',26,'2020-05-20 08:20:43','2020-06-02 11:38:58',NULL),
(5,'20200520-004-001',1,34,33,100,1,'USD',99.2500,5003.1925,9.9250,500.3193,109.1750,5503.5118,0.0000,0,0.0000,0,0.0000,38.0000,1915.5800,48.9000,2465.0490,60.0000,3024.6000,256.0750,12908.7408,17,2.1254,299.6077,43.5328,1,1,'upon order transaction',26,'2020-05-20 11:07:53','2020-06-02 11:39:09',NULL),
(6,'20200520-005-001',1,34,33,100,1,'USD',99.2500,5003.1925,9.9250,500.3193,109.1750,5503.5118,0.0000,0,0.0000,0,0.0000,38.0000,1915.5800,48.9000,2465.0490,60.0000,3024.6000,256.0750,12908.7408,10,2.3047,281.6825,25.6075,1,1,'upon order transaction',26,'2020-05-20 14:02:29','2020-06-02 11:38:39',NULL),
(7,'20200520-006-001',1,34,33,100,1,'USD',99.2500,5003.1925,9.9250,500.3193,109.1750,5503.5118,0.0000,0,0.0000,0,0.0000,38.0000,1915.5800,48.9000,2465.0490,60.0000,3024.6000,256.0750,12908.7408,10,2.3047,281.6825,25.6075,1,1,'upon order transaction',26,'2020-05-20 14:11:30','2020-06-02 11:38:16',NULL),
(8,'20200520-007-001',1,34,33,100,1,'USD',107.4396,5003.1925,10.7440,500.3193,118.1836,5503.5118,0.0000,0,0.0000,0,0.0000,39.2607,1915.5800,48.9000,2465.0490,60.0000,3024.6000,266.3443,12908.7408,14,2.2906,303.6325,37.2882,1,1,'upon order transaction',26,'2020-05-20 14:13:35','2020-06-02 11:38:04',NULL),
(9,'20200521-001-001',1,34,33,101,1,'USD',107.4396,5003.1925,10.7440,500.3193,118.1836,5503.5118,0.0000,0,0.0000,0,0.0000,39.2607,1915.5800,48.9000,2465.0490,60.0000,3024.6000,266.3443,13426.4162,14,2.2679,303.6325,37.2882,1,1,'upon order transaction',26,'2020-05-21 10:05:16','2020-06-02 11:37:56',NULL),
(10,'20200521-002-001',1,34,33,102,1,'USD',107.4396,5003.1925,10.7440,500.3193,118.1836,5503.5118,0.0000,0,0.0000,0,0.0000,39.2607,1915.5800,48.9000,2465.0490,60.0000,3024.6000,266.3443,13426.4162,14,2.2456,303.6325,37.2882,1,1,'upon order transaction',26,'2020-05-21 10:08:51','2020-06-02 11:39:18',NULL),
(11,'20200521-003-001',1,34,33,103,1,'USD',107.4396,5003.1925,10.7440,500.3193,118.1836,5503.5118,0.0000,0,0.0000,0,0.0000,39.2607,1915.5800,48.9000,2465.0490,60.0000,3024.6000,266.3443,13426.4162,14,2.2238,303.6325,37.2882,1,1,'upon order transaction',26,'2020-05-21 10:11:33','2020-06-02 11:37:38',NULL),
(12,'20200521-004-001',1,34,33,111,1,'USD',107.4396,5003.1925,10.7440,500.3193,118.1836,5503.5118,0.0000,0,0.0000,0,0.0000,39.2607,1915.5800,48.9000,2465.0490,60.0000,3024.6000,266.3443,13426.4162,14,2.0636,303.6325,37.2882,1,1,'upon order transaction',26,'2020-05-21 10:13:15','2020-06-02 11:37:32',NULL),
(13,'20200521-005-001',1,34,33,111,1,'USD',107.4396,5003.1925,10.7440,500.3193,118.1836,5503.5118,0.0000,0,0.0000,0,0.0000,39.2607,1915.5800,48.9000,2465.0490,60.0000,3024.6000,266.3443,13426.4162,20,1.9196,319.6132,53.2689,1,1,'upon order transaction',26,'2020-05-21 11:57:13','2020-05-21 11:57:13',NULL),
(14,'20200521-005-002',2,34,33,111,1,'USD',107.4396,5003.1925,10.7440,500.3193,118.1836,5503.5118,0.0000,0,0.0000,0,0.0000,39.2607,1915.5800,48.9000,2465.0490,60.0000,3024.6000,266.3443,13426.4162,15,2.0396,306.2959,39.9516,1,1,'upon order transaction',26,'2020-06-01 15:58:45','2020-05-22 14:48:38',NULL),
(15,'20200521-005-003',3,34,33,111,1,'USD',107.4396,5003.1925,10.7440,500.3193,118.1836,5503.5118,0.0000,0,0.0000,0,0.0000,19.2607,970.9319,48.9000,2465.0490,60.0000,3024.6000,246.3443,12418.2162,15,1.8864,283.2959,36.9516,1,1,'upon order transaction',26,'2020-05-21 13:29:40','2020-05-21 13:29:40',NULL),
(16,'20200521-006-001',1,13,33,200,1,'USD',505.2700,25470.6607,50.5270,2547.0661,555.7970,28017.7268,0.0000,0,0.0000,0,0.0000,315.2800,15893.2648,40.6500,2049.1665,19.6900,992.5729,931.4170,46952.7310,10,4.1914,1024.5587,93.1417,1,1,'ORDER#356-91',26,'2020-05-21 13:42:13','2020-05-21 13:42:13',NULL),
(19,'20200521-007-001',1,53,33,300,1,'PHP',926.9050,926.9050,92.6905,92.6905,1019.5955,1019.5955,0.0000,0,0.0000,0,0.0000,176.4800,176.4800,274.5000,274.5000,125.5000,125.5000,1596.0755,1596.0755,14,4.5754,1819.5261,223.4506,1,1,'ORDER#7828',26,'2020-06-01 15:58:48','2020-06-02 11:37:25',NULL),
(20,'20200521-008-001',1,53,33,300,1,'PHP',926.9050,926.9050,92.6905,92.6905,1019.5955,1019.5955,0.0000,0,0.0000,0,0.0000,176.4800,176.4800,274.5000,274.5000,125.5000,125.5000,1596.0755,1596.0755,14,4.5754,1819.5261,223.4506,1,1,'ORDER#7828',26,'2020-05-21 14:05:30','2020-05-21 14:08:42',NULL),
(24,'20200521-008-002',2,53,33,300,1,'PHP',926.9050,926.9050,92.6905,92.6905,1019.5955,1019.5955,0.0000,0,0.0000,0,0.0000,176.4800,176.4800,274.5000,274.5000,125.5000,125.5000,1596.0755,1596.0755,15,4.5222,1835.4868,239.4113,1,1,'ORDER#7828',26,'2020-05-22 15:26:00','2020-05-22 15:26:00',NULL),
(27,'20200522-001-001',1,33,33,500,1,'USD',58.4000,2943.9440,5.8400,294.3944,64.2400,3238.3384,0.0000,0,0.0000,0,0.0000,17.2000,867.0520,20.0000,1008.2000,0.1000,5.0410,101.5400,5118.6314,6,0.1909,107.6324,6.0924,1,1,'test',26,'2020-05-22 15:29:00','2020-05-22 15:29:00',NULL),
(28,'20200522-001-002',2,33,33,500,1,'USD',58.4000,2943.9440,5.8400,294.3944,64.2400,3238.3384,0.0000,0,0.0000,0,0.0000,17.2000,867.0520,20.0000,1008.2000,0.1000,5.0410,101.5400,5118.6314,10,0.1828,111.6940,10.1540,1,1,'test',26,'2020-05-22 15:29:17','2020-06-02 11:37:21',NULL),
(29,'20200521-008-003',3,53,33,300,1,'PHP',926.9050,926.9050,92.6905,92.6905,1019.5955,1019.5955,0.0000,0,0.0000,0,0.0000,176.4800,176.4800,274.5000,274.5000,125.5000,125.5000,1596.0755,1596.0755,20,4.2562,1915.2906,319.2151,1,1,'ORDER#7828',26,'2020-05-22 15:30:32','2020-06-02 11:37:47',NULL),
(30,'20200522-002-001',1,53,33,300,1,'PHP',926.9050,926.9050,92.6905,92.6905,1019.5955,1019.5955,0.0000,0,0.0000,0,0.0000,176.4800,176.4800,274.5000,274.5000,125.5000,125.5000,1596.0755,1596.0755,15,4.5222,1835.4868,239.4113,1,1,'ORDER#7828',26,'2020-05-22 15:40:41','2020-06-02 11:37:17',NULL),
(31,'20200522-003-001',1,53,33,500,1,'PHP',926.9050,926.9050,92.6905,92.6905,1019.5955,1019.5955,0.0000,0,0.0000,0,0.0000,176.4800,176.4800,274.5000,274.5000,125.5000,125.5000,1596.0755,1596.0755,10,2.8729,1755.6831,159.6076,1,1,'ORDER#7828',26,'2020-05-22 15:56:21','2020-05-22 16:04:01',NULL),
(32,'20200522-003-002',2,53,33,500,1,'PHP',926.9050,926.9050,92.6905,92.6905,1019.5955,1019.5955,0.0000,0,0.0000,0,0.0000,176.4800,176.4800,274.5000,274.5000,634.5000,634.5000,2105.0755,2105.0755,10,3.7891,2315.5831,210.5076,1,1,'ORDER#7828',26,'2020-05-27 14:29:09','2020-06-02 11:37:14',NULL),
(33,'20200602-001-001',1,1,34,200,1,'PHP',11389.2500,11389.2500,1138.9250,1138.9250,12528.1750,12528.1750,0.0000,0,0.0000,0,0.0000,6301.2500,6301.2500,2500.0000,2500.0000,1500.0000,1500.0000,22829.4250,22829.4250,20,91.3177,27395.3100,4565.8850,1,1,'CS REMARKS, PHP',26,'2020-06-02 10:11:59','2020-06-02 11:37:10',NULL),
(34,'20200602-002-001',1,1,34,2000,1,'USD',56.6000,2853.2060,5.6600,285.3206,62.2600,3138.5266,0.0000,0,0.0000,0,0.0000,8.6000,433.5260,18.0000,907.3800,1500.0000,75615.0000,1588.8600,80094.4326,20,0.6355,1906.6320,317.7720,1,1,'CS REMARKS, USD',26,'2020-06-02 10:15:50','2020-06-02 11:37:07',NULL),
(35,'20200602-003-001',1,6,36,2000,1,'USD',56.6000,2853.2060,5.6600,285.3206,62.2600,3138.5266,0.0000,0,0.0000,0,0.0000,8.6000,433.5260,12.0000,604.9200,7.0000,352.8700,89.8600,4529.8426,20,0.0359,107.8320,17.9720,1,1,'CS XXXX',26,'2020-06-02 15:31:57','2020-06-02 15:31:57',NULL),
(36,'20200602-004-001',1,6,36,1000,1,'USD',24.0000,1209.8400,2.4000,120.9840,26.4000,1330.8240,0.0000,0,0.0000,0,0.0000,4.3000,216.7630,5.0000,252.0500,1.8000,90.7380,37.5000,1890.3750,10,0.0338,41.2500,3.7500,1,1,'CS XXXX',26,'2020-06-02 15:34:14','2020-06-02 15:34:14',NULL),
(37,'20200602-005-001',1,6,36,3000,1,'USD',56.7000,2858.2470,5.6700,285.8247,62.3700,3144.0717,0.0000,0,0.0000,0,0.0000,12.9000,650.2890,9.0000,453.6900,0.0100,0.5041,84.2800,4248.5548,15,0.0239,96.9220,12.6420,1,1,'CS XXX QQ',26,'2020-06-02 15:38:05','2020-06-02 15:38:05',NULL),
(38,'20200602-006-001',1,6,36,3100,1,'USD',56.7000,2858.2470,5.6700,285.8247,62.3700,3144.0717,0.0000,0,0.0000,0,0.0000,12.9000,650.2890,9.0000,453.6900,0.0100,0.5041,84.2800,4248.5548,15,0.0231,96.9220,12.6420,1,1,'CS XXX QQ',26,'2020-06-02 15:41:36','2020-06-02 15:41:36',NULL),
(39,'20200602-006-002',2,6,36,3100,1,'USD',56.7000,2858.2470,5.6700,285.8247,62.3700,3144.0717,0.0000,0,0.0000,0,0.0000,12.9000,650.2890,9.0000,453.6900,0.0100,0.5041,84.2800,4248.5548,20,0.0217,101.1360,16.8560,1,1,'CS XXX QQ',26,'2020-06-02 15:42:01','2020-06-02 15:42:01',NULL),
(40,'20200602-006-003',3,6,36,3100,1,'USD',56.7000,2858.2470,5.6700,285.8247,62.3700,3144.0717,0.0000,0,0.0000,0,0.0000,12.9000,650.2890,9.0000,453.6900,0.0100,0.5041,84.2800,4248.5548,25,0.0204,105.3500,21.0700,1,1,'CS XXX QQ',26,'2020-06-02 15:42:15','2020-06-02 15:42:15',NULL),
(41,'20200602-005-002',2,6,36,3000,1,'USD',56.7000,2858.2470,5.6700,285.8247,62.3700,3144.0717,0.0000,0,0.0000,0,0.0000,12.9000,650.2890,9.0000,453.6900,0.0100,0.5041,84.2800,4248.5548,25,0.0211,105.3500,21.0700,1,1,'CS XXX QQ',26,'2020-06-02 15:42:50','2020-06-02 15:42:50',NULL),
(42,'20200602-005-003',3,6,36,3000,1,'USD',56.7000,2858.2470,5.6700,285.8247,62.3700,3144.0717,0.0000,0,0.0000,0,0.0000,12.9000,650.2890,9.0000,453.6900,0.0100,0.5041,84.2800,4248.5548,10,0.0253,92.7080,8.4280,1,1,'CS XXX QQ',26,'2020-06-02 15:43:14','2020-06-02 15:43:14',NULL);

/*Table structure for table `computation_sheet_evaluation` */

DROP TABLE IF EXISTS `computation_sheet_evaluation`;

CREATE TABLE `computation_sheet_evaluation` (
  `id` int(10) NOT NULL AUTO_INCREMENT,
  `cs_id` int(10) NOT NULL,
  `evaluator_id` int(10) NOT NULL,
  `evaluation_type` int(1) NOT NULL,
  `evaluator_remarks` text,
  `evaluation_status` int(1) DEFAULT NULL,
  `employee_id` int(10) NOT NULL,
  `created_at` datetime NOT NULL,
  `updated_at` datetime DEFAULT NULL,
  `deleted_at` datetime DEFAULT NULL,
  PRIMARY KEY (`id`)
) ENGINE=InnoDB AUTO_INCREMENT=142 DEFAULT CHARSET=utf8 COMMENT='			';

/*Data for the table `computation_sheet_evaluation` */

insert  into `computation_sheet_evaluation`(`id`,`cs_id`,`evaluator_id`,`evaluation_type`,`evaluator_remarks`,`evaluation_status`,`employee_id`,`created_at`,`updated_at`,`deleted_at`) values 
(1,1,64,1,NULL,1,26,'2020-05-20 08:13:41','2020-05-20 08:13:41',NULL),
(2,1,66,1,NULL,1,26,'2020-05-20 08:13:41','2020-05-20 08:13:41',NULL),
(3,1,67,2,NULL,3,26,'2020-05-20 08:13:41','2020-05-20 08:13:41',NULL),
(4,1,1,2,NULL,3,26,'2020-05-20 08:13:41','2020-05-20 08:13:41',NULL),
(5,2,64,1,NULL,1,26,'2020-05-20 08:15:39','2020-05-20 08:15:39',NULL),
(6,2,66,1,NULL,1,26,'2020-05-20 08:15:39','2020-05-20 08:15:39',NULL),
(7,2,67,2,NULL,3,26,'2020-05-20 08:15:39','2020-05-20 08:15:39',NULL),
(8,2,1,2,NULL,3,26,'2020-05-20 08:15:39','2020-05-20 08:15:39',NULL),
(9,4,64,1,NULL,1,26,'2020-05-20 08:20:43','2020-05-20 08:20:43',NULL),
(10,4,66,1,NULL,1,26,'2020-05-20 08:20:43','2020-05-20 08:20:43',NULL),
(11,4,67,2,NULL,3,26,'2020-05-20 08:20:43','2020-05-20 08:20:43',NULL),
(12,4,1,2,NULL,3,26,'2020-05-20 08:20:43','2020-05-20 08:20:43',NULL),
(13,5,64,1,NULL,1,26,'2020-05-20 11:07:53','2020-05-20 13:43:48',NULL),
(14,5,68,1,NULL,1,26,'2020-05-20 11:07:53','2020-05-20 13:43:48',NULL),
(15,5,63,2,NULL,3,26,'2020-05-20 11:07:53','2020-05-20 13:43:48',NULL),
(16,5,1,2,NULL,3,26,'2020-05-20 11:07:53','2020-05-20 13:43:48',NULL),
(17,6,64,1,NULL,1,26,'2020-05-20 14:02:29','2020-05-20 14:02:29',NULL),
(18,6,68,1,NULL,1,26,'2020-05-20 14:02:29','2020-05-20 14:02:29',NULL),
(19,6,63,2,NULL,3,26,'2020-05-20 14:02:29','2020-05-20 14:02:29',NULL),
(20,6,1,2,NULL,3,26,'2020-05-20 14:02:29','2020-05-20 14:02:29',NULL),
(21,7,64,1,NULL,1,26,'2020-05-20 14:11:30','2020-05-20 14:11:30',NULL),
(22,7,68,1,NULL,1,26,'2020-05-20 14:11:30','2020-05-20 14:11:30',NULL),
(23,7,63,2,NULL,3,26,'2020-05-20 14:11:30','2020-05-20 14:11:30',NULL),
(24,7,1,2,NULL,3,26,'2020-05-20 14:11:30','2020-05-20 14:11:30',NULL),
(25,8,64,1,NULL,1,26,'2020-05-20 14:13:35','2020-05-21 09:54:45',NULL),
(26,8,68,1,NULL,1,26,'2020-05-20 14:13:35','2020-05-21 09:54:45',NULL),
(27,8,63,2,NULL,3,26,'2020-05-20 14:13:35','2020-05-21 09:54:45',NULL),
(28,8,1,2,NULL,3,26,'2020-05-20 14:13:35','2020-05-21 09:54:45',NULL),
(29,9,64,1,NULL,1,26,'2020-05-21 10:05:16','2020-05-21 10:05:16',NULL),
(30,9,68,1,NULL,1,26,'2020-05-21 10:05:16','2020-05-21 10:05:16',NULL),
(31,9,63,2,NULL,3,26,'2020-05-21 10:05:16','2020-05-21 10:05:16',NULL),
(32,9,1,2,NULL,3,26,'2020-05-21 10:05:16','2020-05-21 10:05:16',NULL),
(33,10,64,1,NULL,1,26,'2020-05-21 10:08:51','2020-05-21 10:08:51',NULL),
(34,10,68,1,NULL,1,26,'2020-05-21 10:08:51','2020-05-21 10:08:51',NULL),
(35,10,63,2,NULL,3,26,'2020-05-21 10:08:51','2020-05-21 10:08:51',NULL),
(36,10,1,2,NULL,3,26,'2020-05-21 10:08:51','2020-05-21 10:08:51',NULL),
(37,11,64,1,NULL,1,26,'2020-05-21 10:11:34','2020-05-21 10:11:34',NULL),
(38,11,68,1,NULL,1,26,'2020-05-21 10:11:34','2020-05-21 10:11:34',NULL),
(39,11,63,2,NULL,3,26,'2020-05-21 10:11:34','2020-05-21 10:11:34',NULL),
(40,11,1,2,NULL,3,26,'2020-05-21 10:11:34','2020-05-21 10:11:34',NULL),
(41,12,64,1,NULL,1,26,'2020-05-21 10:13:15','2020-05-21 11:55:32',NULL),
(42,12,68,1,NULL,1,26,'2020-05-21 10:13:15','2020-05-21 11:55:32',NULL),
(43,12,63,2,NULL,3,26,'2020-05-21 10:13:15','2020-05-21 11:55:32',NULL),
(44,12,1,2,NULL,3,26,'2020-05-21 10:13:15','2020-05-21 11:55:32',NULL),
(45,13,64,1,NULL,1,26,'2020-05-21 11:57:13','2020-05-21 11:57:13',NULL),
(46,13,68,1,NULL,1,26,'2020-05-21 11:57:13','2020-05-21 11:57:13',NULL),
(47,13,63,2,NULL,3,26,'2020-05-21 11:57:13','2020-05-21 11:57:13',NULL),
(48,13,1,2,NULL,3,26,'2020-05-21 11:57:13','2020-05-21 11:57:13',NULL),
(49,14,64,1,NULL,1,26,'2020-05-21 12:06:43','2020-05-21 12:06:43',NULL),
(50,14,68,1,NULL,1,26,'2020-05-21 12:06:43','2020-05-21 12:06:43',NULL),
(51,14,63,2,NULL,3,26,'2020-05-21 12:06:43','2020-05-21 12:06:43',NULL),
(52,14,1,2,NULL,3,26,'2020-05-21 12:06:43','2020-05-21 12:06:43',NULL),
(53,15,64,1,NULL,1,26,'2020-05-21 13:29:40','2020-05-21 13:29:40',NULL),
(54,15,68,1,NULL,1,26,'2020-05-21 13:29:40','2020-05-21 13:29:40',NULL),
(55,15,63,2,NULL,3,26,'2020-05-21 13:29:40','2020-05-21 13:29:40',NULL),
(56,15,1,2,NULL,3,26,'2020-05-21 13:29:40','2020-05-21 13:29:40',NULL),
(57,16,63,1,NULL,1,26,'2020-05-21 13:42:13','2020-05-21 13:42:13',NULL),
(58,16,65,1,NULL,1,26,'2020-05-21 13:42:13','2020-05-21 13:42:13',NULL),
(59,16,1,2,NULL,3,26,'2020-05-21 13:42:13','2020-05-21 13:42:13',NULL),
(60,16,67,2,NULL,3,26,'2020-05-21 13:42:13','2020-05-21 13:42:13',NULL),
(61,19,63,1,NULL,1,26,'2020-05-21 14:03:05','2020-05-21 14:03:05',NULL),
(62,19,64,2,NULL,3,26,'2020-05-21 14:03:05','2020-05-21 14:03:05',NULL),
(63,19,1,2,NULL,3,26,'2020-05-21 14:03:05','2020-05-21 14:03:05',NULL),
(64,20,63,1,NULL,1,26,'2020-05-21 14:05:30','2020-05-21 14:08:42',NULL),
(65,20,64,2,NULL,3,26,'2020-05-21 14:05:30','2020-05-21 14:08:42',NULL),
(66,20,1,2,NULL,3,26,'2020-05-21 14:05:30','2020-05-21 14:08:42',NULL),
(67,20,66,1,NULL,1,26,'2020-05-21 14:08:42','2020-05-21 14:08:42',NULL),
(68,21,63,1,NULL,1,26,'2020-05-22 15:14:03','2020-05-22 15:14:03',NULL),
(69,21,66,1,NULL,1,26,'2020-05-22 15:14:03','2020-05-22 15:14:03',NULL),
(70,21,64,2,NULL,3,26,'2020-05-22 15:14:03','2020-05-22 15:14:03',NULL),
(71,21,1,2,NULL,3,26,'2020-05-22 15:14:03','2020-05-22 15:14:03',NULL),
(72,22,63,1,NULL,1,26,'2020-05-22 15:17:47','2020-05-22 15:17:47',NULL),
(73,22,66,1,NULL,1,26,'2020-05-22 15:17:47','2020-05-22 15:17:47',NULL),
(74,22,64,2,NULL,3,26,'2020-05-22 15:17:47','2020-05-22 15:17:47',NULL),
(75,22,1,2,NULL,3,26,'2020-05-22 15:17:47','2020-05-22 15:17:47',NULL),
(76,23,63,1,NULL,1,26,'2020-05-22 15:25:27','2020-05-22 15:25:27',NULL),
(77,23,66,1,NULL,1,26,'2020-05-22 15:25:27','2020-05-22 15:25:27',NULL),
(78,23,64,2,NULL,3,26,'2020-05-22 15:25:27','2020-05-22 15:25:27',NULL),
(79,23,1,2,NULL,3,26,'2020-05-22 15:25:27','2020-05-22 15:25:27',NULL),
(80,24,63,1,NULL,1,26,'2020-05-22 15:26:00','2020-05-22 15:26:00',NULL),
(81,24,66,1,NULL,1,26,'2020-05-22 15:26:00','2020-05-22 15:26:00',NULL),
(82,24,64,2,NULL,3,26,'2020-05-22 15:26:00','2020-05-22 15:26:00',NULL),
(83,24,1,2,NULL,3,26,'2020-05-22 15:26:00','2020-05-22 15:26:00',NULL),
(84,27,63,1,NULL,1,26,'2020-05-22 15:29:00','2020-05-22 15:29:00',NULL),
(85,27,65,2,NULL,3,26,'2020-05-22 15:29:00','2020-05-22 15:29:00',NULL),
(86,28,63,1,NULL,1,26,'2020-05-22 15:29:17','2020-05-22 15:29:17',NULL),
(87,28,65,2,NULL,3,26,'2020-05-22 15:29:17','2020-05-22 15:29:17',NULL),
(88,29,63,1,NULL,1,26,'2020-05-22 15:30:32','2020-05-22 15:39:18',NULL),
(89,29,66,1,NULL,1,26,'2020-05-22 15:30:32','2020-05-22 15:39:18',NULL),
(90,29,64,2,NULL,3,26,'2020-05-22 15:30:32','2020-05-22 15:39:18',NULL),
(91,29,1,2,NULL,3,26,'2020-05-22 15:30:32','2020-05-22 15:39:18',NULL),
(92,30,63,1,NULL,1,26,'2020-05-22 15:40:42','2020-05-22 15:40:42',NULL),
(93,30,66,1,NULL,1,26,'2020-05-22 15:40:42','2020-05-22 15:40:42',NULL),
(94,30,64,2,NULL,3,26,'2020-05-22 15:40:42','2020-05-22 15:40:42',NULL),
(95,30,1,2,NULL,3,26,'2020-05-22 15:40:42','2020-05-22 15:40:42',NULL),
(96,31,63,1,NULL,1,26,'2020-05-22 15:56:21','2020-05-22 15:56:21',NULL),
(97,31,66,1,NULL,1,26,'2020-05-22 15:56:21','2020-05-22 15:56:21',NULL),
(98,31,64,2,NULL,3,26,'2020-05-22 15:56:21','2020-05-22 15:56:21',NULL),
(99,31,1,2,NULL,3,26,'2020-05-22 15:56:21','2020-05-22 15:56:21',NULL),
(100,32,63,1,NULL,1,26,'2020-05-27 14:29:09','2020-05-27 14:29:09',NULL),
(101,32,66,1,NULL,1,26,'2020-05-27 14:29:09','2020-05-27 14:29:09',NULL),
(102,32,64,2,NULL,3,26,'2020-05-27 14:29:09','2020-05-27 14:29:09',NULL),
(103,32,1,2,NULL,3,26,'2020-05-27 14:29:09','2020-05-27 14:29:09',NULL),
(104,33,64,1,NULL,1,26,'2020-06-02 10:11:59','2020-06-02 10:11:59',NULL),
(105,33,68,1,NULL,1,26,'2020-06-02 10:11:59','2020-06-02 10:11:59',NULL),
(106,33,63,2,NULL,3,26,'2020-06-02 10:11:59','2020-06-02 10:11:59',NULL),
(107,34,1,1,NULL,1,26,'2020-06-02 10:15:50','2020-06-02 10:15:50',NULL),
(108,34,65,1,NULL,1,26,'2020-06-02 10:15:50','2020-06-02 10:15:50',NULL),
(109,34,66,2,NULL,3,26,'2020-06-02 10:15:50','2020-06-02 10:15:50',NULL),
(110,35,1,1,NULL,1,26,'2020-06-02 15:31:57','2020-06-02 15:31:57',NULL),
(111,35,63,1,NULL,1,26,'2020-06-02 15:31:57','2020-06-02 15:31:57',NULL),
(112,35,64,2,NULL,3,26,'2020-06-02 15:31:57','2020-06-02 15:31:57',NULL),
(113,35,65,2,NULL,3,26,'2020-06-02 15:31:57','2020-06-02 15:31:57',NULL),
(114,36,1,1,NULL,1,26,'2020-06-02 15:34:14','2020-06-02 15:34:14',NULL),
(115,36,64,1,NULL,1,26,'2020-06-02 15:34:14','2020-06-02 15:34:14',NULL),
(116,36,66,2,NULL,3,26,'2020-06-02 15:34:14','2020-06-02 15:34:14',NULL),
(117,36,67,2,NULL,3,26,'2020-06-02 15:34:14','2020-06-02 15:34:14',NULL),
(118,37,1,1,NULL,1,26,'2020-06-02 15:38:06','2020-06-02 15:38:06',NULL),
(119,37,63,1,NULL,1,26,'2020-06-02 15:38:06','2020-06-02 15:38:06',NULL),
(120,37,65,2,NULL,3,26,'2020-06-02 15:38:06','2020-06-02 15:38:06',NULL),
(121,37,66,2,NULL,3,26,'2020-06-02 15:38:06','2020-06-02 15:38:06',NULL),
(122,38,1,1,NULL,1,26,'2020-06-02 15:41:36','2020-06-02 15:41:36',NULL),
(123,38,63,1,NULL,1,26,'2020-06-02 15:41:36','2020-06-02 15:41:36',NULL),
(124,38,65,2,NULL,3,26,'2020-06-02 15:41:36','2020-06-02 15:41:36',NULL),
(125,38,66,2,NULL,3,26,'2020-06-02 15:41:36','2020-06-02 15:41:36',NULL),
(126,39,1,1,NULL,1,26,'2020-06-02 15:42:01','2020-06-02 15:42:01',NULL),
(127,39,63,1,NULL,1,26,'2020-06-02 15:42:01','2020-06-02 15:42:01',NULL),
(128,39,65,2,NULL,3,26,'2020-06-02 15:42:01','2020-06-02 15:42:01',NULL),
(129,39,66,2,NULL,3,26,'2020-06-02 15:42:01','2020-06-02 15:42:01',NULL),
(130,40,1,1,NULL,5,26,'2020-06-02 15:42:15','2020-06-09 15:16:13',NULL),
(131,40,63,1,NULL,1,26,'2020-06-02 15:42:15','2020-06-02 15:42:15',NULL),
(132,40,65,2,NULL,3,26,'2020-06-02 15:42:15','2020-06-02 15:42:15',NULL),
(133,40,66,2,NULL,3,26,'2020-06-02 15:42:15','2020-06-02 15:42:15',NULL),
(134,41,1,1,NULL,1,26,'2020-06-02 15:42:50','2020-06-02 15:42:50',NULL),
(135,41,63,1,NULL,1,26,'2020-06-02 15:42:50','2020-06-02 15:42:50',NULL),
(136,41,65,2,NULL,3,26,'2020-06-02 15:42:50','2020-06-02 15:42:50',NULL),
(137,41,66,2,'rejected',3,26,'2020-06-02 15:42:50','2020-06-09 14:52:50',NULL),
(138,42,1,1,NULL,1,26,'2020-06-02 15:43:14','2020-06-02 15:43:14',NULL),
(139,42,63,1,NULL,1,26,'2020-06-02 15:43:14','2020-06-02 15:43:14',NULL),
(140,42,65,2,NULL,3,26,'2020-06-02 15:43:14','2020-06-02 15:43:14',NULL),
(141,42,66,2,NULL,3,26,'2020-06-02 15:43:14','2020-06-02 15:43:14',NULL);

/*Table structure for table `computation_sheet_material_subcon_supplier` */

DROP TABLE IF EXISTS `computation_sheet_material_subcon_supplier`;

CREATE TABLE `computation_sheet_material_subcon_supplier` (
  `id` int(10) NOT NULL AUTO_INCREMENT,
  `cs_id` int(10) NOT NULL,
  `cs_material_subcon_id` int(10) NOT NULL,
  `cs_material_subcon_supplier_id` int(10) NOT NULL,
  `supplier_sc_material_quantity` int(10) DEFAULT NULL,
  `supplier_sc_material_amount` decimal(14,4) DEFAULT '0.0000',
  `supplier_sc_material_total` decimal(14,4) DEFAULT '0.0000',
  `is_selected` tinyint(1) NOT NULL,
  `employee_id` int(10) NOT NULL,
  `created_at` datetime NOT NULL,
  `updated_at` datetime DEFAULT NULL,
  `deleted_at` datetime DEFAULT NULL,
  PRIMARY KEY (`id`)
) ENGINE=InnoDB AUTO_INCREMENT=69 DEFAULT CHARSET=utf8 COMMENT='			';

/*Data for the table `computation_sheet_material_subcon_supplier` */

insert  into `computation_sheet_material_subcon_supplier`(`id`,`cs_id`,`cs_material_subcon_id`,`cs_material_subcon_supplier_id`,`supplier_sc_material_quantity`,`supplier_sc_material_amount`,`supplier_sc_material_total`,`is_selected`,`employee_id`,`created_at`,`updated_at`,`deleted_at`) values 
(1,1,1,1,10000,0.0134,134.0000,0,26,'2020-05-20 08:13:41','2020-05-20 08:13:41',NULL),
(2,1,1,2,100,1.1250,112.5000,0,26,'2020-05-20 08:13:41','2020-05-20 08:13:41',NULL),
(3,2,2,1,10000,0.0134,134.0000,0,26,'2020-05-20 08:15:39','2020-05-20 08:15:39',NULL),
(4,2,2,2,100,1.1250,112.5000,0,26,'2020-05-20 08:15:39','2020-05-20 08:15:39',NULL),
(5,4,3,1,10000,0.0134,134.0000,0,26,'2020-05-20 08:20:43','2020-05-20 08:20:43',NULL),
(6,4,3,2,100,1.1250,112.5000,0,26,'2020-05-20 08:20:43','2020-05-20 08:20:43',NULL),
(7,5,4,1,650,0.0134,8.7100,0,26,'2020-05-20 11:07:53','2020-05-20 11:07:53',NULL),
(8,5,4,2,5,1.1250,5.6250,0,26,'2020-05-20 11:07:53','2020-05-20 11:07:53',NULL),
(9,6,5,1,650,0.0134,8.7100,0,26,'2020-05-20 14:02:29','2020-05-20 14:02:29',NULL),
(10,6,5,2,5,1.1250,5.6250,0,26,'2020-05-20 14:02:29','2020-05-20 14:02:29',NULL),
(11,7,6,1,650,0.0134,8.7100,1,26,'2020-05-20 14:11:30','2020-05-20 14:11:30',NULL),
(12,7,6,2,5,1.1250,5.6250,1,26,'2020-05-20 14:11:30','2020-05-20 14:11:30',NULL),
(13,8,7,1,652,0.0134,8.7368,1,26,'2020-05-20 14:13:35','2020-05-21 09:54:45',NULL),
(14,8,7,2,8,1.1250,9.0000,1,26,'2020-05-20 14:13:35','2020-05-21 09:54:45',NULL),
(15,9,8,1,652,0.0134,8.7368,1,26,'2020-05-21 10:05:16','2020-05-21 10:05:16',NULL),
(16,9,8,2,8,1.1250,9.0000,1,26,'2020-05-21 10:05:16','2020-05-21 10:05:16',NULL),
(17,10,9,1,652,0.0134,8.7368,1,26,'2020-05-21 10:08:51','2020-05-21 10:08:51',NULL),
(18,10,9,2,8,1.1250,9.0000,1,26,'2020-05-21 10:08:51','2020-05-21 10:08:51',NULL),
(19,11,10,1,652,0.0134,8.7368,1,26,'2020-05-21 10:11:34','2020-05-21 10:11:34',NULL),
(20,11,10,2,8,1.1250,9.0000,1,26,'2020-05-21 10:11:34','2020-05-21 10:11:34',NULL),
(21,12,11,1,652,0.0134,8.7368,1,26,'2020-05-21 10:13:15','2020-05-21 11:55:32',NULL),
(22,12,11,2,8,1.1250,9.0000,1,26,'2020-05-21 10:13:15','2020-05-21 11:55:32',NULL),
(23,13,12,1,652,0.0134,8.7368,1,26,'2020-05-21 11:57:13','2020-05-21 11:57:13',NULL),
(24,13,12,2,8,1.1250,9.0000,1,26,'2020-05-21 11:57:13','2020-05-21 11:57:13',NULL),
(25,14,13,1,652,0.0134,8.7368,1,26,'2020-05-21 12:06:43','2020-05-21 12:06:43',NULL),
(26,14,13,2,8,1.1250,9.0000,1,26,'2020-05-21 12:06:43','2020-05-21 12:06:43',NULL),
(27,15,14,1,652,0.0134,8.7368,1,26,'2020-05-21 13:29:40','2020-05-21 13:29:40',NULL),
(28,15,14,2,8,1.1250,9.0000,1,26,'2020-05-21 13:29:40','2020-05-21 13:29:40',NULL),
(29,16,15,1,200,0.0134,2.6800,1,26,'2020-05-21 13:42:13','2020-05-21 13:42:13',NULL),
(30,16,15,2,100,1.1250,112.5000,1,26,'2020-05-21 13:42:13','2020-05-21 13:42:13',NULL),
(31,19,16,1,400,0.6698,267.9200,1,26,'2020-05-21 14:03:05','2020-05-21 14:03:05',NULL),
(32,19,16,2,NULL,56.7113,0.0000,0,26,'2020-05-21 14:03:05','2020-05-21 14:03:05',NULL),
(33,20,17,1,400,0.6698,267.9200,1,26,'2020-05-21 14:05:30','2020-05-21 14:08:42',NULL),
(34,20,17,2,NULL,56.7113,0.0000,0,26,'2020-05-21 14:05:30','2020-05-21 14:08:42',NULL),
(35,21,18,1,400,0.6698,267.9200,1,26,'2020-05-22 15:14:03','2020-05-22 15:14:03',NULL),
(36,21,18,2,NULL,56.7113,0.0000,0,26,'2020-05-22 15:14:03','2020-05-22 15:14:03',NULL),
(37,22,19,1,400,0.6698,267.9200,1,26,'2020-05-22 15:17:47','2020-05-22 15:17:47',NULL),
(38,22,19,2,NULL,56.7113,0.0000,0,26,'2020-05-22 15:17:47','2020-05-22 15:17:47',NULL),
(39,23,20,1,400,0.6698,267.9200,1,26,'2020-05-22 15:25:27','2020-05-22 15:25:27',NULL),
(40,23,20,2,NULL,56.7113,0.0000,0,26,'2020-05-22 15:25:27','2020-05-22 15:25:27',NULL),
(41,24,21,1,400,0.6698,267.9200,1,26,'2020-05-22 15:26:00','2020-05-22 15:26:00',NULL),
(42,24,21,2,NULL,56.7113,0.0000,0,26,'2020-05-22 15:26:00','2020-05-22 15:26:00',NULL),
(47,27,24,1,NULL,0.0134,0.0000,0,26,'2020-05-22 15:29:00','2020-05-22 15:29:00',NULL),
(48,27,24,2,NULL,1.1250,0.0000,0,26,'2020-05-22 15:29:00','2020-05-22 15:29:00',NULL),
(49,28,25,1,NULL,0.0134,0.0000,0,26,'2020-05-22 15:29:17','2020-05-22 15:29:17',NULL),
(50,28,25,2,NULL,1.1250,0.0000,0,26,'2020-05-22 15:29:17','2020-05-22 15:29:17',NULL),
(51,29,26,1,400,0.6698,267.9200,1,26,'2020-05-22 15:30:32','2020-05-22 15:39:18',NULL),
(52,29,26,2,NULL,56.7113,0.0000,0,26,'2020-05-22 15:30:32','2020-05-22 15:39:18',NULL),
(53,30,27,1,400,0.6698,267.9200,1,26,'2020-05-22 15:40:41','2020-05-22 15:40:41',NULL),
(54,30,27,2,NULL,56.7113,0.0000,0,26,'2020-05-22 15:40:41','2020-05-22 15:40:41',NULL),
(55,31,28,1,400,0.6698,267.9200,1,26,'2020-05-22 15:56:21','2020-05-22 15:56:21',NULL),
(56,31,28,2,NULL,56.7113,0.0000,0,26,'2020-05-22 15:56:21','2020-05-22 15:56:21',NULL),
(57,32,29,1,400,0.6698,267.9200,1,26,'2020-05-27 14:29:09','2020-05-27 14:29:09',NULL),
(58,32,29,2,NULL,56.7113,0.0000,0,26,'2020-05-27 14:29:09','2020-05-27 14:29:09',NULL),
(59,33,30,1,100,0.4700,47.0000,1,26,'2020-06-02 10:11:59','2020-06-02 10:11:59',NULL),
(60,34,31,1,2000,0.0094,18.8000,1,26,'2020-06-02 10:15:50','2020-06-02 10:15:50',NULL),
(61,35,32,1,2000,0.0094,18.8000,1,26,'2020-06-02 15:31:57','2020-06-02 15:31:57',NULL),
(62,36,33,1,1000,0.0094,9.4000,1,26,'2020-06-02 15:34:14','2020-06-02 15:34:14',NULL),
(63,37,34,1,NULL,0.0094,0.0000,0,26,'2020-06-02 15:38:06','2020-06-02 15:38:06',NULL),
(64,38,35,1,NULL,0.0094,0.0000,0,26,'2020-06-02 15:41:36','2020-06-02 15:41:36',NULL),
(65,39,36,1,NULL,0.0094,0.0000,0,26,'2020-06-02 15:42:01','2020-06-02 15:42:01',NULL),
(66,40,37,1,NULL,0.0094,0.0000,0,26,'2020-06-02 15:42:15','2020-06-02 15:42:15',NULL),
(67,41,38,1,NULL,0.0094,0.0000,0,26,'2020-06-02 15:42:50','2020-06-02 15:42:50',NULL),
(68,42,39,1,NULL,0.0094,0.0000,0,26,'2020-06-02 15:43:14','2020-06-02 15:43:14',NULL);

/*Table structure for table `computation_sheet_materials_primary` */

DROP TABLE IF EXISTS `computation_sheet_materials_primary`;

CREATE TABLE `computation_sheet_materials_primary` (
  `id` int(10) NOT NULL AUTO_INCREMENT,
  `cs_id` int(10) NOT NULL,
  `cs_order_materials_primary_id` int(10) NOT NULL,
  `cs_material_id` int(10) NOT NULL,
  `cs_material_outs` int(10) DEFAULT NULL,
  `cs_material_prm` int(10) DEFAULT NULL,
  `cs_material_actual` double DEFAULT NULL,
  `cs_material_total_actual` double DEFAULT NULL,
  `cs_material_actual_rate` double DEFAULT NULL,
  `cs_total_material_quantity` int(10) DEFAULT NULL,
  `cs_subtotal_material_amount` decimal(14,4) DEFAULT '0.0000',
  `employee_id` int(10) NOT NULL,
  `created_at` datetime NOT NULL,
  `updated_at` datetime DEFAULT NULL,
  `deleted_at` datetime DEFAULT NULL,
  PRIMARY KEY (`id`)
) ENGINE=InnoDB AUTO_INCREMENT=73 DEFAULT CHARSET=utf8 COMMENT='			';

/*Data for the table `computation_sheet_materials_primary` */

insert  into `computation_sheet_materials_primary`(`id`,`cs_id`,`cs_order_materials_primary_id`,`cs_material_id`,`cs_material_outs`,`cs_material_prm`,`cs_material_actual`,`cs_material_total_actual`,`cs_material_actual_rate`,`cs_total_material_quantity`,`cs_subtotal_material_amount`,`employee_id`,`created_at`,`updated_at`,`deleted_at`) values 
(1,1,42,125,100,10,120,1,1,9100,231.4000,26,'2020-05-20 08:13:41','2020-05-20 08:13:41',NULL),
(2,1,43,130,120,15,150,1,1,8200,350.0000,26,'2020-05-20 08:13:41','2020-05-20 08:13:41',NULL),
(3,2,42,125,100,10,120,1,1,9100,231.4000,26,'2020-05-20 08:15:39','2020-05-20 08:15:39',NULL),
(4,2,43,130,120,15,150,1,1,8200,350.0000,26,'2020-05-20 08:15:39','2020-05-20 08:15:39',NULL),
(7,4,42,125,100,10,120,1,1,9100,231.4000,26,'2020-05-20 08:20:43','2020-05-20 08:20:43',NULL),
(8,4,43,130,120,15,150,1,1,8200,350.0000,26,'2020-05-20 08:20:43','2020-05-20 08:20:43',NULL),
(9,5,42,125,100,10,120,1,1,910,23.1400,26,'2020-05-20 11:07:53','2020-05-20 11:07:53',NULL),
(10,5,43,130,150,20,180,1,1,812,25.0000,26,'2020-05-20 11:07:53','2020-05-20 11:07:53',NULL),
(11,6,42,125,100,10,120,1,1,910,23.1400,26,'2020-05-20 14:02:29','2020-05-20 14:02:29',NULL),
(12,6,43,130,150,20,180,1,1,812,25.0000,26,'2020-05-20 14:02:29','2020-05-20 14:02:29',NULL),
(13,7,42,125,100,10,120,1,1,910,23.1400,26,'2020-05-20 14:11:30','2020-05-20 14:11:30',NULL),
(14,7,43,130,150,20,180,1,1,812,25.0000,26,'2020-05-20 14:11:30','2020-05-20 14:11:30',NULL),
(15,8,42,125,101,11,121,1,1,912,24.1546,26,'2020-05-20 14:13:35','2020-05-21 09:54:45',NULL),
(16,8,43,130,151,21,181,1,1,815,27.5125,26,'2020-05-20 14:13:35','2020-05-21 09:54:45',NULL),
(17,9,42,125,101,11,121,1,1,912,24.1546,26,'2020-05-21 10:05:16','2020-05-21 10:05:16',NULL),
(18,9,43,130,151,21,181,1,1,815,27.5125,26,'2020-05-21 10:05:16','2020-05-21 10:05:16',NULL),
(19,10,42,125,101,11,121,1,1,912,24.1546,26,'2020-05-21 10:08:51','2020-05-21 10:08:51',NULL),
(20,10,43,130,151,21,181,1,1,815,27.5125,26,'2020-05-21 10:08:51','2020-05-21 10:08:51',NULL),
(21,11,42,125,101,11,121,1,1,912,24.1546,26,'2020-05-21 10:11:33','2020-05-21 10:11:33',NULL),
(22,11,43,130,151,21,181,1,1,815,27.5125,26,'2020-05-21 10:11:33','2020-05-21 10:11:33',NULL),
(23,12,42,125,101,11,121,1,1,912,24.1546,26,'2020-05-21 10:13:15','2020-05-21 11:55:32',NULL),
(24,12,43,130,151,21,181,1,1,815,27.5125,26,'2020-05-21 10:13:15','2020-05-21 11:55:32',NULL),
(25,13,42,125,101,11,121,1,1,912,24.1546,26,'2020-05-21 11:57:13','2020-05-21 11:57:13',NULL),
(26,13,43,130,151,21,181,1,1,815,27.5125,26,'2020-05-21 11:57:13','2020-05-21 11:57:13',NULL),
(27,14,42,125,101,11,121,1,1,912,24.1546,26,'2020-05-21 12:06:43','2020-05-21 12:06:43',NULL),
(28,14,43,130,151,21,181,1,1,815,27.5125,26,'2020-05-21 12:06:43','2020-05-21 12:06:43',NULL),
(29,15,42,125,101,11,121,1,1,912,24.1546,26,'2020-05-21 13:29:40','2020-05-21 13:29:40',NULL),
(30,15,43,130,151,21,181,1,1,815,27.5125,26,'2020-05-21 13:29:40','2020-05-21 13:29:40',NULL),
(31,16,42,125,400,20,450,1,1,450,252.9200,26,'2020-05-21 13:42:13','2020-05-21 13:42:13',NULL),
(32,16,43,130,450,25,500,1,1,300,127.5000,26,'2020-05-21 13:42:13','2020-05-21 13:42:13',NULL),
(35,19,42,125,300,30,350,1,1,500,364.2500,26,'2020-05-21 14:03:05','2020-05-21 14:03:05',NULL),
(36,19,43,130,350,25,300,1,1,350,219.3450,26,'2020-05-21 14:03:05','2020-05-21 14:03:05',NULL),
(37,20,42,125,300,30,350,1,1,500,364.2500,26,'2020-05-21 14:05:30','2020-05-21 14:08:42',NULL),
(38,20,43,130,350,25,300,1,1,350,219.3450,26,'2020-05-21 14:05:30','2020-05-21 14:08:42',NULL),
(39,21,42,125,300,30,350,1,1,500,364.2500,26,'2020-05-22 15:14:03','2020-05-22 15:14:03',NULL),
(40,21,43,130,350,25,300,1,1,350,219.3450,26,'2020-05-22 15:14:03','2020-05-22 15:14:03',NULL),
(41,22,42,125,300,30,350,1,1,500,364.2500,26,'2020-05-22 15:17:47','2020-05-22 15:17:47',NULL),
(42,22,43,130,350,25,300,1,1,350,219.3450,26,'2020-05-22 15:17:47','2020-05-22 15:17:47',NULL),
(43,23,42,125,300,30,350,1,1,500,364.2500,26,'2020-05-22 15:25:27','2020-05-22 15:25:27',NULL),
(44,23,43,130,350,25,300,1,1,350,219.3450,26,'2020-05-22 15:25:27','2020-05-22 15:25:27',NULL),
(45,24,42,125,300,30,350,1,1,500,364.2500,26,'2020-05-22 15:26:00','2020-05-22 15:26:00',NULL),
(46,24,43,130,350,25,300,1,1,350,219.3450,26,'2020-05-22 15:26:00','2020-05-22 15:26:00',NULL),
(51,27,42,125,NULL,NULL,NULL,1,1,4000,58.4000,26,'2020-05-22 15:29:00','2020-05-22 15:29:00',NULL),
(52,27,43,130,NULL,NULL,NULL,1,1,0,0.0000,26,'2020-05-22 15:29:00','2020-05-22 15:29:00',NULL),
(53,28,42,125,NULL,NULL,NULL,1,1,4000,58.4000,26,'2020-05-22 15:29:17','2020-05-22 15:29:17',NULL),
(54,28,43,130,NULL,NULL,NULL,1,1,0,0.0000,26,'2020-05-22 15:29:17','2020-05-22 15:29:17',NULL),
(55,29,42,125,300,30,350,1,1,500,364.2500,26,'2020-05-22 15:30:32','2020-05-22 15:39:18',NULL),
(56,29,43,130,350,25,300,1,1,350,219.3450,26,'2020-05-22 15:30:32','2020-05-22 15:39:18',NULL),
(57,30,42,125,300,30,350,1,1,500,364.2500,26,'2020-05-22 15:40:41','2020-05-22 15:40:41',NULL),
(58,30,43,130,350,25,300,1,1,350,219.3450,26,'2020-05-22 15:40:41','2020-05-22 15:40:41',NULL),
(59,31,42,125,300,30,350,1,1,500,364.2500,26,'2020-05-22 15:56:21','2020-05-22 15:56:21',NULL),
(60,31,43,130,350,25,300,1,1,350,219.3450,26,'2020-05-22 15:56:21','2020-05-22 15:56:21',NULL),
(61,32,42,125,300,30,350,1,1,500,364.2500,26,'2020-05-27 14:29:09','2020-05-27 14:29:09',NULL),
(62,32,43,130,350,25,300,1,1,350,219.3450,26,'2020-05-27 14:29:09','2020-05-27 14:29:09',NULL),
(63,33,44,125,200,10,100,1,1,100,5041.0000,26,'2020-06-02 10:11:59','2020-06-02 10:11:59',NULL),
(64,34,44,125,NULL,NULL,NULL,1,1,2000,29.2000,26,'2020-06-02 10:15:50','2020-06-02 10:15:50',NULL),
(65,35,46,125,2000,100,1900,1,1,2000,29.2000,26,'2020-06-02 15:31:57','2020-06-02 15:31:57',NULL),
(66,36,46,125,1000,50,900,1,1,1000,14.6000,26,'2020-06-02 15:34:14','2020-06-02 15:34:14',NULL),
(67,37,46,125,NULL,NULL,NULL,1,1,3000,43.8000,26,'2020-06-02 15:38:05','2020-06-02 15:38:05',NULL),
(68,38,46,125,NULL,NULL,NULL,1,1,3000,43.8000,26,'2020-06-02 15:41:36','2020-06-02 15:41:36',NULL),
(69,39,46,125,NULL,NULL,NULL,1,1,3000,43.8000,26,'2020-06-02 15:42:01','2020-06-02 15:42:01',NULL),
(70,40,46,125,NULL,NULL,NULL,1,1,3000,43.8000,26,'2020-06-02 15:42:15','2020-06-02 15:42:15',NULL),
(71,41,46,125,NULL,NULL,NULL,1,1,3000,43.8000,26,'2020-06-02 15:42:50','2020-06-02 15:42:50',NULL),
(72,42,46,125,NULL,NULL,NULL,1,1,3000,43.8000,26,'2020-06-02 15:43:14','2020-06-02 15:43:14',NULL);

/*Table structure for table `computation_sheet_materials_primary_supplier` */

DROP TABLE IF EXISTS `computation_sheet_materials_primary_supplier`;

CREATE TABLE `computation_sheet_materials_primary_supplier` (
  `id` int(10) NOT NULL AUTO_INCREMENT,
  `cs_id` int(10) NOT NULL,
  `cs_materials_primary_id` int(10) NOT NULL,
  `cs_materials_primary_supplier_id` int(10) NOT NULL,
  `supplier_material_quantity` int(10) DEFAULT NULL,
  `supplier_material_amount` decimal(14,4) DEFAULT '0.0000',
  `supplier_material_total` decimal(14,4) DEFAULT '0.0000',
  `is_selected` tinyint(1) NOT NULL,
  `employee_id` int(10) NOT NULL,
  `created_at` datetime NOT NULL,
  `updated_at` datetime DEFAULT NULL,
  `deleted_at` datetime DEFAULT NULL,
  PRIMARY KEY (`id`)
) ENGINE=InnoDB AUTO_INCREMENT=139 DEFAULT CHARSET=utf8 COMMENT='			';

/*Data for the table `computation_sheet_materials_primary_supplier` */

insert  into `computation_sheet_materials_primary_supplier`(`id`,`cs_id`,`cs_materials_primary_id`,`cs_materials_primary_supplier_id`,`supplier_material_quantity`,`supplier_material_amount`,`supplier_material_total`,`is_selected`,`employee_id`,`created_at`,`updated_at`,`deleted_at`) values 
(1,1,1,1,9000,0.0146,131.4000,0,26,'2020-05-20 08:13:41','2020-05-20 08:13:41',NULL),
(2,1,1,2,100,1.0000,100.0000,0,26,'2020-05-20 08:13:41','2020-05-20 08:13:41',NULL),
(3,1,2,1,8000,0.0125,100.0000,0,26,'2020-05-20 08:13:41','2020-05-20 08:13:41',NULL),
(4,1,2,2,200,1.2500,250.0000,0,26,'2020-05-20 08:13:41','2020-05-20 08:13:41',NULL),
(5,2,3,1,9000,0.0146,131.4000,0,26,'2020-05-20 08:15:39','2020-05-20 08:15:39',NULL),
(6,2,3,2,100,1.0000,100.0000,0,26,'2020-05-20 08:15:39','2020-05-20 08:15:39',NULL),
(7,2,4,1,8000,0.0125,100.0000,0,26,'2020-05-20 08:15:39','2020-05-20 08:15:39',NULL),
(8,2,4,2,200,1.2500,250.0000,0,26,'2020-05-20 08:15:39','2020-05-20 08:15:39',NULL),
(9,4,7,1,9000,0.0146,131.4000,0,26,'2020-05-20 08:20:43','2020-05-20 08:20:43',NULL),
(10,4,7,2,100,1.0000,100.0000,0,26,'2020-05-20 08:20:43','2020-05-20 08:20:43',NULL),
(11,4,8,1,8000,0.0125,100.0000,0,26,'2020-05-20 08:20:43','2020-05-20 08:20:43',NULL),
(12,4,8,2,200,1.2500,250.0000,0,26,'2020-05-20 08:20:43','2020-05-20 08:20:43',NULL),
(13,5,9,1,900,0.0146,13.1400,0,26,'2020-05-20 11:07:53','2020-05-20 11:07:53',NULL),
(14,5,9,2,10,1.0000,10.0000,0,26,'2020-05-20 11:07:53','2020-05-20 11:07:53',NULL),
(15,5,10,1,800,0.0125,10.0000,0,26,'2020-05-20 11:07:53','2020-05-20 11:07:53',NULL),
(16,5,10,2,12,1.2500,15.0000,0,26,'2020-05-20 11:07:53','2020-05-20 11:07:53',NULL),
(17,6,11,1,900,0.0146,13.1400,0,26,'2020-05-20 14:02:29','2020-05-20 14:02:29',NULL),
(18,6,11,2,10,1.0000,10.0000,0,26,'2020-05-20 14:02:29','2020-05-20 14:02:29',NULL),
(19,6,12,1,800,0.0125,10.0000,0,26,'2020-05-20 14:02:29','2020-05-20 14:02:29',NULL),
(20,6,12,2,12,1.2500,15.0000,0,26,'2020-05-20 14:02:29','2020-05-20 14:02:29',NULL),
(21,7,13,1,900,0.0146,13.1400,1,26,'2020-05-20 14:11:30','2020-05-20 14:11:30',NULL),
(22,7,13,2,10,1.0000,10.0000,1,26,'2020-05-20 14:11:30','2020-05-20 14:11:30',NULL),
(23,7,14,1,800,0.0125,10.0000,1,26,'2020-05-20 14:11:30','2020-05-20 14:11:30',NULL),
(24,7,14,2,12,1.2500,15.0000,1,26,'2020-05-20 14:11:30','2020-05-20 14:11:30',NULL),
(25,8,15,1,901,0.0146,13.1546,1,26,'2020-05-20 14:13:35','2020-05-21 09:54:45',NULL),
(26,8,15,2,11,1.0000,11.0000,1,26,'2020-05-20 14:13:35','2020-05-21 09:54:45',NULL),
(27,8,16,1,801,0.0125,10.0125,1,26,'2020-05-20 14:13:35','2020-05-21 09:54:45',NULL),
(28,8,16,2,14,1.2500,17.5000,1,26,'2020-05-20 14:13:35','2020-05-21 09:54:45',NULL),
(29,9,17,1,901,0.0146,13.1546,1,26,'2020-05-21 10:05:16','2020-05-21 10:05:16',NULL),
(30,9,17,2,11,1.0000,11.0000,1,26,'2020-05-21 10:05:16','2020-05-21 10:05:16',NULL),
(31,9,18,1,801,0.0125,10.0125,1,26,'2020-05-21 10:05:16','2020-05-21 10:05:16',NULL),
(32,9,18,2,14,1.2500,17.5000,1,26,'2020-05-21 10:05:16','2020-05-21 10:05:16',NULL),
(33,10,19,1,901,0.0146,13.1546,1,26,'2020-05-21 10:08:51','2020-05-21 10:08:51',NULL),
(34,10,19,2,11,1.0000,11.0000,1,26,'2020-05-21 10:08:51','2020-05-21 10:08:51',NULL),
(35,10,20,1,801,0.0125,10.0125,1,26,'2020-05-21 10:08:51','2020-05-21 10:08:51',NULL),
(36,10,20,2,14,1.2500,17.5000,1,26,'2020-05-21 10:08:51','2020-05-21 10:08:51',NULL),
(37,11,21,1,901,0.0146,13.1546,1,26,'2020-05-21 10:11:33','2020-05-21 10:11:33',NULL),
(38,11,21,2,11,1.0000,11.0000,1,26,'2020-05-21 10:11:33','2020-05-21 10:11:33',NULL),
(39,11,22,1,801,0.0125,10.0125,1,26,'2020-05-21 10:11:33','2020-05-21 10:11:33',NULL),
(40,11,22,2,14,1.2500,17.5000,1,26,'2020-05-21 10:11:33','2020-05-21 10:11:33',NULL),
(41,12,23,1,901,0.0146,13.1546,1,26,'2020-05-21 10:13:15','2020-05-21 11:55:32',NULL),
(42,12,23,2,11,1.0000,11.0000,1,26,'2020-05-21 10:13:15','2020-05-21 11:55:32',NULL),
(43,12,24,1,801,0.0125,10.0125,1,26,'2020-05-21 10:13:15','2020-05-21 11:55:32',NULL),
(44,12,24,2,14,1.2500,17.5000,1,26,'2020-05-21 10:13:15','2020-05-21 11:55:32',NULL),
(45,13,25,1,901,0.0146,13.1546,1,26,'2020-05-21 11:57:13','2020-05-21 11:57:13',NULL),
(46,13,25,2,11,1.0000,11.0000,1,26,'2020-05-21 11:57:13','2020-05-21 11:57:13',NULL),
(47,13,26,1,801,0.0125,10.0125,1,26,'2020-05-21 11:57:13','2020-05-21 11:57:13',NULL),
(48,13,26,2,14,1.2500,17.5000,1,26,'2020-05-21 11:57:13','2020-05-21 11:57:13',NULL),
(49,14,27,1,901,0.0146,13.1546,1,26,'2020-05-21 12:06:43','2020-05-21 12:06:43',NULL),
(50,14,27,2,11,1.0000,11.0000,1,26,'2020-05-21 12:06:43','2020-05-21 12:06:43',NULL),
(51,14,28,1,801,0.0125,10.0125,1,26,'2020-05-21 12:06:43','2020-05-21 12:06:43',NULL),
(52,14,28,2,14,1.2500,17.5000,1,26,'2020-05-21 12:06:43','2020-05-21 12:06:43',NULL),
(53,15,29,1,901,0.0146,13.1546,1,26,'2020-05-21 13:29:40','2020-05-21 13:29:40',NULL),
(54,15,29,2,11,1.0000,11.0000,1,26,'2020-05-21 13:29:40','2020-05-21 13:29:40',NULL),
(55,15,30,1,801,0.0125,10.0125,1,26,'2020-05-21 13:29:40','2020-05-21 13:29:40',NULL),
(56,15,30,2,14,1.2500,17.5000,1,26,'2020-05-21 13:29:40','2020-05-21 13:29:40',NULL),
(57,16,31,1,200,0.0146,2.9200,1,26,'2020-05-21 13:42:13','2020-05-21 13:42:13',NULL),
(58,16,31,2,250,1.0000,250.0000,1,26,'2020-05-21 13:42:13','2020-05-21 13:42:13',NULL),
(59,16,32,1,200,0.0125,2.5000,1,26,'2020-05-21 13:42:13','2020-05-21 13:42:13',NULL),
(60,16,32,2,100,1.2500,125.0000,1,26,'2020-05-21 13:42:13','2020-05-21 13:42:13',NULL),
(63,19,35,1,500,0.7285,364.2500,1,26,'2020-05-21 14:03:05','2020-05-21 14:03:05',NULL),
(64,19,35,2,NULL,50.4100,0.0000,0,26,'2020-05-21 14:03:05','2020-05-21 14:03:05',NULL),
(65,19,36,1,350,0.6267,219.3450,1,26,'2020-05-21 14:03:05','2020-05-21 14:03:05',NULL),
(66,19,36,2,NULL,63.0125,0.0000,0,26,'2020-05-21 14:03:05','2020-05-21 14:03:05',NULL),
(67,20,37,1,500,0.7285,364.2500,1,26,'2020-05-21 14:05:30','2020-05-21 14:08:42',NULL),
(68,20,37,2,NULL,50.4100,0.0000,0,26,'2020-05-21 14:05:30','2020-05-21 14:08:42',NULL),
(69,20,38,1,350,0.6267,219.3450,1,26,'2020-05-21 14:05:30','2020-05-21 14:08:42',NULL),
(70,20,38,2,NULL,63.0125,0.0000,0,26,'2020-05-21 14:05:30','2020-05-21 14:08:42',NULL),
(71,21,39,1,500,0.7285,364.2500,1,26,'2020-05-22 15:14:03','2020-05-22 15:14:03',NULL),
(72,21,39,2,NULL,50.4100,0.0000,0,26,'2020-05-22 15:14:03','2020-05-22 15:14:03',NULL),
(73,21,40,1,350,0.6267,219.3450,1,26,'2020-05-22 15:14:03','2020-05-22 15:14:03',NULL),
(74,21,40,2,NULL,63.0125,0.0000,0,26,'2020-05-22 15:14:03','2020-05-22 15:14:03',NULL),
(75,22,41,1,500,0.7285,364.2500,1,26,'2020-05-22 15:17:47','2020-05-22 15:17:47',NULL),
(76,22,41,2,NULL,50.4100,0.0000,0,26,'2020-05-22 15:17:47','2020-05-22 15:17:47',NULL),
(77,22,42,1,350,0.6267,219.3450,1,26,'2020-05-22 15:17:47','2020-05-22 15:17:47',NULL),
(78,22,42,2,NULL,63.0125,0.0000,0,26,'2020-05-22 15:17:47','2020-05-22 15:17:47',NULL),
(79,23,43,1,500,0.7285,364.2500,1,26,'2020-05-22 15:25:27','2020-05-22 15:25:27',NULL),
(80,23,43,2,NULL,50.4100,0.0000,0,26,'2020-05-22 15:25:27','2020-05-22 15:25:27',NULL),
(81,23,44,1,350,0.6267,219.3450,1,26,'2020-05-22 15:25:27','2020-05-22 15:25:27',NULL),
(82,23,44,2,NULL,63.0125,0.0000,0,26,'2020-05-22 15:25:27','2020-05-22 15:25:27',NULL),
(83,24,45,1,500,0.7285,364.2500,1,26,'2020-05-22 15:26:00','2020-05-22 15:26:00',NULL),
(84,24,45,2,NULL,50.4100,0.0000,0,26,'2020-05-22 15:26:00','2020-05-22 15:26:00',NULL),
(85,24,46,1,350,0.6267,219.3450,1,26,'2020-05-22 15:26:00','2020-05-22 15:26:00',NULL),
(86,24,46,2,NULL,63.0125,0.0000,0,26,'2020-05-22 15:26:00','2020-05-22 15:26:00',NULL),
(95,27,51,1,4000,0.0146,58.4000,1,26,'2020-05-22 15:29:00','2020-05-22 15:29:00',NULL),
(96,27,51,2,NULL,1.0000,0.0000,0,26,'2020-05-22 15:29:00','2020-05-22 15:29:00',NULL),
(97,27,52,1,NULL,0.0125,0.0000,0,26,'2020-05-22 15:29:00','2020-05-22 15:29:00',NULL),
(98,27,52,2,NULL,1.2500,0.0000,0,26,'2020-05-22 15:29:00','2020-05-22 15:29:00',NULL),
(99,28,53,1,4000,0.0146,58.4000,1,26,'2020-05-22 15:29:17','2020-05-22 15:29:17',NULL),
(100,28,53,2,NULL,1.0000,0.0000,0,26,'2020-05-22 15:29:17','2020-05-22 15:29:17',NULL),
(101,28,54,1,NULL,0.0125,0.0000,0,26,'2020-05-22 15:29:17','2020-05-22 15:29:17',NULL),
(102,28,54,2,NULL,1.2500,0.0000,0,26,'2020-05-22 15:29:17','2020-05-22 15:29:17',NULL),
(103,29,55,1,500,0.7285,364.2500,1,26,'2020-05-22 15:30:32','2020-05-22 15:39:18',NULL),
(104,29,55,2,NULL,50.4100,0.0000,0,26,'2020-05-22 15:30:32','2020-05-22 15:39:18',NULL),
(105,29,56,1,350,0.6267,219.3450,1,26,'2020-05-22 15:30:32','2020-05-22 15:39:18',NULL),
(106,29,56,2,NULL,63.0125,0.0000,0,26,'2020-05-22 15:30:32','2020-05-22 15:39:18',NULL),
(107,30,57,1,500,0.7285,364.2500,1,26,'2020-05-22 15:40:41','2020-05-22 15:40:41',NULL),
(108,30,57,2,NULL,50.4100,0.0000,0,26,'2020-05-22 15:40:41','2020-05-22 15:40:41',NULL),
(109,30,58,1,350,0.6267,219.3450,1,26,'2020-05-22 15:40:41','2020-05-22 15:40:41',NULL),
(110,30,58,2,NULL,63.0125,0.0000,0,26,'2020-05-22 15:40:41','2020-05-22 15:40:41',NULL),
(111,31,59,1,500,0.7285,364.2500,1,26,'2020-05-22 15:56:21','2020-05-22 15:56:21',NULL),
(112,31,59,2,NULL,50.4100,0.0000,0,26,'2020-05-22 15:56:21','2020-05-22 15:56:21',NULL),
(113,31,60,1,350,0.6267,219.3450,1,26,'2020-05-22 15:56:21','2020-05-22 15:56:21',NULL),
(114,31,60,2,NULL,63.0125,0.0000,0,26,'2020-05-22 15:56:21','2020-05-22 15:56:21',NULL),
(115,32,61,1,500,0.7285,364.2500,1,26,'2020-05-27 14:29:09','2020-05-27 14:29:09',NULL),
(116,32,61,2,NULL,50.4100,0.0000,0,26,'2020-05-27 14:29:09','2020-05-27 14:29:09',NULL),
(117,32,62,1,350,0.6267,219.3450,1,26,'2020-05-27 14:29:09','2020-05-27 14:29:09',NULL),
(118,32,62,2,NULL,63.0125,0.0000,0,26,'2020-05-27 14:29:09','2020-05-27 14:29:09',NULL),
(119,33,63,1,NULL,0.7285,0.0000,0,26,'2020-06-02 10:11:59','2020-06-02 10:11:59',NULL),
(120,33,63,2,100,50.4100,5041.0000,1,26,'2020-06-02 10:11:59','2020-06-02 10:11:59',NULL),
(121,34,64,1,2000,0.0146,29.2000,1,26,'2020-06-02 10:15:50','2020-06-02 10:15:50',NULL),
(122,34,64,2,NULL,1.0000,0.0000,0,26,'2020-06-02 10:15:50','2020-06-02 10:15:50',NULL),
(123,35,65,1,2000,0.0146,29.2000,1,26,'2020-06-02 15:31:57','2020-06-02 15:31:57',NULL),
(124,35,65,2,NULL,1.0000,0.0000,0,26,'2020-06-02 15:31:57','2020-06-02 15:31:57',NULL),
(125,36,66,1,1000,0.0146,14.6000,1,26,'2020-06-02 15:34:14','2020-06-02 15:34:14',NULL),
(126,36,66,2,NULL,1.0000,0.0000,0,26,'2020-06-02 15:34:14','2020-06-02 15:34:14',NULL),
(127,37,67,1,3000,0.0146,43.8000,1,26,'2020-06-02 15:38:06','2020-06-02 15:38:06',NULL),
(128,37,67,2,NULL,1.0000,0.0000,0,26,'2020-06-02 15:38:06','2020-06-02 15:38:06',NULL),
(129,38,68,1,3000,0.0146,43.8000,1,26,'2020-06-02 15:41:36','2020-06-02 15:41:36',NULL),
(130,38,68,2,NULL,1.0000,0.0000,0,26,'2020-06-02 15:41:36','2020-06-02 15:41:36',NULL),
(131,39,69,1,3000,0.0146,43.8000,1,26,'2020-06-02 15:42:01','2020-06-02 15:42:01',NULL),
(132,39,69,2,NULL,1.0000,0.0000,0,26,'2020-06-02 15:42:01','2020-06-02 15:42:01',NULL),
(133,40,70,1,3000,0.0146,43.8000,1,26,'2020-06-02 15:42:15','2020-06-02 15:42:15',NULL),
(134,40,70,2,NULL,1.0000,0.0000,0,26,'2020-06-02 15:42:15','2020-06-02 15:42:15',NULL),
(135,41,71,1,3000,0.0146,43.8000,1,26,'2020-06-02 15:42:50','2020-06-02 15:42:50',NULL),
(136,41,71,2,NULL,1.0000,0.0000,0,26,'2020-06-02 15:42:50','2020-06-02 15:42:50',NULL),
(137,42,72,1,3000,0.0146,43.8000,1,26,'2020-06-02 15:43:14','2020-06-02 15:43:14',NULL),
(138,42,72,2,NULL,1.0000,0.0000,0,26,'2020-06-02 15:43:14','2020-06-02 15:43:14',NULL);

/*Table structure for table `computation_sheet_materials_secondary` */

DROP TABLE IF EXISTS `computation_sheet_materials_secondary`;

CREATE TABLE `computation_sheet_materials_secondary` (
  `id` int(10) NOT NULL AUTO_INCREMENT,
  `cs_id` int(10) NOT NULL,
  `cs_order_materials_secondary_id` int(10) NOT NULL,
  `cs_material_id` int(10) NOT NULL,
  `cs_total_material_quantity` int(10) DEFAULT NULL,
  `cs_subtotal_material_amount` decimal(14,4) DEFAULT '0.0000',
  `employee_id` int(10) NOT NULL,
  `created_at` datetime NOT NULL,
  `updated_at` datetime DEFAULT NULL,
  `deleted_at` datetime DEFAULT NULL,
  PRIMARY KEY (`id`)
) ENGINE=InnoDB AUTO_INCREMENT=71 DEFAULT CHARSET=utf8 COMMENT='			';

/*Data for the table `computation_sheet_materials_secondary` */

insert  into `computation_sheet_materials_secondary`(`id`,`cs_id`,`cs_order_materials_secondary_id`,`cs_material_id`,`cs_total_material_quantity`,`cs_subtotal_material_amount`,`employee_id`,`created_at`,`updated_at`,`deleted_at`) values 
(1,1,0,1,9700,290.8500,26,'2020-05-20 08:13:41','2020-05-20 08:13:41',NULL),
(2,1,0,2,8000,51.2000,26,'2020-05-20 08:13:41','2020-05-20 08:13:41',NULL),
(3,2,0,1,9700,290.8500,26,'2020-05-20 08:15:39','2020-05-20 08:15:39',NULL),
(4,2,0,2,8000,51.2000,26,'2020-05-20 08:15:39','2020-05-20 08:15:39',NULL),
(7,4,18,1,9700,290.8500,26,'2020-05-20 08:20:43','2020-05-20 08:20:43',NULL),
(8,4,19,2,8000,51.2000,26,'2020-05-20 08:20:43','2020-05-20 08:20:43',NULL),
(9,5,18,1,1270,30.3750,26,'2020-05-20 11:07:53','2020-05-20 11:07:53',NULL),
(10,5,19,2,1000,6.4000,26,'2020-05-20 11:07:53','2020-05-20 11:07:53',NULL),
(11,6,18,1,1270,30.3750,26,'2020-05-20 14:02:29','2020-05-20 14:02:29',NULL),
(12,6,19,2,1000,6.4000,26,'2020-05-20 14:02:29','2020-05-20 14:02:29',NULL),
(13,7,18,1,1270,30.3750,26,'2020-05-20 14:11:30','2020-05-20 14:11:30',NULL),
(14,7,19,2,1000,6.4000,26,'2020-05-20 14:11:30','2020-05-20 14:11:30',NULL),
(15,8,18,1,1272,31.6293,26,'2020-05-20 14:13:35','2020-05-21 09:54:45',NULL),
(16,8,19,2,1001,6.4064,26,'2020-05-20 14:13:35','2020-05-21 09:54:45',NULL),
(17,9,18,1,1272,31.6293,26,'2020-05-21 10:05:16','2020-05-21 10:05:16',NULL),
(18,9,19,2,1001,6.4064,26,'2020-05-21 10:05:16','2020-05-21 10:05:16',NULL),
(19,10,18,1,1272,31.6293,26,'2020-05-21 10:08:51','2020-05-21 10:08:51',NULL),
(20,10,19,2,1001,6.4064,26,'2020-05-21 10:08:51','2020-05-21 10:08:51',NULL),
(21,11,18,1,1272,31.6293,26,'2020-05-21 10:11:33','2020-05-21 10:11:33',NULL),
(22,11,19,2,1001,6.4064,26,'2020-05-21 10:11:34','2020-05-21 10:11:34',NULL),
(23,12,18,1,1272,31.6293,26,'2020-05-21 10:13:15','2020-05-21 11:55:32',NULL),
(24,12,19,2,1001,6.4064,26,'2020-05-21 10:13:15','2020-05-21 11:55:32',NULL),
(25,13,18,1,1272,31.6293,26,'2020-05-21 11:57:13','2020-05-21 11:57:13',NULL),
(26,13,19,2,1001,6.4064,26,'2020-05-21 11:57:13','2020-05-21 11:57:13',NULL),
(27,14,18,1,1272,31.6293,26,'2020-05-21 12:06:43','2020-05-21 12:06:43',NULL),
(28,14,19,2,1001,6.4064,26,'2020-05-21 12:06:43','2020-05-21 12:06:43',NULL),
(29,15,18,1,1272,31.6293,26,'2020-05-21 13:29:40','2020-05-21 13:29:40',NULL),
(30,15,19,2,1001,6.4064,26,'2020-05-21 13:29:40','2020-05-21 13:29:40',NULL),
(31,16,18,1,205,7.1100,26,'2020-05-21 13:42:13','2020-05-21 13:42:13',NULL),
(32,16,19,2,400,2.5600,26,'2020-05-21 13:42:13','2020-05-21 13:42:13',NULL),
(33,19,18,1,350,75.3900,26,'2020-05-21 14:03:05','2020-05-21 14:03:05',NULL),
(34,19,19,2,0,0.0000,26,'2020-05-21 14:03:05','2020-05-21 14:03:05',NULL),
(35,20,18,1,350,75.3900,26,'2020-05-21 14:05:30','2020-05-21 14:08:42',NULL),
(36,20,19,2,0,0.0000,26,'2020-05-21 14:05:30','2020-05-21 14:08:42',NULL),
(37,21,18,1,350,75.3900,26,'2020-05-22 15:14:03','2020-05-22 15:14:03',NULL),
(38,21,19,2,0,0.0000,26,'2020-05-22 15:14:03','2020-05-22 15:14:03',NULL),
(39,22,18,1,350,75.3900,26,'2020-05-22 15:17:47','2020-05-22 15:17:47',NULL),
(40,22,19,2,0,0.0000,26,'2020-05-22 15:17:47','2020-05-22 15:17:47',NULL),
(41,23,18,1,350,75.3900,26,'2020-05-22 15:25:27','2020-05-22 15:25:27',NULL),
(42,23,19,2,0,0.0000,26,'2020-05-22 15:25:27','2020-05-22 15:25:27',NULL),
(43,24,18,1,350,75.3900,26,'2020-05-22 15:26:00','2020-05-22 15:26:00',NULL),
(44,24,19,2,0,0.0000,26,'2020-05-22 15:26:00','2020-05-22 15:26:00',NULL),
(49,27,18,1,0,0.0000,26,'2020-05-22 15:29:00','2020-05-22 15:29:00',NULL),
(50,27,19,2,0,0.0000,26,'2020-05-22 15:29:00','2020-05-22 15:29:00',NULL),
(51,28,18,1,0,0.0000,26,'2020-05-22 15:29:17','2020-05-22 15:29:17',NULL),
(52,28,19,2,0,0.0000,26,'2020-05-22 15:29:17','2020-05-22 15:29:17',NULL),
(53,29,18,1,350,75.3900,26,'2020-05-22 15:30:32','2020-05-22 15:39:18',NULL),
(54,29,19,2,0,0.0000,26,'2020-05-22 15:30:32','2020-05-22 15:39:18',NULL),
(55,30,18,1,350,75.3900,26,'2020-05-22 15:40:41','2020-05-22 15:40:41',NULL),
(56,30,19,2,0,0.0000,26,'2020-05-22 15:40:41','2020-05-22 15:40:41',NULL),
(57,31,18,1,350,75.3900,26,'2020-05-22 15:56:21','2020-05-22 15:56:21',NULL),
(58,31,19,2,0,0.0000,26,'2020-05-22 15:56:21','2020-05-22 15:56:21',NULL),
(59,32,18,1,350,75.3900,26,'2020-05-27 14:29:09','2020-05-27 14:29:09',NULL),
(60,32,19,2,0,0.0000,26,'2020-05-27 14:29:09','2020-05-27 14:29:09',NULL),
(61,33,20,1,100,6301.2500,26,'2020-06-02 10:11:59','2020-06-02 10:11:59',NULL),
(62,34,20,1,2000,8.6000,26,'2020-06-02 10:15:50','2020-06-02 10:15:50',NULL),
(63,35,22,1,2000,8.6000,26,'2020-06-02 15:31:57','2020-06-02 15:31:57',NULL),
(64,36,22,1,0,0.0000,26,'2020-06-02 15:34:14','2020-06-02 15:34:14',NULL),
(65,37,22,1,3000,12.9000,26,'2020-06-02 15:38:06','2020-06-02 15:38:06',NULL),
(66,38,22,1,3000,12.9000,26,'2020-06-02 15:41:36','2020-06-02 15:41:36',NULL),
(67,39,22,1,3000,12.9000,26,'2020-06-02 15:42:01','2020-06-02 15:42:01',NULL),
(68,40,22,1,3000,12.9000,26,'2020-06-02 15:42:15','2020-06-02 15:42:15',NULL),
(69,41,22,1,3000,12.9000,26,'2020-06-02 15:42:50','2020-06-02 15:42:50',NULL),
(70,42,22,1,3000,12.9000,26,'2020-06-02 15:43:14','2020-06-02 15:43:14',NULL);

/*Table structure for table `computation_sheet_materials_secondary_supplier` */

DROP TABLE IF EXISTS `computation_sheet_materials_secondary_supplier`;

CREATE TABLE `computation_sheet_materials_secondary_supplier` (
  `id` int(10) NOT NULL AUTO_INCREMENT,
  `cs_id` int(10) NOT NULL,
  `cs_materials_secondary_id` int(10) NOT NULL,
  `cs_materials_secondary_supplier_id` int(10) NOT NULL,
  `supplier_material_quantity` int(10) DEFAULT NULL,
  `supplier_material_amount` decimal(14,4) DEFAULT '0.0000',
  `supplier_material_total` decimal(14,4) DEFAULT '0.0000',
  `is_selected` tinyint(1) NOT NULL,
  `employee_id` int(10) NOT NULL,
  `created_at` datetime NOT NULL,
  `updated_at` datetime DEFAULT NULL,
  `deleted_at` datetime DEFAULT NULL,
  PRIMARY KEY (`id`)
) ENGINE=InnoDB AUTO_INCREMENT=111 DEFAULT CHARSET=utf8 COMMENT='			';

/*Data for the table `computation_sheet_materials_secondary_supplier` */

insert  into `computation_sheet_materials_secondary_supplier`(`id`,`cs_id`,`cs_materials_secondary_id`,`cs_materials_secondary_supplier_id`,`supplier_material_quantity`,`supplier_material_amount`,`supplier_material_total`,`is_selected`,`employee_id`,`created_at`,`updated_at`,`deleted_at`) values 
(1,1,1,1,9500,0.0043,40.8500,0,26,'2020-05-20 08:13:41','2020-05-20 08:13:41',NULL),
(2,1,1,2,200,1.2500,250.0000,0,26,'2020-05-20 08:13:41','2020-05-20 08:13:41',NULL),
(3,1,2,1,8000,0.0064,51.2000,0,26,'2020-05-20 08:13:41','2020-05-20 08:13:41',NULL),
(4,2,3,1,9500,0.0043,40.8500,0,26,'2020-05-20 08:15:39','2020-05-20 08:15:39',NULL),
(5,2,3,2,200,1.2500,250.0000,0,26,'2020-05-20 08:15:39','2020-05-20 08:15:39',NULL),
(6,2,4,1,8000,0.0064,51.2000,0,26,'2020-05-20 08:15:39','2020-05-20 08:15:39',NULL),
(10,4,7,1,9500,0.0043,40.8500,0,26,'2020-05-20 08:20:43','2020-05-20 08:20:43',NULL),
(11,4,7,2,200,1.2500,250.0000,0,26,'2020-05-20 08:20:43','2020-05-20 08:20:43',NULL),
(12,4,8,1,8000,0.0064,51.2000,0,26,'2020-05-20 08:20:43','2020-05-20 08:20:43',NULL),
(13,5,9,1,1250,0.0043,5.3750,0,26,'2020-05-20 11:07:53','2020-05-20 11:07:53',NULL),
(14,5,9,2,20,1.2500,25.0000,0,26,'2020-05-20 11:07:53','2020-05-20 11:07:53',NULL),
(15,5,10,1,1000,0.0064,6.4000,0,26,'2020-05-20 11:07:53','2020-05-20 11:07:53',NULL),
(16,6,11,1,1250,0.0043,5.3750,0,26,'2020-05-20 14:02:29','2020-05-20 14:02:29',NULL),
(17,6,11,2,20,1.2500,25.0000,0,26,'2020-05-20 14:02:29','2020-05-20 14:02:29',NULL),
(18,6,12,1,1000,0.0064,6.4000,0,26,'2020-05-20 14:02:29','2020-05-20 14:02:29',NULL),
(19,7,13,1,1250,0.0043,5.3750,1,26,'2020-05-20 14:11:30','2020-05-20 14:11:30',NULL),
(20,7,13,2,20,1.2500,25.0000,1,26,'2020-05-20 14:11:30','2020-05-20 14:11:30',NULL),
(21,7,14,1,1000,0.0064,6.4000,1,26,'2020-05-20 14:11:30','2020-05-20 14:11:30',NULL),
(22,8,15,1,1251,0.0043,5.3793,1,26,'2020-05-20 14:13:35','2020-05-21 09:54:45',NULL),
(23,8,15,2,21,1.2500,26.2500,1,26,'2020-05-20 14:13:35','2020-05-21 09:54:45',NULL),
(24,8,16,1,1001,0.0064,6.4064,1,26,'2020-05-20 14:13:35','2020-05-21 09:54:45',NULL),
(25,9,17,1,1251,0.0043,5.3793,1,26,'2020-05-21 10:05:16','2020-05-21 10:05:16',NULL),
(26,9,17,2,21,1.2500,26.2500,1,26,'2020-05-21 10:05:16','2020-05-21 10:05:16',NULL),
(27,9,18,1,1001,0.0064,6.4064,1,26,'2020-05-21 10:05:16','2020-05-21 10:05:16',NULL),
(28,10,19,1,1251,0.0043,5.3793,1,26,'2020-05-21 10:08:51','2020-05-21 10:08:51',NULL),
(29,10,19,2,21,1.2500,26.2500,1,26,'2020-05-21 10:08:51','2020-05-21 10:08:51',NULL),
(30,10,20,1,1001,0.0064,6.4064,1,26,'2020-05-21 10:08:51','2020-05-21 10:08:51',NULL),
(31,11,21,1,1251,0.0043,5.3793,1,26,'2020-05-21 10:11:34','2020-05-21 10:11:34',NULL),
(32,11,21,2,21,1.2500,26.2500,1,26,'2020-05-21 10:11:34','2020-05-21 10:11:34',NULL),
(33,11,22,1,1001,0.0064,6.4064,1,26,'2020-05-21 10:11:34','2020-05-21 10:11:34',NULL),
(34,12,23,1,1251,0.0043,5.3793,1,26,'2020-05-21 10:13:15','2020-05-21 11:55:32',NULL),
(35,12,23,2,21,1.2500,26.2500,1,26,'2020-05-21 10:13:15','2020-05-21 11:55:32',NULL),
(36,12,24,1,1001,0.0064,6.4064,1,26,'2020-05-21 10:13:15','2020-05-21 11:55:32',NULL),
(37,13,25,1,1251,0.0043,5.3793,1,26,'2020-05-21 11:57:13','2020-05-21 11:57:13',NULL),
(38,13,25,2,21,1.2500,26.2500,1,26,'2020-05-21 11:57:13','2020-05-21 11:57:13',NULL),
(39,13,26,1,1001,0.0064,6.4064,1,26,'2020-05-21 11:57:13','2020-05-21 11:57:13',NULL),
(40,14,27,1,1251,0.0043,5.3793,1,26,'2020-05-21 12:06:43','2020-05-21 12:06:43',NULL),
(41,14,27,2,21,1.2500,26.2500,1,26,'2020-05-21 12:06:43','2020-05-21 12:06:43',NULL),
(42,14,28,1,1001,0.0064,6.4064,1,26,'2020-05-21 12:06:43','2020-05-21 12:06:43',NULL),
(43,15,29,1,1251,0.0043,5.3793,1,26,'2020-05-21 13:29:40','2020-05-21 13:29:40',NULL),
(44,15,29,2,21,1.2500,26.2500,1,26,'2020-05-21 13:29:40','2020-05-21 13:29:40',NULL),
(45,15,30,1,1001,0.0064,6.4064,1,26,'2020-05-21 13:29:40','2020-05-21 13:29:40',NULL),
(46,16,31,1,200,0.0043,0.8600,1,26,'2020-05-21 13:42:13','2020-05-21 13:42:13',NULL),
(47,16,31,2,5,1.2500,6.2500,1,26,'2020-05-21 13:42:13','2020-05-21 13:42:13',NULL),
(48,16,32,1,400,0.0064,2.5600,1,26,'2020-05-21 13:42:13','2020-05-21 13:42:13',NULL),
(49,19,33,1,350,0.2154,75.3900,1,26,'2020-05-21 14:03:05','2020-05-21 14:03:05',NULL),
(50,19,33,2,NULL,63.0125,0.0000,0,26,'2020-05-21 14:03:05','2020-05-21 14:03:05',NULL),
(51,19,34,1,NULL,0.3196,0.0000,0,26,'2020-05-21 14:03:05','2020-05-21 14:03:05',NULL),
(52,20,35,1,350,0.2154,75.3900,1,26,'2020-05-21 14:05:30','2020-05-21 14:08:42',NULL),
(53,20,35,2,NULL,63.0125,0.0000,0,26,'2020-05-21 14:05:30','2020-05-21 14:08:42',NULL),
(54,20,36,1,NULL,0.3196,0.0000,0,26,'2020-05-21 14:05:30','2020-05-21 14:08:42',NULL),
(55,21,37,1,350,0.2154,75.3900,1,26,'2020-05-22 15:14:03','2020-05-22 15:14:03',NULL),
(56,21,37,2,NULL,63.0125,0.0000,0,26,'2020-05-22 15:14:03','2020-05-22 15:14:03',NULL),
(57,21,38,1,NULL,0.3196,0.0000,0,26,'2020-05-22 15:14:03','2020-05-22 15:14:03',NULL),
(58,22,39,1,350,0.2154,75.3900,1,26,'2020-05-22 15:17:47','2020-05-22 15:17:47',NULL),
(59,22,39,2,NULL,63.0125,0.0000,0,26,'2020-05-22 15:17:47','2020-05-22 15:17:47',NULL),
(60,22,40,1,NULL,0.3196,0.0000,0,26,'2020-05-22 15:17:47','2020-05-22 15:17:47',NULL),
(61,23,41,1,350,0.2154,75.3900,1,26,'2020-05-22 15:25:27','2020-05-22 15:25:27',NULL),
(62,23,41,2,NULL,63.0125,0.0000,0,26,'2020-05-22 15:25:27','2020-05-22 15:25:27',NULL),
(63,23,42,1,NULL,0.3196,0.0000,0,26,'2020-05-22 15:25:27','2020-05-22 15:25:27',NULL),
(64,24,43,1,350,0.2154,75.3900,1,26,'2020-05-22 15:26:00','2020-05-22 15:26:00',NULL),
(65,24,43,2,NULL,63.0125,0.0000,0,26,'2020-05-22 15:26:00','2020-05-22 15:26:00',NULL),
(66,24,44,1,NULL,0.3196,0.0000,0,26,'2020-05-22 15:26:00','2020-05-22 15:26:00',NULL),
(73,27,49,1,NULL,0.0043,0.0000,0,26,'2020-05-22 15:29:00','2020-05-22 15:29:00',NULL),
(74,27,49,2,NULL,1.2500,0.0000,0,26,'2020-05-22 15:29:00','2020-05-22 15:29:00',NULL),
(75,27,50,1,NULL,0.0064,0.0000,0,26,'2020-05-22 15:29:00','2020-05-22 15:29:00',NULL),
(76,28,51,1,NULL,0.0043,0.0000,0,26,'2020-05-22 15:29:17','2020-05-22 15:29:17',NULL),
(77,28,51,2,NULL,1.2500,0.0000,0,26,'2020-05-22 15:29:17','2020-05-22 15:29:17',NULL),
(78,28,52,1,NULL,0.0064,0.0000,0,26,'2020-05-22 15:29:17','2020-05-22 15:29:17',NULL),
(79,29,53,1,350,0.2154,75.3900,1,26,'2020-05-22 15:30:32','2020-05-22 15:39:18',NULL),
(80,29,53,2,NULL,63.0125,0.0000,0,26,'2020-05-22 15:30:32','2020-05-22 15:39:18',NULL),
(81,29,54,1,NULL,0.3196,0.0000,0,26,'2020-05-22 15:30:32','2020-05-22 15:39:18',NULL),
(82,30,55,1,350,0.2154,75.3900,1,26,'2020-05-22 15:40:41','2020-05-22 15:40:41',NULL),
(83,30,55,2,NULL,63.0125,0.0000,0,26,'2020-05-22 15:40:41','2020-05-22 15:40:41',NULL),
(84,30,56,1,NULL,0.3196,0.0000,0,26,'2020-05-22 15:40:41','2020-05-22 15:40:41',NULL),
(85,31,57,1,350,0.2154,75.3900,1,26,'2020-05-22 15:56:21','2020-05-22 15:56:21',NULL),
(86,31,57,2,NULL,63.0125,0.0000,0,26,'2020-05-22 15:56:21','2020-05-22 15:56:21',NULL),
(87,31,58,1,NULL,0.3196,0.0000,0,26,'2020-05-22 15:56:21','2020-05-22 15:56:21',NULL),
(88,32,59,1,350,0.2154,75.3900,1,26,'2020-05-27 14:29:09','2020-05-27 14:29:09',NULL),
(89,32,59,2,NULL,63.0125,0.0000,0,26,'2020-05-27 14:29:09','2020-05-27 14:29:09',NULL),
(90,32,60,1,NULL,0.3196,0.0000,0,26,'2020-05-27 14:29:09','2020-05-27 14:29:09',NULL),
(91,33,61,1,NULL,0.2154,0.0000,0,26,'2020-06-02 10:11:59','2020-06-02 10:11:59',NULL),
(92,33,61,2,100,63.0125,6301.2500,1,26,'2020-06-02 10:11:59','2020-06-02 10:11:59',NULL),
(93,34,62,1,2000,0.0043,8.6000,1,26,'2020-06-02 10:15:50','2020-06-02 10:15:50',NULL),
(94,34,62,2,NULL,1.2500,0.0000,0,26,'2020-06-02 10:15:50','2020-06-02 10:15:50',NULL),
(95,35,63,1,2000,0.0043,8.6000,1,26,'2020-06-02 15:31:57','2020-06-02 15:31:57',NULL),
(96,35,63,2,NULL,1.2500,0.0000,0,26,'2020-06-02 15:31:57','2020-06-02 15:31:57',NULL),
(97,36,64,1,NULL,0.0043,0.0000,0,26,'2020-06-02 15:34:14','2020-06-02 15:34:14',NULL),
(98,36,64,2,NULL,1.2500,0.0000,0,26,'2020-06-02 15:34:14','2020-06-02 15:34:14',NULL),
(99,37,65,1,3000,0.0043,12.9000,1,26,'2020-06-02 15:38:06','2020-06-02 15:38:06',NULL),
(100,37,65,2,NULL,1.2500,0.0000,0,26,'2020-06-02 15:38:06','2020-06-02 15:38:06',NULL),
(101,38,66,1,3000,0.0043,12.9000,1,26,'2020-06-02 15:41:36','2020-06-02 15:41:36',NULL),
(102,38,66,2,NULL,1.2500,0.0000,0,26,'2020-06-02 15:41:36','2020-06-02 15:41:36',NULL),
(103,39,67,1,3000,0.0043,12.9000,1,26,'2020-06-02 15:42:01','2020-06-02 15:42:01',NULL),
(104,39,67,2,NULL,1.2500,0.0000,0,26,'2020-06-02 15:42:01','2020-06-02 15:42:01',NULL),
(105,40,68,1,3000,0.0043,12.9000,1,26,'2020-06-02 15:42:15','2020-06-02 15:42:15',NULL),
(106,40,68,2,NULL,1.2500,0.0000,0,26,'2020-06-02 15:42:15','2020-06-02 15:42:15',NULL),
(107,41,69,1,3000,0.0043,12.9000,1,26,'2020-06-02 15:42:50','2020-06-02 15:42:50',NULL),
(108,41,69,2,NULL,1.2500,0.0000,0,26,'2020-06-02 15:42:50','2020-06-02 15:42:50',NULL),
(109,42,70,1,3000,0.0043,12.9000,1,26,'2020-06-02 15:43:14','2020-06-02 15:43:14',NULL),
(110,42,70,2,NULL,1.2500,0.0000,0,26,'2020-06-02 15:43:14','2020-06-02 15:43:14',NULL);

/*Table structure for table `computation_sheet_materials_subcon` */

DROP TABLE IF EXISTS `computation_sheet_materials_subcon`;

CREATE TABLE `computation_sheet_materials_subcon` (
  `id` int(10) NOT NULL AUTO_INCREMENT,
  `cs_id` int(10) NOT NULL,
  `cs_order_materials_subcon_id` int(10) NOT NULL,
  `cs_material_id` int(10) NOT NULL,
  `cs_total_material_quantity` int(10) DEFAULT NULL,
  `cs_subtotal_material_amount` decimal(14,4) DEFAULT '0.0000',
  `employee_id` int(10) NOT NULL,
  `created_at` datetime NOT NULL,
  `updated_at` datetime DEFAULT NULL,
  `deleted_at` datetime DEFAULT NULL,
  PRIMARY KEY (`id`)
) ENGINE=InnoDB AUTO_INCREMENT=40 DEFAULT CHARSET=utf8 COMMENT='			';

/*Data for the table `computation_sheet_materials_subcon` */

insert  into `computation_sheet_materials_subcon`(`id`,`cs_id`,`cs_order_materials_subcon_id`,`cs_material_id`,`cs_total_material_quantity`,`cs_subtotal_material_amount`,`employee_id`,`created_at`,`updated_at`,`deleted_at`) values 
(1,1,0,66,10100,246.5000,26,'2020-05-20 08:13:41','2020-05-20 08:13:41',NULL),
(2,2,0,66,10100,246.5000,26,'2020-05-20 08:15:39','2020-05-20 08:15:39',NULL),
(3,4,10,66,10100,246.5000,26,'2020-05-20 08:20:43','2020-05-20 08:20:43',NULL),
(4,5,10,66,655,14.3350,26,'2020-05-20 11:07:53','2020-05-20 11:07:53',NULL),
(5,6,10,66,655,14.3350,26,'2020-05-20 14:02:29','2020-05-20 14:02:29',NULL),
(6,7,10,66,655,14.3350,26,'2020-05-20 14:11:30','2020-05-20 14:11:30',NULL),
(7,8,10,66,660,17.7368,26,'2020-05-20 14:13:35','2020-05-21 09:54:45',NULL),
(8,9,10,66,660,17.7368,26,'2020-05-21 10:05:16','2020-05-21 10:05:16',NULL),
(9,10,10,66,660,17.7368,26,'2020-05-21 10:08:51','2020-05-21 10:08:51',NULL),
(10,11,10,66,660,17.7368,26,'2020-05-21 10:11:34','2020-05-21 10:11:34',NULL),
(11,12,10,66,660,17.7368,26,'2020-05-21 10:13:15','2020-05-21 11:55:32',NULL),
(12,13,10,66,660,17.7368,26,'2020-05-21 11:57:13','2020-05-21 11:57:13',NULL),
(13,14,10,66,660,17.7368,26,'2020-05-21 12:06:43','2020-05-21 12:06:43',NULL),
(14,15,10,66,660,17.7368,26,'2020-05-21 13:29:40','2020-05-21 13:29:40',NULL),
(15,16,10,66,300,115.1800,26,'2020-05-21 13:42:13','2020-05-21 13:42:13',NULL),
(16,19,10,66,400,267.9200,26,'2020-05-21 14:03:05','2020-05-21 14:03:05',NULL),
(17,20,10,66,400,267.9200,26,'2020-05-21 14:05:30','2020-05-21 14:08:42',NULL),
(18,21,10,66,400,267.9200,26,'2020-05-22 15:14:03','2020-05-22 15:14:03',NULL),
(19,22,10,66,400,267.9200,26,'2020-05-22 15:17:47','2020-05-22 15:17:47',NULL),
(20,23,10,66,400,267.9200,26,'2020-05-22 15:25:27','2020-05-22 15:25:27',NULL),
(21,24,10,66,400,267.9200,26,'2020-05-22 15:26:00','2020-05-22 15:26:00',NULL),
(24,27,10,66,0,0.0000,26,'2020-05-22 15:29:00','2020-05-22 15:29:00',NULL),
(25,28,10,66,0,0.0000,26,'2020-05-22 15:29:17','2020-05-22 15:29:17',NULL),
(26,29,10,66,400,267.9200,26,'2020-05-22 15:30:32','2020-05-22 15:39:18',NULL),
(27,30,10,66,400,267.9200,26,'2020-05-22 15:40:41','2020-05-22 15:40:41',NULL),
(28,31,10,66,400,267.9200,26,'2020-05-22 15:56:21','2020-05-22 15:56:21',NULL),
(29,32,10,66,400,267.9200,26,'2020-05-27 14:29:09','2020-05-27 14:29:09',NULL),
(30,33,11,73,100,47.0000,26,'2020-06-02 10:11:59','2020-06-02 10:11:59',NULL),
(31,34,11,73,2000,18.8000,26,'2020-06-02 10:15:50','2020-06-02 10:15:50',NULL),
(32,35,13,73,2000,18.8000,26,'2020-06-02 15:31:57','2020-06-02 15:31:57',NULL),
(33,36,13,73,1000,9.4000,26,'2020-06-02 15:34:14','2020-06-02 15:34:14',NULL),
(34,37,13,73,0,0.0000,26,'2020-06-02 15:38:06','2020-06-02 15:38:06',NULL),
(35,38,13,73,0,0.0000,26,'2020-06-02 15:41:36','2020-06-02 15:41:36',NULL),
(36,39,13,73,0,0.0000,26,'2020-06-02 15:42:01','2020-06-02 15:42:01',NULL),
(37,40,13,73,0,0.0000,26,'2020-06-02 15:42:15','2020-06-02 15:42:15',NULL),
(38,41,13,73,0,0.0000,26,'2020-06-02 15:42:50','2020-06-02 15:42:50',NULL),
(39,42,13,73,0,0.0000,26,'2020-06-02 15:43:14','2020-06-02 15:43:14',NULL);

/*Table structure for table `computation_sheet_misc` */

DROP TABLE IF EXISTS `computation_sheet_misc`;

CREATE TABLE `computation_sheet_misc` (
  `id` int(10) NOT NULL AUTO_INCREMENT,
  `cs_id` int(10) NOT NULL,
  `cs_is_label` tinyint(1) NOT NULL,
  `cs_is_package` tinyint(1) NOT NULL,
  `cs_is_transpo` tinyint(1) NOT NULL,
  `cs_is_layout` tinyint(1) NOT NULL,
  `cs_is_film` tinyint(1) NOT NULL,
  `cs_is_plate` tinyint(1) NOT NULL,
  `cs_is_diecut` tinyint(1) NOT NULL,
  `cs_is_peza` tinyint(1) NOT NULL,
  `cs_is_package_label` tinyint(1) NOT NULL,
  `cs_is_item_label` tinyint(1) NOT NULL,
  `cs_is_packaging_cartoon` tinyint(1) NOT NULL,
  `cs_is_packaging_others` tinyint(1) NOT NULL,
  `cs_packaging_cartoon_qty_per_box` int(10) DEFAULT NULL,
  `cs_packing_others_desc` varchar(191) DEFAULT NULL,
  `cs_transpo_desc` varchar(191) DEFAULT NULL,
  `cs_layout_desc` varchar(191) DEFAULT NULL,
  `cs_film_desc` varchar(191) DEFAULT NULL,
  `cs_plate_desc` varchar(191) DEFAULT NULL,
  `cs_diecut_desc` varchar(191) DEFAULT NULL,
  `cs_peza_desc` varchar(191) DEFAULT NULL,
  `cs_qty_label` int(10) DEFAULT NULL,
  `cs_qty_package` int(10) DEFAULT NULL,
  `cs_qty_transpo` int(10) DEFAULT NULL,
  `cs_qty_layout` int(10) DEFAULT NULL,
  `cs_qty_film` int(10) DEFAULT NULL,
  `cs_qty_plate` int(10) DEFAULT NULL,
  `cs_qty_diecut` int(10) DEFAULT NULL,
  `cs_qty_peza` int(10) DEFAULT NULL,
  `cs_unit_amt_label` decimal(14,4) DEFAULT '0.0000',
  `cs_unit_amt_package` decimal(14,4) DEFAULT '0.0000',
  `cs_unit_amt_transpo` decimal(14,4) DEFAULT '0.0000',
  `cs_unit_amt_layout` decimal(14,4) DEFAULT '0.0000',
  `cs_unit_amt_film` decimal(14,4) DEFAULT '0.0000',
  `cs_unit_amt_plate` decimal(14,4) DEFAULT '0.0000',
  `cs_unit_amt_diecut` decimal(14,4) DEFAULT '0.0000',
  `cs_unit_amt_peza` decimal(14,4) DEFAULT '0.0000',
  `cs_total_amt_label` decimal(14,4) NOT NULL DEFAULT '0.0000',
  `cs_total_amt_package` decimal(14,4) NOT NULL DEFAULT '0.0000',
  `cs_total_amt_transpo` decimal(14,4) NOT NULL DEFAULT '0.0000',
  `cs_total_amt_layout` decimal(14,4) NOT NULL DEFAULT '0.0000',
  `cs_total_amt_film` decimal(14,4) NOT NULL DEFAULT '0.0000',
  `cs_total_amt_plate` decimal(14,4) NOT NULL DEFAULT '0.0000',
  `cs_total_amt_diecut` decimal(14,4) NOT NULL DEFAULT '0.0000',
  `cs_total_amt_peza` decimal(14,4) NOT NULL DEFAULT '0.0000',
  `cs_miscellaneous_total` decimal(14,4) NOT NULL DEFAULT '0.0000',
  `employee_id` int(10) NOT NULL,
  `created_at` datetime NOT NULL,
  `updated_at` datetime DEFAULT NULL,
  `deleted_at` datetime DEFAULT NULL,
  PRIMARY KEY (`id`)
) ENGINE=InnoDB AUTO_INCREMENT=38 DEFAULT CHARSET=utf8;

/*Data for the table `computation_sheet_misc` */

insert  into `computation_sheet_misc`(`id`,`cs_id`,`cs_is_label`,`cs_is_package`,`cs_is_transpo`,`cs_is_layout`,`cs_is_film`,`cs_is_plate`,`cs_is_diecut`,`cs_is_peza`,`cs_is_package_label`,`cs_is_item_label`,`cs_is_packaging_cartoon`,`cs_is_packaging_others`,`cs_packaging_cartoon_qty_per_box`,`cs_packing_others_desc`,`cs_transpo_desc`,`cs_layout_desc`,`cs_film_desc`,`cs_plate_desc`,`cs_diecut_desc`,`cs_peza_desc`,`cs_qty_label`,`cs_qty_package`,`cs_qty_transpo`,`cs_qty_layout`,`cs_qty_film`,`cs_qty_plate`,`cs_qty_diecut`,`cs_qty_peza`,`cs_unit_amt_label`,`cs_unit_amt_package`,`cs_unit_amt_transpo`,`cs_unit_amt_layout`,`cs_unit_amt_film`,`cs_unit_amt_plate`,`cs_unit_amt_diecut`,`cs_unit_amt_peza`,`cs_total_amt_label`,`cs_total_amt_package`,`cs_total_amt_transpo`,`cs_total_amt_layout`,`cs_total_amt_film`,`cs_total_amt_plate`,`cs_total_amt_diecut`,`cs_total_amt_peza`,`cs_miscellaneous_total`,`employee_id`,`created_at`,`updated_at`,`deleted_at`) values 
(1,1,1,0,1,0,0,1,0,0,1,1,0,0,NULL,NULL,'HHH',NULL,NULL,'KKK',NULL,NULL,1,NULL,2,NULL,NULL,3,NULL,NULL,10.0000,NULL,10.0000,NULL,NULL,10.0000,NULL,NULL,10.0000,0.0000,20.0000,0.0000,0.0000,30.0000,0.0000,0.0000,90.0000,26,'2020-05-20 08:13:41','2020-05-20 08:13:41',NULL),
(2,2,1,0,1,0,0,1,0,0,1,1,0,0,NULL,NULL,'HHH',NULL,NULL,'KKK',NULL,NULL,1,NULL,2,NULL,NULL,3,NULL,NULL,10.0000,NULL,10.0000,NULL,NULL,10.0000,NULL,NULL,10.0000,0.0000,20.0000,0.0000,0.0000,30.0000,0.0000,0.0000,90.0000,26,'2020-05-20 08:15:39','2020-05-20 08:15:39',NULL),
(3,4,1,0,1,0,0,1,0,0,1,1,0,0,NULL,NULL,'HHH',NULL,NULL,'KKK',NULL,NULL,1,NULL,2,NULL,NULL,3,NULL,NULL,10.0000,NULL,10.0000,NULL,NULL,10.0000,NULL,NULL,10.0000,0.0000,20.0000,0.0000,0.0000,30.0000,0.0000,0.0000,90.0000,26,'2020-05-20 08:20:43','2020-05-20 08:20:43',NULL),
(4,5,0,1,1,0,0,0,0,0,0,0,1,1,6,'text','transpo',NULL,NULL,NULL,NULL,NULL,NULL,1,2,NULL,NULL,NULL,NULL,NULL,NULL,10.0000,10.0000,NULL,NULL,NULL,NULL,NULL,0.0000,10.0000,20.0000,0.0000,0.0000,0.0000,0.0000,0.0000,60.0000,26,'2020-05-20 11:07:53','2020-05-20 13:43:48',NULL),
(5,6,0,1,1,0,0,0,0,0,0,0,1,1,6,'text','transpo',NULL,NULL,NULL,NULL,NULL,NULL,1,2,NULL,NULL,NULL,NULL,NULL,NULL,10.0000,10.0000,NULL,NULL,NULL,NULL,NULL,0.0000,10.0000,20.0000,0.0000,0.0000,0.0000,0.0000,0.0000,60.0000,26,'2020-05-20 14:02:29','2020-05-20 14:02:29',NULL),
(6,7,0,1,1,0,0,0,0,0,0,0,1,1,6,'text','transpo',NULL,NULL,NULL,NULL,NULL,NULL,1,2,NULL,NULL,NULL,NULL,NULL,NULL,10.0000,10.0000,NULL,NULL,NULL,NULL,NULL,0.0000,10.0000,20.0000,0.0000,0.0000,0.0000,0.0000,0.0000,60.0000,26,'2020-05-20 14:11:30','2020-05-20 14:11:30',NULL),
(7,8,0,1,1,0,0,0,0,0,0,0,1,1,6,'text','transpo',NULL,NULL,NULL,NULL,NULL,NULL,1,2,NULL,NULL,NULL,NULL,NULL,NULL,10.0000,10.0000,NULL,NULL,NULL,NULL,NULL,0.0000,10.0000,20.0000,0.0000,0.0000,0.0000,0.0000,0.0000,60.0000,26,'2020-05-20 14:13:35','2020-05-21 09:54:45',NULL),
(8,9,0,1,1,0,0,0,0,0,0,0,1,1,6,'text','transpo',NULL,NULL,NULL,NULL,NULL,NULL,1,2,NULL,NULL,NULL,NULL,NULL,NULL,10.0000,10.0000,NULL,NULL,NULL,NULL,NULL,0.0000,10.0000,20.0000,0.0000,0.0000,0.0000,0.0000,0.0000,60.0000,26,'2020-05-21 10:05:16','2020-05-21 10:05:16',NULL),
(9,10,0,1,1,0,0,0,0,0,0,0,1,1,6,'text','transpo',NULL,NULL,NULL,NULL,NULL,NULL,1,2,NULL,NULL,NULL,NULL,NULL,NULL,10.0000,10.0000,NULL,NULL,NULL,NULL,NULL,0.0000,10.0000,20.0000,0.0000,0.0000,0.0000,0.0000,0.0000,60.0000,26,'2020-05-21 10:08:51','2020-05-21 10:08:51',NULL),
(10,11,0,1,1,0,0,0,0,0,0,0,1,1,6,'text','transpo',NULL,NULL,NULL,NULL,NULL,NULL,1,2,NULL,NULL,NULL,NULL,NULL,NULL,10.0000,10.0000,NULL,NULL,NULL,NULL,NULL,0.0000,10.0000,20.0000,0.0000,0.0000,0.0000,0.0000,0.0000,60.0000,26,'2020-05-21 10:11:34','2020-05-21 10:11:34',NULL),
(11,12,0,1,1,0,0,0,0,0,0,0,1,1,6,'text','transpo',NULL,NULL,NULL,NULL,NULL,NULL,1,2,NULL,NULL,NULL,NULL,NULL,NULL,10.0000,10.0000,NULL,NULL,NULL,NULL,NULL,0.0000,10.0000,20.0000,0.0000,0.0000,0.0000,0.0000,0.0000,60.0000,26,'2020-05-21 10:13:15','2020-05-21 11:55:32',NULL),
(12,13,0,1,1,0,0,0,0,0,0,0,1,1,6,'text','transpo',NULL,NULL,NULL,NULL,NULL,NULL,1,2,NULL,NULL,NULL,NULL,NULL,NULL,10.0000,10.0000,NULL,NULL,NULL,NULL,NULL,0.0000,10.0000,20.0000,0.0000,0.0000,0.0000,0.0000,0.0000,60.0000,26,'2020-05-21 11:57:13','2020-05-21 11:57:13',NULL),
(13,14,0,1,1,0,0,0,0,0,0,0,1,1,6,'text','transpo',NULL,NULL,NULL,NULL,NULL,NULL,1,2,NULL,NULL,NULL,NULL,NULL,NULL,10.0000,10.0000,NULL,NULL,NULL,NULL,NULL,0.0000,10.0000,20.0000,0.0000,0.0000,0.0000,0.0000,0.0000,60.0000,26,'2020-05-21 12:06:43','2020-05-21 12:06:43',NULL),
(14,15,0,1,1,0,0,0,0,0,0,0,1,1,6,'text','transpo',NULL,NULL,NULL,NULL,NULL,NULL,1,2,NULL,NULL,NULL,NULL,NULL,NULL,10.0000,10.0000,NULL,NULL,NULL,NULL,NULL,0.0000,10.0000,20.0000,0.0000,0.0000,0.0000,0.0000,0.0000,60.0000,26,'2020-05-21 13:29:40','2020-05-21 13:29:40',NULL),
(15,16,1,1,1,1,1,1,1,1,1,1,1,1,1,'transp_pack','TTTT','LLLL','FFFF','PPPP','DDDD','PPZZ',200,200,1,1,1,1,1,1,0.0400,0.0500,1.5000,0.0800,0.0400,0.0200,0.0200,0.0050,8.0000,10.0000,1.5000,0.0800,0.0400,0.0200,0.0200,0.0050,19.6900,26,'2020-05-21 13:42:13','2020-05-21 13:42:13',NULL),
(16,19,1,0,0,0,0,0,0,0,1,1,0,0,NULL,NULL,NULL,NULL,NULL,NULL,NULL,NULL,400,NULL,NULL,NULL,NULL,NULL,NULL,NULL,0.2400,NULL,NULL,NULL,NULL,NULL,NULL,NULL,96.0000,0.0000,0.0000,0.0000,0.0000,0.0000,0.0000,0.0000,125.5000,26,'2020-05-21 14:03:05','2020-05-21 14:03:05',NULL),
(17,20,1,0,0,0,0,0,0,0,1,1,0,0,NULL,NULL,NULL,NULL,NULL,NULL,NULL,NULL,400,NULL,NULL,NULL,NULL,NULL,NULL,NULL,0.2400,NULL,NULL,NULL,NULL,NULL,NULL,NULL,96.0000,0.0000,0.0000,0.0000,0.0000,0.0000,0.0000,0.0000,125.5000,26,'2020-05-21 14:05:30','2020-05-21 14:08:42',NULL),
(18,21,1,0,0,0,0,0,0,0,1,1,0,0,NULL,NULL,NULL,NULL,NULL,NULL,NULL,NULL,400,NULL,NULL,NULL,NULL,NULL,NULL,NULL,0.2400,NULL,NULL,NULL,NULL,NULL,NULL,NULL,96.0000,0.0000,0.0000,0.0000,0.0000,0.0000,0.0000,0.0000,125.5000,26,'2020-05-22 15:14:03','2020-05-22 15:14:03',NULL),
(19,22,1,0,0,0,0,0,0,0,1,1,0,0,NULL,NULL,NULL,NULL,NULL,NULL,NULL,NULL,400,NULL,NULL,NULL,NULL,NULL,NULL,NULL,0.2400,NULL,NULL,NULL,NULL,NULL,NULL,NULL,96.0000,0.0000,0.0000,0.0000,0.0000,0.0000,0.0000,0.0000,125.5000,26,'2020-05-22 15:17:47','2020-05-22 15:17:47',NULL),
(20,23,1,0,0,0,0,0,0,0,1,1,0,0,NULL,NULL,NULL,NULL,NULL,NULL,NULL,NULL,400,NULL,NULL,NULL,NULL,NULL,NULL,NULL,0.2400,NULL,NULL,NULL,NULL,NULL,NULL,NULL,96.0000,0.0000,0.0000,0.0000,0.0000,0.0000,0.0000,0.0000,125.5000,26,'2020-05-22 15:25:27','2020-05-22 15:25:27',NULL),
(21,24,1,0,0,0,0,0,0,0,1,1,0,0,NULL,NULL,NULL,NULL,NULL,NULL,NULL,NULL,400,NULL,NULL,NULL,NULL,NULL,NULL,NULL,0.2400,NULL,NULL,NULL,NULL,NULL,NULL,NULL,96.0000,0.0000,0.0000,0.0000,0.0000,0.0000,0.0000,0.0000,125.5000,26,'2020-05-22 15:26:00','2020-05-22 15:26:00',NULL),
(22,27,1,0,0,0,0,0,0,0,1,0,0,0,NULL,NULL,NULL,NULL,NULL,NULL,NULL,NULL,1,NULL,NULL,NULL,NULL,NULL,NULL,NULL,0.1000,NULL,NULL,NULL,NULL,NULL,NULL,NULL,0.1000,0.0000,0.0000,0.0000,0.0000,0.0000,0.0000,0.0000,0.1000,26,'2020-05-22 15:29:00','2020-05-22 15:29:00',NULL),
(23,28,1,0,0,0,0,0,0,0,1,0,0,0,NULL,NULL,NULL,NULL,NULL,NULL,NULL,NULL,1,NULL,NULL,NULL,NULL,NULL,NULL,NULL,0.1000,NULL,NULL,NULL,NULL,NULL,NULL,NULL,0.1000,0.0000,0.0000,0.0000,0.0000,0.0000,0.0000,0.0000,0.1000,26,'2020-05-22 15:29:17','2020-05-22 15:29:17',NULL),
(24,29,1,0,0,0,0,0,0,0,1,1,0,0,NULL,NULL,NULL,NULL,NULL,NULL,NULL,NULL,400,NULL,NULL,NULL,NULL,NULL,NULL,NULL,0.2400,NULL,NULL,NULL,NULL,NULL,NULL,NULL,96.0000,0.0000,0.0000,0.0000,0.0000,0.0000,0.0000,0.0000,125.5000,26,'2020-05-22 15:30:32','2020-05-22 15:39:18',NULL),
(25,30,1,0,0,0,0,0,0,0,1,1,0,0,NULL,NULL,NULL,NULL,NULL,NULL,NULL,NULL,400,NULL,NULL,NULL,NULL,NULL,NULL,NULL,0.2400,NULL,NULL,NULL,NULL,NULL,NULL,NULL,96.0000,0.0000,0.0000,0.0000,0.0000,0.0000,0.0000,0.0000,125.5000,26,'2020-05-22 15:40:42','2020-05-22 15:40:42',NULL),
(26,31,1,0,0,0,0,0,0,0,1,1,0,0,NULL,NULL,NULL,NULL,NULL,NULL,NULL,NULL,400,NULL,NULL,NULL,NULL,NULL,NULL,NULL,0.2400,NULL,NULL,NULL,NULL,NULL,NULL,NULL,96.0000,0.0000,0.0000,0.0000,0.0000,0.0000,0.0000,0.0000,125.5000,26,'2020-05-22 15:56:21','2020-05-22 15:56:21',NULL),
(27,32,1,1,1,1,1,1,1,1,1,1,1,1,100,'OTHER PACKAGING','TRANSPO','LAYOUT','FILM','PLATE','DIE CUT','PEZA',400,300,200,400,500,200,100,200,0.2400,0.3200,0.3300,0.2300,0.2600,0.2800,0.4500,0.1200,96.0000,96.0000,66.0000,92.0000,130.0000,56.0000,45.0000,24.0000,634.5000,26,'2020-05-27 14:29:09','2020-05-27 14:29:09',NULL),
(28,33,1,0,0,0,0,0,1,0,1,1,0,0,NULL,NULL,NULL,NULL,NULL,NULL,'DIE CUT DESCRIPTION',NULL,1,NULL,NULL,NULL,NULL,NULL,1,NULL,500.0000,NULL,NULL,NULL,NULL,NULL,500.0000,NULL,500.0000,0.0000,0.0000,0.0000,0.0000,0.0000,500.0000,0.0000,1500.0000,26,'2020-06-02 10:11:59','2020-06-02 10:11:59',NULL),
(29,34,1,0,1,0,0,0,0,0,1,0,0,0,NULL,NULL,'TRANSPORTATION',NULL,NULL,NULL,NULL,NULL,1,NULL,1,NULL,NULL,NULL,NULL,NULL,500.0000,NULL,500.0000,NULL,NULL,NULL,NULL,NULL,500.0000,0.0000,500.0000,0.0000,0.0000,0.0000,0.0000,0.0000,1500.0000,26,'2020-06-02 10:15:50','2020-06-02 10:15:50',NULL),
(30,35,1,0,1,0,0,0,0,0,1,1,0,0,NULL,NULL,'TRANSPORTATION XXXX',NULL,NULL,NULL,NULL,NULL,1,NULL,1,NULL,NULL,NULL,NULL,NULL,2.0000,NULL,1.5000,NULL,NULL,NULL,NULL,NULL,2.0000,0.0000,1.5000,0.0000,0.0000,0.0000,0.0000,0.0000,7.0000,26,'2020-06-02 15:31:57','2020-06-02 15:31:57',NULL),
(31,36,0,0,0,0,0,0,1,0,0,0,0,0,NULL,NULL,NULL,NULL,NULL,NULL,'DIE CUT XXX',NULL,NULL,NULL,NULL,NULL,NULL,NULL,1,NULL,NULL,NULL,NULL,NULL,NULL,NULL,1.8000,NULL,0.0000,0.0000,0.0000,0.0000,0.0000,0.0000,1.8000,0.0000,1.8000,26,'2020-06-02 15:34:14','2020-06-02 15:34:14',NULL),
(32,37,0,0,0,0,0,0,0,1,0,0,0,0,NULL,NULL,NULL,NULL,NULL,NULL,NULL,'OTHERS XXXX',NULL,NULL,NULL,NULL,NULL,NULL,NULL,1,NULL,NULL,NULL,NULL,NULL,NULL,NULL,0.0100,0.0000,0.0000,0.0000,0.0000,0.0000,0.0000,0.0000,0.0100,0.0100,26,'2020-06-02 15:38:06','2020-06-02 15:38:06',NULL),
(33,38,0,0,0,0,0,0,0,1,0,0,0,0,NULL,NULL,NULL,NULL,NULL,NULL,NULL,'OTHERS XXXX',NULL,NULL,NULL,NULL,NULL,NULL,NULL,1,NULL,NULL,NULL,NULL,NULL,NULL,NULL,0.0100,0.0000,0.0000,0.0000,0.0000,0.0000,0.0000,0.0000,0.0100,0.0100,26,'2020-06-02 15:41:36','2020-06-02 15:41:36',NULL),
(34,39,0,0,0,0,0,0,0,1,0,0,0,0,NULL,NULL,NULL,NULL,NULL,NULL,NULL,'OTHERS XXXX',NULL,NULL,NULL,NULL,NULL,NULL,NULL,1,NULL,NULL,NULL,NULL,NULL,NULL,NULL,0.0100,0.0000,0.0000,0.0000,0.0000,0.0000,0.0000,0.0000,0.0100,0.0100,26,'2020-06-02 15:42:01','2020-06-02 15:42:01',NULL),
(35,40,0,0,0,0,0,0,0,1,0,0,0,0,NULL,NULL,NULL,NULL,NULL,NULL,NULL,'OTHERS XXXX',NULL,NULL,NULL,NULL,NULL,NULL,NULL,1,NULL,NULL,NULL,NULL,NULL,NULL,NULL,0.0100,0.0000,0.0000,0.0000,0.0000,0.0000,0.0000,0.0000,0.0100,0.0100,26,'2020-06-02 15:42:15','2020-06-02 15:42:15',NULL),
(36,41,0,0,0,0,0,0,0,1,0,0,0,0,NULL,NULL,NULL,NULL,NULL,NULL,NULL,'OTHERS XXXX',NULL,NULL,NULL,NULL,NULL,NULL,NULL,1,NULL,NULL,NULL,NULL,NULL,NULL,NULL,0.0100,0.0000,0.0000,0.0000,0.0000,0.0000,0.0000,0.0000,0.0100,0.0100,26,'2020-06-02 15:42:50','2020-06-02 15:42:50',NULL),
(37,42,0,0,0,0,0,0,0,1,0,0,0,0,NULL,NULL,NULL,NULL,NULL,NULL,NULL,'OTHERS XXXX',NULL,NULL,NULL,NULL,NULL,NULL,NULL,1,NULL,NULL,NULL,NULL,NULL,NULL,NULL,0.0100,0.0000,0.0000,0.0000,0.0000,0.0000,0.0000,0.0000,0.0100,0.0100,26,'2020-06-02 15:43:14','2020-06-02 15:43:14',NULL);

/*Table structure for table `computation_sheet_misc_others` */

DROP TABLE IF EXISTS `computation_sheet_misc_others`;

CREATE TABLE `computation_sheet_misc_others` (
  `id` int(10) NOT NULL AUTO_INCREMENT,
  `cs_id` int(10) NOT NULL,
  `cs_misc_id` int(10) NOT NULL,
  `other_misc_description` varchar(191) NOT NULL,
  `other_misc_quantity` int(10) DEFAULT NULL,
  `other_misc_price` decimal(14,4) DEFAULT '0.0000',
  `other_misc_total` decimal(14,4) DEFAULT '0.0000',
  `employee_id` int(10) NOT NULL,
  `created_at` datetime NOT NULL,
  `updated_at` datetime DEFAULT NULL,
  `deleted_at` datetime DEFAULT NULL,
  PRIMARY KEY (`id`)
) ENGINE=InnoDB AUTO_INCREMENT=51 DEFAULT CHARSET=utf8;

/*Data for the table `computation_sheet_misc_others` */

insert  into `computation_sheet_misc_others`(`id`,`cs_id`,`cs_misc_id`,`other_misc_description`,`other_misc_quantity`,`other_misc_price`,`other_misc_total`,`employee_id`,`created_at`,`updated_at`,`deleted_at`) values 
(1,1,1,'YYY',3,10.0000,30.0000,26,'2020-05-20 08:13:41','2020-05-20 08:13:41',NULL),
(2,2,2,'YYY',3,10.0000,30.0000,26,'2020-05-20 08:15:39','2020-05-20 08:15:39',NULL),
(3,4,3,'YYY',3,10.0000,30.0000,26,'2020-05-20 08:20:43','2020-05-20 08:20:43',NULL),
(4,5,4,'other',1,10.0000,10.0000,26,'2020-05-20 11:07:53','2020-05-20 13:43:48',NULL),
(5,5,4,'other 2',2,10.0000,20.0000,26,'2020-05-20 11:07:53','2020-05-20 13:43:48',NULL),
(6,6,5,'other',1,10.0000,10.0000,26,'2020-05-20 14:02:29','2020-05-20 14:02:29',NULL),
(7,6,5,'other 2',2,10.0000,20.0000,26,'2020-05-20 14:02:29','2020-05-20 14:02:29',NULL),
(8,7,6,'other',1,10.0000,10.0000,26,'2020-05-20 14:11:30','2020-05-20 14:11:30',NULL),
(9,7,6,'other 2',2,10.0000,20.0000,26,'2020-05-20 14:11:30','2020-05-20 14:11:30',NULL),
(10,8,7,'other',1,10.0000,10.0000,26,'2020-05-20 14:13:35','2020-05-21 09:54:45',NULL),
(11,8,7,'other 2',2,10.0000,20.0000,26,'2020-05-20 14:13:35','2020-05-21 09:54:45',NULL),
(12,9,8,'other',1,10.0000,10.0000,26,'2020-05-21 10:05:16','2020-05-21 10:05:16',NULL),
(13,9,8,'other 2',2,10.0000,20.0000,26,'2020-05-21 10:05:16','2020-05-21 10:05:16',NULL),
(14,10,9,'other',1,10.0000,10.0000,26,'2020-05-21 10:08:51','2020-05-21 10:08:51',NULL),
(15,10,9,'other 2',2,10.0000,20.0000,26,'2020-05-21 10:08:51','2020-05-21 10:08:51',NULL),
(16,11,10,'other',1,10.0000,10.0000,26,'2020-05-21 10:11:34','2020-05-21 10:11:34',NULL),
(17,11,10,'other 2',2,10.0000,20.0000,26,'2020-05-21 10:11:34','2020-05-21 10:11:34',NULL),
(18,12,11,'other',1,10.0000,10.0000,26,'2020-05-21 10:13:15','2020-05-21 11:55:32',NULL),
(19,12,11,'other 2',2,10.0000,20.0000,26,'2020-05-21 10:13:15','2020-05-21 11:55:32',NULL),
(20,13,12,'other',1,10.0000,10.0000,26,'2020-05-21 11:57:13','2020-05-21 11:57:13',NULL),
(21,13,12,'other 2',2,10.0000,20.0000,26,'2020-05-21 11:57:13','2020-05-21 11:57:13',NULL),
(22,14,13,'other',1,10.0000,10.0000,26,'2020-05-21 12:06:43','2020-05-21 12:06:43',NULL),
(23,14,13,'other 2',2,10.0000,20.0000,26,'2020-05-21 12:06:43','2020-05-21 12:06:43',NULL),
(24,15,14,'other',1,10.0000,10.0000,26,'2020-05-21 13:29:40','2020-05-21 13:29:40',NULL),
(25,15,14,'other 2',2,10.0000,20.0000,26,'2020-05-21 13:29:40','2020-05-21 13:29:40',NULL),
(26,16,15,'OOOO',2,0.0000,0.0200,26,'2020-05-21 13:42:13','2020-05-21 13:42:13',NULL),
(27,16,15,'OO22',1,0.0000,0.0050,26,'2020-05-21 13:42:13','2020-05-21 13:42:13',NULL),
(28,19,16,'HHHH',300,0.0000,12.0000,26,'2020-05-21 14:03:05','2020-05-21 14:03:05',NULL),
(29,19,16,'KKKK',350,0.0000,17.5000,26,'2020-05-21 14:03:05','2020-05-21 14:03:05',NULL),
(30,20,17,'HHHH',300,0.0400,12.0000,26,'2020-05-21 14:05:30','2020-05-21 14:08:42',NULL),
(31,20,17,'KKKK',350,0.0500,17.5000,26,'2020-05-21 14:05:30','2020-05-21 14:08:42',NULL),
(32,21,18,'HHHH',300,0.0400,12.0000,26,'2020-05-22 15:14:03','2020-05-22 15:14:03',NULL),
(33,21,18,'KKKK',350,0.0500,17.5000,26,'2020-05-22 15:14:03','2020-05-22 15:14:03',NULL),
(34,22,19,'HHHH',300,0.0400,12.0000,26,'2020-05-22 15:17:47','2020-05-22 15:17:47',NULL),
(35,22,19,'KKKK',350,0.0500,17.5000,26,'2020-05-22 15:17:47','2020-05-22 15:17:47',NULL),
(36,23,20,'HHHH',300,0.0400,12.0000,26,'2020-05-22 15:25:27','2020-05-22 15:25:27',NULL),
(37,23,20,'KKKK',350,0.0500,17.5000,26,'2020-05-22 15:25:27','2020-05-22 15:25:27',NULL),
(38,24,21,'HHHH',300,0.0400,12.0000,26,'2020-05-22 15:26:00','2020-05-22 15:26:00',NULL),
(39,24,21,'KKKK',350,0.0500,17.5000,26,'2020-05-22 15:26:00','2020-05-22 15:26:00',NULL),
(40,29,24,'HHHH',300,0.0400,12.0000,26,'2020-05-22 15:30:32','2020-05-22 15:39:18',NULL),
(41,29,24,'KKKK',350,0.0500,17.5000,26,'2020-05-22 15:30:32','2020-05-22 15:39:18',NULL),
(42,30,25,'HHHH',300,0.0400,12.0000,26,'2020-05-22 15:40:42','2020-05-22 15:40:42',NULL),
(43,30,25,'KKKK',350,0.0500,17.5000,26,'2020-05-22 15:40:42','2020-05-22 15:40:42',NULL),
(44,31,26,'HHHH',300,0.0400,12.0000,26,'2020-05-22 15:56:21','2020-05-22 15:56:21',NULL),
(45,31,26,'KKKK',350,0.0500,17.5000,26,'2020-05-22 15:56:21','2020-05-22 15:56:21',NULL),
(46,32,27,'MISC OTHER 1',300,0.0400,12.0000,26,'2020-05-27 14:29:09','2020-05-27 14:29:09',NULL),
(47,32,27,'MISC OTHER 2',350,0.0500,17.5000,26,'2020-05-27 14:29:09','2020-05-27 14:29:09',NULL),
(48,33,28,'OTHER MISC',1,500.0000,500.0000,26,'2020-06-02 10:11:59','2020-06-02 10:11:59',NULL),
(49,34,29,'OTHER MISC',1,500.0000,500.0000,26,'2020-06-02 10:15:50','2020-06-02 10:15:50',NULL),
(50,35,30,'OTHER MISC XXX',1,3.5000,3.5000,26,'2020-06-02 15:31:57','2020-06-02 15:31:57',NULL);

/*Table structure for table `computation_sheet_printing` */

DROP TABLE IF EXISTS `computation_sheet_printing`;

CREATE TABLE `computation_sheet_printing` (
  `id` int(10) NOT NULL AUTO_INCREMENT,
  `cs_id` int(10) NOT NULL,
  `cs_order_prints_id` int(10) NOT NULL,
  `cs_material_id` int(10) NOT NULL,
  `cs_front_amount` decimal(14,4) DEFAULT '0.0000',
  `cs_front_regular_amount` decimal(14,4) DEFAULT '0.0000',
  `cs_front_special_amount` decimal(14,4) DEFAULT '0.0000',
  `cs_back_amount` decimal(14,4) DEFAULT '0.0000',
  `cs_back_regular_amount` decimal(14,4) DEFAULT '0.0000',
  `cs_back_special_amount` decimal(14,4) DEFAULT '0.0000',
  `cs_regular_amount` decimal(14,4) DEFAULT '0.0000',
  `cs_special_amount` decimal(14,4) DEFAULT '0.0000',
  `cs_total_material_amount` decimal(14,4) DEFAULT '0.0000',
  `cs_total_material_quantity` int(10) DEFAULT NULL,
  `employee_id` int(10) NOT NULL,
  `created_at` datetime NOT NULL,
  `updated_at` datetime DEFAULT NULL,
  `deleted_at` datetime DEFAULT NULL,
  PRIMARY KEY (`id`)
) ENGINE=InnoDB AUTO_INCREMENT=69 DEFAULT CHARSET=utf8 COMMENT='			';

/*Data for the table `computation_sheet_printing` */

insert  into `computation_sheet_printing`(`id`,`cs_id`,`cs_order_prints_id`,`cs_material_id`,`cs_front_amount`,`cs_front_regular_amount`,`cs_front_special_amount`,`cs_back_amount`,`cs_back_regular_amount`,`cs_back_special_amount`,`cs_regular_amount`,`cs_special_amount`,`cs_total_material_amount`,`cs_total_material_quantity`,`employee_id`,`created_at`,`updated_at`,`deleted_at`) values 
(1,1,0,1,0.0000,0.0000,0.0000,0.0000,0.0000,0.0000,0.0000,0.0000,49.4000,8012,26,'2020-05-20 08:13:41','2020-05-20 08:13:41',NULL),
(2,1,0,2,0.0000,0.0000,0.0000,0.0000,0.0000,0.0000,0.0000,0.0000,61.4400,9600,26,'2020-05-20 08:13:41','2020-05-20 08:13:41',NULL),
(3,2,0,1,0.0000,0.0000,0.0000,0.0000,0.0000,0.0000,0.0000,0.0000,49.4000,8012,26,'2020-05-20 08:15:39','2020-05-20 08:15:39',NULL),
(4,2,0,2,0.0000,0.0000,0.0000,0.0000,0.0000,0.0000,0.0000,0.0000,61.4400,9600,26,'2020-05-20 08:15:39','2020-05-20 08:15:39',NULL),
(5,4,0,1,0.0000,0.0000,0.0000,0.0000,0.0000,0.0000,0.0000,0.0000,49.4000,8012,26,'2020-05-20 08:20:43','2020-05-20 08:20:43',NULL),
(6,4,0,2,0.0000,0.0000,0.0000,0.0000,0.0000,0.0000,0.0000,0.0000,61.4400,9600,26,'2020-05-20 08:20:43','2020-05-20 08:20:43',NULL),
(7,5,20,1,0.0000,0.0000,0.0000,0.0000,0.0000,0.0000,0.0000,0.0000,25.2000,1515,26,'2020-05-20 11:07:53','2020-05-20 11:07:53',NULL),
(8,5,21,2,0.0000,0.0000,0.0000,0.0000,0.0000,0.0000,0.0000,0.0000,12.8000,2000,26,'2020-05-20 11:07:53','2020-05-20 11:07:53',NULL),
(9,6,20,1,0.0000,0.0000,0.0000,0.0000,0.0000,0.0000,0.0000,0.0000,25.2000,1515,26,'2020-05-20 14:02:29','2020-05-20 14:02:29',NULL),
(10,6,21,2,0.0000,0.0000,0.0000,0.0000,0.0000,0.0000,0.0000,0.0000,12.8000,2000,26,'2020-05-20 14:02:29','2020-05-20 14:02:29',NULL),
(11,7,20,1,0.0000,0.0000,0.0000,0.0000,0.0000,0.0000,0.0000,0.0000,25.2000,1515,26,'2020-05-20 14:11:30','2020-05-20 14:11:30',NULL),
(12,7,21,2,0.0000,0.0000,0.0000,0.0000,0.0000,0.0000,0.0000,0.0000,12.8000,2000,26,'2020-05-20 14:11:30','2020-05-20 14:11:30',NULL),
(13,8,20,1,0.0000,0.0000,0.0000,0.0000,0.0000,0.0000,0.0000,0.0000,26.4543,1517,26,'2020-05-20 14:13:35','2020-05-21 09:54:45',NULL),
(14,8,21,2,0.0000,0.0000,0.0000,0.0000,0.0000,0.0000,0.0000,0.0000,12.8064,2001,26,'2020-05-20 14:13:35','2020-05-21 09:54:45',NULL),
(15,9,20,1,0.0000,0.0000,0.0000,0.0000,0.0000,0.0000,0.0000,0.0000,26.4543,1517,26,'2020-05-21 10:05:16','2020-05-21 10:05:16',NULL),
(16,9,21,2,0.0000,0.0000,0.0000,0.0000,0.0000,0.0000,0.0000,0.0000,12.8064,2001,26,'2020-05-21 10:05:16','2020-05-21 10:05:16',NULL),
(17,10,20,1,0.0000,0.0000,0.0000,0.0000,0.0000,0.0000,0.0000,0.0000,26.4543,1517,26,'2020-05-21 10:08:51','2020-05-21 10:08:51',NULL),
(18,10,21,2,0.0000,0.0000,0.0000,0.0000,0.0000,0.0000,0.0000,0.0000,12.8064,2001,26,'2020-05-21 10:08:51','2020-05-21 10:08:51',NULL),
(19,11,20,1,0.0000,0.0000,0.0000,0.0000,0.0000,0.0000,0.0000,0.0000,26.4543,1517,26,'2020-05-21 10:11:34','2020-05-21 10:11:34',NULL),
(20,11,21,2,0.0000,0.0000,0.0000,0.0000,0.0000,0.0000,0.0000,0.0000,12.8064,2001,26,'2020-05-21 10:11:34','2020-05-21 10:11:34',NULL),
(21,12,20,1,0.0000,0.0000,0.0000,0.0000,0.0000,0.0000,0.0000,0.0000,26.4543,1517,26,'2020-05-21 10:13:15','2020-05-21 11:55:32',NULL),
(22,12,21,2,0.0000,0.0000,0.0000,0.0000,0.0000,0.0000,0.0000,0.0000,12.8064,2001,26,'2020-05-21 10:13:15','2020-05-21 11:55:32',NULL),
(23,13,20,1,0.0000,0.0000,0.0000,0.0000,0.0000,0.0000,0.0000,0.0000,26.4543,1517,26,'2020-05-21 11:57:13','2020-05-21 11:57:13',NULL),
(24,13,21,2,0.0000,0.0000,0.0000,0.0000,0.0000,0.0000,0.0000,0.0000,12.8064,2001,26,'2020-05-21 11:57:13','2020-05-21 11:57:13',NULL),
(25,14,20,1,0.0000,0.0000,0.0000,0.0000,0.0000,0.0000,0.0000,0.0000,26.4543,1517,26,'2020-05-21 12:06:43','2020-05-21 12:06:43',NULL),
(26,14,21,2,0.0000,0.0000,0.0000,0.0000,0.0000,0.0000,0.0000,0.0000,12.8064,2001,26,'2020-05-21 12:06:43','2020-05-21 12:06:43',NULL),
(27,15,20,1,0.0000,0.0000,0.0000,0.0000,0.0000,0.0000,0.0000,0.0000,6.4543,1501,26,'2020-05-21 13:29:40','2020-05-21 13:29:40',NULL),
(28,15,21,2,0.0000,0.0000,0.0000,0.0000,0.0000,0.0000,0.0000,0.0000,12.8064,2001,26,'2020-05-21 13:29:40','2020-05-21 13:29:40',NULL),
(29,16,20,1,0.0000,0.0000,0.0000,0.0000,0.0000,0.0000,0.0000,0.0000,313.3600,450,26,'2020-05-21 13:42:13','2020-05-21 13:42:13',NULL),
(30,16,21,2,0.0000,0.0000,0.0000,0.0000,0.0000,0.0000,0.0000,0.0000,1.9200,300,26,'2020-05-21 13:42:13','2020-05-21 13:42:13',NULL),
(31,19,20,1,0.0000,0.0000,0.0000,0.0000,0.0000,0.0000,0.0000,0.0000,64.6200,300,26,'2020-05-21 14:03:05','2020-05-21 14:03:05',NULL),
(32,19,21,2,0.0000,0.0000,0.0000,0.0000,0.0000,0.0000,0.0000,0.0000,111.8600,350,26,'2020-05-21 14:03:05','2020-05-21 14:03:05',NULL),
(33,20,20,1,0.0000,0.0000,0.0000,0.0000,0.0000,0.0000,0.0000,0.0000,64.6200,300,26,'2020-05-21 14:05:30','2020-05-21 14:08:42',NULL),
(34,20,21,2,0.0000,0.0000,0.0000,0.0000,0.0000,0.0000,0.0000,0.0000,111.8600,350,26,'2020-05-21 14:05:30','2020-05-21 14:08:42',NULL),
(35,21,20,1,0.0000,0.0000,0.0000,0.0000,0.0000,0.0000,0.0000,0.0000,64.6200,300,26,'2020-05-22 15:14:03','2020-05-22 15:14:03',NULL),
(36,21,21,2,0.0000,0.0000,0.0000,0.0000,0.0000,0.0000,0.0000,0.0000,111.8600,350,26,'2020-05-22 15:14:03','2020-05-22 15:14:03',NULL),
(37,22,20,1,0.0000,0.0000,0.0000,0.0000,0.0000,0.0000,0.0000,0.0000,64.6200,300,26,'2020-05-22 15:17:47','2020-05-22 15:17:47',NULL),
(38,22,21,2,0.0000,0.0000,0.0000,0.0000,0.0000,0.0000,0.0000,0.0000,111.8600,350,26,'2020-05-22 15:17:47','2020-05-22 15:17:47',NULL),
(39,23,20,1,0.0000,0.0000,0.0000,0.0000,0.0000,0.0000,0.0000,0.0000,64.6200,300,26,'2020-05-22 15:25:27','2020-05-22 15:25:27',NULL),
(40,23,21,2,0.0000,0.0000,0.0000,0.0000,0.0000,0.0000,0.0000,0.0000,111.8600,350,26,'2020-05-22 15:25:27','2020-05-22 15:25:27',NULL),
(41,24,20,1,0.0000,0.0000,0.0000,0.0000,0.0000,0.0000,0.0000,0.0000,64.6200,300,26,'2020-05-22 15:26:00','2020-05-22 15:26:00',NULL),
(42,24,21,2,0.0000,0.0000,0.0000,0.0000,0.0000,0.0000,0.0000,0.0000,111.8600,350,26,'2020-05-22 15:26:00','2020-05-22 15:26:00',NULL),
(47,27,20,1,0.0000,0.0000,0.0000,0.0000,0.0000,0.0000,0.0000,0.0000,17.2000,4000,26,'2020-05-22 15:29:00','2020-05-22 15:29:00',NULL),
(48,27,21,2,0.0000,0.0000,0.0000,0.0000,0.0000,0.0000,0.0000,0.0000,0.0000,0,26,'2020-05-22 15:29:00','2020-05-22 15:29:00',NULL),
(49,28,20,1,0.0000,0.0000,0.0000,0.0000,0.0000,0.0000,0.0000,0.0000,17.2000,4000,26,'2020-05-22 15:29:17','2020-05-22 15:29:17',NULL),
(50,28,21,2,0.0000,0.0000,0.0000,0.0000,0.0000,0.0000,0.0000,0.0000,0.0000,0,26,'2020-05-22 15:29:17','2020-05-22 15:29:17',NULL),
(51,29,20,1,0.0000,0.0000,0.0000,0.0000,0.0000,0.0000,0.0000,0.0000,64.6200,300,26,'2020-05-22 15:30:32','2020-05-22 15:39:18',NULL),
(52,29,21,2,0.0000,0.0000,0.0000,0.0000,0.0000,0.0000,0.0000,0.0000,111.8600,350,26,'2020-05-22 15:30:32','2020-05-22 15:39:18',NULL),
(53,30,20,1,0.0000,0.0000,0.0000,0.0000,0.0000,0.0000,0.0000,0.0000,64.6200,300,26,'2020-05-22 15:40:41','2020-05-22 15:40:41',NULL),
(54,30,21,2,0.0000,0.0000,0.0000,0.0000,0.0000,0.0000,0.0000,0.0000,111.8600,350,26,'2020-05-22 15:40:42','2020-05-22 15:40:42',NULL),
(55,31,20,1,0.0000,0.0000,0.0000,0.0000,0.0000,0.0000,0.0000,0.0000,64.6200,300,26,'2020-05-22 15:56:21','2020-05-22 15:56:21',NULL),
(56,31,21,2,0.0000,0.0000,0.0000,0.0000,0.0000,0.0000,0.0000,0.0000,111.8600,350,26,'2020-05-22 15:56:21','2020-05-22 15:56:21',NULL),
(57,32,20,1,0.0000,0.0000,0.0000,0.0000,0.0000,0.0000,0.0000,0.0000,64.6200,300,26,'2020-05-27 14:29:09','2020-05-27 14:29:09',NULL),
(58,32,21,2,0.0000,0.0000,0.0000,0.0000,0.0000,0.0000,0.0000,0.0000,111.8600,350,26,'2020-05-27 14:29:09','2020-05-27 14:29:09',NULL),
(59,33,22,1,0.0000,0.0000,0.0000,0.0000,0.0000,0.0000,0.0000,0.0000,6301.2500,100,26,'2020-06-02 10:11:59','2020-06-02 10:11:59',NULL),
(60,34,22,1,0.0000,0.0000,0.0000,0.0000,0.0000,0.0000,0.0000,0.0000,8.6000,2000,26,'2020-06-02 10:15:50','2020-06-02 10:15:50',NULL),
(61,35,24,1,0.0000,0.0000,0.0000,0.0000,0.0000,0.0000,0.0000,0.0000,8.6000,2000,26,'2020-06-02 15:31:57','2020-06-02 15:31:57',NULL),
(62,36,24,1,0.0000,0.0000,0.0000,0.0000,0.0000,0.0000,0.0000,0.0000,4.3000,1000,26,'2020-06-02 15:34:14','2020-06-02 15:34:14',NULL),
(63,37,24,1,0.0000,0.0000,0.0000,0.0000,0.0000,0.0000,0.0000,0.0000,12.9000,3000,26,'2020-06-02 15:38:06','2020-06-02 15:38:06',NULL),
(64,38,24,1,0.0000,0.0000,0.0000,0.0000,0.0000,0.0000,0.0000,0.0000,12.9000,3000,26,'2020-06-02 15:41:36','2020-06-02 15:41:36',NULL),
(65,39,24,1,0.0000,0.0000,0.0000,0.0000,0.0000,0.0000,0.0000,0.0000,12.9000,3000,26,'2020-06-02 15:42:01','2020-06-02 15:42:01',NULL),
(66,40,24,1,0.0000,0.0000,0.0000,0.0000,0.0000,0.0000,0.0000,0.0000,12.9000,3000,26,'2020-06-02 15:42:15','2020-06-02 15:42:15',NULL),
(67,41,24,1,0.0000,0.0000,0.0000,0.0000,0.0000,0.0000,0.0000,0.0000,12.9000,3000,26,'2020-06-02 15:42:50','2020-06-02 15:42:50',NULL),
(68,42,24,1,0.0000,0.0000,0.0000,0.0000,0.0000,0.0000,0.0000,0.0000,12.9000,3000,26,'2020-06-02 15:43:14','2020-06-02 15:43:14',NULL);

/*Table structure for table `computation_sheet_printing_supplier` */

DROP TABLE IF EXISTS `computation_sheet_printing_supplier`;

CREATE TABLE `computation_sheet_printing_supplier` (
  `id` int(10) NOT NULL AUTO_INCREMENT,
  `cs_id` int(10) NOT NULL,
  `cs_printing_id` int(10) NOT NULL,
  `cs_printing_supplier_id` int(10) NOT NULL,
  `supplier_material_quantity` int(10) DEFAULT NULL,
  `supplier_material_amount` decimal(14,4) DEFAULT '0.0000',
  `supplier_material_total` decimal(14,4) DEFAULT '0.0000',
  `is_selected` tinyint(1) NOT NULL,
  `employee_id` int(10) NOT NULL,
  `created_at` datetime NOT NULL,
  `updated_at` datetime DEFAULT NULL,
  `deleted_at` datetime DEFAULT NULL,
  PRIMARY KEY (`id`)
) ENGINE=InnoDB AUTO_INCREMENT=108 DEFAULT CHARSET=utf8 COMMENT='			';

/*Data for the table `computation_sheet_printing_supplier` */

insert  into `computation_sheet_printing_supplier`(`id`,`cs_id`,`cs_printing_id`,`cs_printing_supplier_id`,`supplier_material_quantity`,`supplier_material_amount`,`supplier_material_total`,`is_selected`,`employee_id`,`created_at`,`updated_at`,`deleted_at`) values 
(1,1,1,1,8000,0.0043,34.4000,0,26,'2020-05-20 08:13:41','2020-05-20 08:13:41',NULL),
(2,1,1,2,12,1.2500,15.0000,0,26,'2020-05-20 08:13:41','2020-05-20 08:13:41',NULL),
(3,1,2,1,9600,0.0064,61.4400,0,26,'2020-05-20 08:13:41','2020-05-20 08:13:41',NULL),
(4,2,3,1,8000,0.0043,34.4000,0,26,'2020-05-20 08:15:39','2020-05-20 08:15:39',NULL),
(5,2,3,2,12,1.2500,15.0000,0,26,'2020-05-20 08:15:39','2020-05-20 08:15:39',NULL),
(6,2,4,1,9600,0.0064,61.4400,0,26,'2020-05-20 08:15:39','2020-05-20 08:15:39',NULL),
(7,4,5,1,8000,0.0043,34.4000,0,26,'2020-05-20 08:20:43','2020-05-20 08:20:43',NULL),
(8,4,5,2,12,1.2500,15.0000,0,26,'2020-05-20 08:20:43','2020-05-20 08:20:43',NULL),
(9,4,6,1,9600,0.0064,61.4400,0,26,'2020-05-20 08:20:43','2020-05-20 08:20:43',NULL),
(10,5,7,1,1500,0.0043,6.4500,0,26,'2020-05-20 11:07:53','2020-05-20 11:07:53',NULL),
(11,5,7,2,15,1.2500,18.7500,0,26,'2020-05-20 11:07:53','2020-05-20 11:07:53',NULL),
(12,5,8,1,2000,0.0064,12.8000,0,26,'2020-05-20 11:07:53','2020-05-20 11:07:53',NULL),
(13,6,9,1,1500,0.0043,6.4500,0,26,'2020-05-20 14:02:29','2020-05-20 14:02:29',NULL),
(14,6,9,2,15,1.2500,18.7500,0,26,'2020-05-20 14:02:29','2020-05-20 14:02:29',NULL),
(15,6,10,1,2000,0.0064,12.8000,0,26,'2020-05-20 14:02:29','2020-05-20 14:02:29',NULL),
(16,7,11,1,1500,0.0043,6.4500,0,26,'2020-05-20 14:11:30','2020-05-20 14:11:30',NULL),
(17,7,11,2,15,1.2500,18.7500,0,26,'2020-05-20 14:11:30','2020-05-20 14:11:30',NULL),
(18,7,12,1,2000,0.0064,12.8000,0,26,'2020-05-20 14:11:30','2020-05-20 14:11:30',NULL),
(19,8,13,1,1501,0.0043,6.4543,1,26,'2020-05-20 14:13:35','2020-05-21 09:54:45',NULL),
(20,8,13,2,16,1.2500,20.0000,1,26,'2020-05-20 14:13:35','2020-05-21 09:54:45',NULL),
(21,8,14,1,2001,0.0064,12.8064,1,26,'2020-05-20 14:13:35','2020-05-21 09:54:45',NULL),
(22,9,15,1,1501,0.0043,6.4543,1,26,'2020-05-21 10:05:16','2020-05-21 10:05:16',NULL),
(23,9,15,2,16,1.2500,20.0000,1,26,'2020-05-21 10:05:16','2020-05-21 10:05:16',NULL),
(24,9,16,1,2001,0.0064,12.8064,1,26,'2020-05-21 10:05:16','2020-05-21 10:05:16',NULL),
(25,10,17,1,1501,0.0043,6.4543,1,26,'2020-05-21 10:08:51','2020-05-21 10:08:51',NULL),
(26,10,17,2,16,1.2500,20.0000,1,26,'2020-05-21 10:08:51','2020-05-21 10:08:51',NULL),
(27,10,18,1,2001,0.0064,12.8064,1,26,'2020-05-21 10:08:51','2020-05-21 10:08:51',NULL),
(28,11,19,1,1501,0.0043,6.4543,1,26,'2020-05-21 10:11:34','2020-05-21 10:11:34',NULL),
(29,11,19,2,16,1.2500,20.0000,1,26,'2020-05-21 10:11:34','2020-05-21 10:11:34',NULL),
(30,11,20,1,2001,0.0064,12.8064,1,26,'2020-05-21 10:11:34','2020-05-21 10:11:34',NULL),
(31,12,21,1,1501,0.0043,6.4543,1,26,'2020-05-21 10:13:15','2020-05-21 11:55:32',NULL),
(32,12,21,2,16,1.2500,20.0000,1,26,'2020-05-21 10:13:15','2020-05-21 11:55:32',NULL),
(33,12,22,1,2001,0.0064,12.8064,1,26,'2020-05-21 10:13:15','2020-05-21 11:55:32',NULL),
(34,13,23,1,1501,0.0043,6.4543,1,26,'2020-05-21 11:57:13','2020-05-21 11:57:13',NULL),
(35,13,23,2,16,1.2500,20.0000,1,26,'2020-05-21 11:57:13','2020-05-21 11:57:13',NULL),
(36,13,24,1,2001,0.0064,12.8064,1,26,'2020-05-21 11:57:13','2020-05-21 11:57:13',NULL),
(37,14,25,1,1501,0.0043,6.4543,1,26,'2020-05-21 12:06:43','2020-05-21 12:06:43',NULL),
(38,14,25,2,16,1.2500,20.0000,1,26,'2020-05-21 12:06:43','2020-05-21 12:06:43',NULL),
(39,14,26,1,2001,0.0064,12.8064,1,26,'2020-05-21 12:06:43','2020-05-21 12:06:43',NULL),
(40,15,27,1,1501,0.0043,6.4543,1,26,'2020-05-21 13:29:40','2020-05-21 13:29:40',NULL),
(41,15,27,2,16,1.2500,20.0000,0,26,'2020-05-21 13:29:40','2020-05-21 13:29:40',NULL),
(42,15,28,1,2001,0.0064,12.8064,1,26,'2020-05-21 13:29:40','2020-05-21 13:29:40',NULL),
(43,16,29,1,200,0.0043,0.8600,1,26,'2020-05-21 13:42:13','2020-05-21 13:42:13',NULL),
(44,16,29,2,250,1.2500,312.5000,1,26,'2020-05-21 13:42:13','2020-05-21 13:42:13',NULL),
(45,16,30,1,300,0.0064,1.9200,1,26,'2020-05-21 13:42:13','2020-05-21 13:42:13',NULL),
(46,19,31,1,300,0.2154,64.6200,1,26,'2020-05-21 14:03:05','2020-05-21 14:03:05',NULL),
(47,19,31,2,NULL,63.0125,0.0000,0,26,'2020-05-21 14:03:05','2020-05-21 14:03:05',NULL),
(48,19,32,1,350,0.3196,111.8600,1,26,'2020-05-21 14:03:05','2020-05-21 14:03:05',NULL),
(49,20,33,1,300,0.2154,64.6200,1,26,'2020-05-21 14:05:30','2020-05-21 14:08:42',NULL),
(50,20,33,2,NULL,63.0125,0.0000,0,26,'2020-05-21 14:05:30','2020-05-21 14:08:42',NULL),
(51,20,34,1,350,0.3196,111.8600,1,26,'2020-05-21 14:05:30','2020-05-21 14:08:42',NULL),
(52,21,35,1,300,0.2154,64.6200,1,26,'2020-05-22 15:14:03','2020-05-22 15:14:03',NULL),
(53,21,35,2,NULL,63.0125,0.0000,0,26,'2020-05-22 15:14:03','2020-05-22 15:14:03',NULL),
(54,21,36,1,350,0.3196,111.8600,1,26,'2020-05-22 15:14:03','2020-05-22 15:14:03',NULL),
(55,22,37,1,300,0.2154,64.6200,1,26,'2020-05-22 15:17:47','2020-05-22 15:17:47',NULL),
(56,22,37,2,NULL,63.0125,0.0000,0,26,'2020-05-22 15:17:47','2020-05-22 15:17:47',NULL),
(57,22,38,1,350,0.3196,111.8600,1,26,'2020-05-22 15:17:47','2020-05-22 15:17:47',NULL),
(58,23,39,1,300,0.2154,64.6200,1,26,'2020-05-22 15:25:27','2020-05-22 15:25:27',NULL),
(59,23,39,2,NULL,63.0125,0.0000,0,26,'2020-05-22 15:25:27','2020-05-22 15:25:27',NULL),
(60,23,40,1,350,0.3196,111.8600,1,26,'2020-05-22 15:25:27','2020-05-22 15:25:27',NULL),
(61,24,41,1,300,0.2154,64.6200,1,26,'2020-05-22 15:26:00','2020-05-22 15:26:00',NULL),
(62,24,41,2,NULL,63.0125,0.0000,0,26,'2020-05-22 15:26:00','2020-05-22 15:26:00',NULL),
(63,24,42,1,350,0.3196,111.8600,1,26,'2020-05-22 15:26:00','2020-05-22 15:26:00',NULL),
(70,27,47,1,4000,0.0043,17.2000,1,26,'2020-05-22 15:29:00','2020-05-22 15:29:00',NULL),
(71,27,47,2,NULL,1.2500,0.0000,0,26,'2020-05-22 15:29:00','2020-05-22 15:29:00',NULL),
(72,27,48,1,NULL,0.0064,0.0000,0,26,'2020-05-22 15:29:00','2020-05-22 15:29:00',NULL),
(73,28,49,1,4000,0.0043,17.2000,1,26,'2020-05-22 15:29:17','2020-05-22 15:29:17',NULL),
(74,28,49,2,NULL,1.2500,0.0000,0,26,'2020-05-22 15:29:17','2020-05-22 15:29:17',NULL),
(75,28,50,1,NULL,0.0064,0.0000,0,26,'2020-05-22 15:29:17','2020-05-22 15:29:17',NULL),
(76,29,51,1,300,0.2154,64.6200,1,26,'2020-05-22 15:30:32','2020-05-22 15:39:18',NULL),
(77,29,51,2,NULL,63.0125,0.0000,0,26,'2020-05-22 15:30:32','2020-05-22 15:39:18',NULL),
(78,29,52,1,350,0.3196,111.8600,1,26,'2020-05-22 15:30:32','2020-05-22 15:39:18',NULL),
(79,30,53,1,300,0.2154,64.6200,1,26,'2020-05-22 15:40:41','2020-05-22 15:40:41',NULL),
(80,30,53,2,NULL,63.0125,0.0000,0,26,'2020-05-22 15:40:42','2020-05-22 15:40:42',NULL),
(81,30,54,1,350,0.3196,111.8600,1,26,'2020-05-22 15:40:42','2020-05-22 15:40:42',NULL),
(82,31,55,1,300,0.2154,64.6200,1,26,'2020-05-22 15:56:21','2020-05-22 15:56:21',NULL),
(83,31,55,2,NULL,63.0125,0.0000,0,26,'2020-05-22 15:56:21','2020-05-22 15:56:21',NULL),
(84,31,56,1,350,0.3196,111.8600,1,26,'2020-05-22 15:56:21','2020-05-22 15:56:21',NULL),
(85,32,57,1,300,0.2154,64.6200,1,26,'2020-05-27 14:29:09','2020-05-27 14:29:09',NULL),
(86,32,57,2,NULL,63.0125,0.0000,0,26,'2020-05-27 14:29:09','2020-05-27 14:29:09',NULL),
(87,32,58,1,350,0.3196,111.8600,1,26,'2020-05-27 14:29:09','2020-05-27 14:29:09',NULL),
(88,33,59,1,NULL,0.2154,0.0000,0,26,'2020-06-02 10:11:59','2020-06-02 10:11:59',NULL),
(89,33,59,2,100,63.0125,6301.2500,1,26,'2020-06-02 10:11:59','2020-06-02 10:11:59',NULL),
(90,34,60,1,2000,0.0043,8.6000,1,26,'2020-06-02 10:15:50','2020-06-02 10:15:50',NULL),
(91,34,60,2,NULL,1.2500,0.0000,0,26,'2020-06-02 10:15:50','2020-06-02 10:15:50',NULL),
(92,35,61,1,2000,0.0043,8.6000,1,26,'2020-06-02 15:31:57','2020-06-02 15:31:57',NULL),
(93,35,61,2,NULL,1.2500,0.0000,0,26,'2020-06-02 15:31:57','2020-06-02 15:31:57',NULL),
(94,36,62,1,1000,0.0043,4.3000,1,26,'2020-06-02 15:34:14','2020-06-02 15:34:14',NULL),
(95,36,62,2,NULL,1.2500,0.0000,0,26,'2020-06-02 15:34:14','2020-06-02 15:34:14',NULL),
(96,37,63,1,3000,0.0043,12.9000,1,26,'2020-06-02 15:38:06','2020-06-02 15:38:06',NULL),
(97,37,63,2,NULL,1.2500,0.0000,0,26,'2020-06-02 15:38:06','2020-06-02 15:38:06',NULL),
(98,38,64,1,3000,0.0043,12.9000,1,26,'2020-06-02 15:41:36','2020-06-02 15:41:36',NULL),
(99,38,64,2,NULL,1.2500,0.0000,0,26,'2020-06-02 15:41:36','2020-06-02 15:41:36',NULL),
(100,39,65,1,3000,0.0043,12.9000,1,26,'2020-06-02 15:42:01','2020-06-02 15:42:01',NULL),
(101,39,65,2,NULL,1.2500,0.0000,0,26,'2020-06-02 15:42:01','2020-06-02 15:42:01',NULL),
(102,40,66,1,3000,0.0043,12.9000,1,26,'2020-06-02 15:42:15','2020-06-02 15:42:15',NULL),
(103,40,66,2,NULL,1.2500,0.0000,0,26,'2020-06-02 15:42:15','2020-06-02 15:42:15',NULL),
(104,41,67,1,3000,0.0043,12.9000,1,26,'2020-06-02 15:42:50','2020-06-02 15:42:50',NULL),
(105,41,67,2,NULL,1.2500,0.0000,0,26,'2020-06-02 15:42:50','2020-06-02 15:42:50',NULL),
(106,42,68,1,3000,0.0043,12.9000,1,26,'2020-06-02 15:43:14','2020-06-02 15:43:14',NULL),
(107,42,68,2,NULL,1.2500,0.0000,0,26,'2020-06-02 15:43:14','2020-06-02 15:43:14',NULL);

/*Table structure for table `computation_sheet_processes` */

DROP TABLE IF EXISTS `computation_sheet_processes`;

CREATE TABLE `computation_sheet_processes` (
  `id` int(10) NOT NULL AUTO_INCREMENT,
  `cs_id` int(10) NOT NULL,
  `cs_order_processes_id` int(10) NOT NULL,
  `cs_process_id` int(10) NOT NULL,
  `cs_process_qty` int(10) DEFAULT NULL,
  `cs_process_unit_amount` decimal(14,4) DEFAULT '0.0000',
  `cs_process_total_amount` decimal(14,4) DEFAULT '0.0000',
  `employee_id` int(10) NOT NULL,
  `created_at` datetime NOT NULL,
  `updated_at` datetime DEFAULT NULL,
  `deleted_at` datetime DEFAULT NULL,
  PRIMARY KEY (`id`)
) ENGINE=InnoDB AUTO_INCREMENT=68 DEFAULT CHARSET=utf8 COMMENT='			';

/*Data for the table `computation_sheet_processes` */

insert  into `computation_sheet_processes`(`id`,`cs_id`,`cs_order_processes_id`,`cs_process_id`,`cs_process_qty`,`cs_process_unit_amount`,`cs_process_total_amount`,`employee_id`,`created_at`,`updated_at`,`deleted_at`) values 
(1,1,0,2,100,1.2000,120.0000,26,'2020-05-20 08:13:41','2020-05-20 08:13:41',NULL),
(2,1,0,4,200,1.5000,300.0000,26,'2020-05-20 08:13:41','2020-05-20 08:13:41',NULL),
(3,2,0,2,100,1.2000,120.0000,26,'2020-05-20 08:15:39','2020-05-20 08:15:39',NULL),
(4,2,0,4,200,1.5000,300.0000,26,'2020-05-20 08:15:39','2020-05-20 08:15:39',NULL),
(5,4,0,2,100,1.2000,120.0000,26,'2020-05-20 08:20:43','2020-05-20 08:20:43',NULL),
(6,4,0,4,200,1.5000,300.0000,26,'2020-05-20 08:20:43','2020-05-20 08:20:43',NULL),
(7,5,17,2,100,0.0500,5.0000,26,'2020-05-20 11:07:53','2020-05-20 11:07:53',NULL),
(8,5,18,4,200,0.0670,13.4000,26,'2020-05-20 11:07:53','2020-05-20 11:07:53',NULL),
(9,6,17,2,100,0.0500,5.0000,26,'2020-05-20 14:02:29','2020-05-20 14:02:29',NULL),
(10,6,18,4,200,0.0670,13.4000,26,'2020-05-20 14:02:29','2020-05-20 14:02:29',NULL),
(11,7,17,2,100,0.0500,5.0000,26,'2020-05-20 14:11:30','2020-05-20 14:11:30',NULL),
(12,7,18,4,200,0.0670,13.4000,26,'2020-05-20 14:11:30','2020-05-20 14:11:30',NULL),
(13,8,17,2,100,0.0500,5.0000,26,'2020-05-20 14:13:35','2020-05-21 09:54:45',NULL),
(14,8,18,4,200,0.0670,13.4000,26,'2020-05-20 14:13:35','2020-05-21 09:54:45',NULL),
(15,9,17,2,100,0.0500,5.0000,26,'2020-05-21 10:05:16','2020-05-21 10:05:16',NULL),
(16,9,18,4,200,0.0670,13.4000,26,'2020-05-21 10:05:16','2020-05-21 10:05:16',NULL),
(17,10,17,2,100,0.0500,5.0000,26,'2020-05-21 10:08:51','2020-05-21 10:08:51',NULL),
(18,10,18,4,200,0.0670,13.4000,26,'2020-05-21 10:08:51','2020-05-21 10:08:51',NULL),
(19,11,17,2,100,0.0500,5.0000,26,'2020-05-21 10:11:34','2020-05-21 10:11:34',NULL),
(20,11,18,4,200,0.0670,13.4000,26,'2020-05-21 10:11:34','2020-05-21 10:11:34',NULL),
(21,12,17,2,100,0.0500,5.0000,26,'2020-05-21 10:13:15','2020-05-21 11:55:32',NULL),
(22,12,18,4,200,0.0670,13.4000,26,'2020-05-21 10:13:15','2020-05-21 11:55:32',NULL),
(23,13,17,2,100,0.0500,5.0000,26,'2020-05-21 11:57:13','2020-05-21 11:57:13',NULL),
(24,13,18,4,200,0.0670,13.4000,26,'2020-05-21 11:57:13','2020-05-21 11:57:13',NULL),
(25,14,17,2,100,0.0500,5.0000,26,'2020-05-21 12:06:43','2020-05-21 12:06:43',NULL),
(26,14,18,4,200,0.0670,13.4000,26,'2020-05-21 12:06:43','2020-05-21 12:06:43',NULL),
(27,15,17,2,100,0.0500,5.0000,26,'2020-05-21 13:29:40','2020-05-21 13:29:40',NULL),
(28,15,18,4,200,0.0670,13.4000,26,'2020-05-21 13:29:40','2020-05-21 13:29:40',NULL),
(29,16,17,2,100,0.0340,3.4000,26,'2020-05-21 13:42:13','2020-05-21 13:42:13',NULL),
(30,16,18,4,200,0.0400,8.0000,26,'2020-05-21 13:42:13','2020-05-21 13:42:13',NULL),
(31,19,17,2,350,0.2150,75.2500,26,'2020-05-21 14:03:05','2020-05-21 14:03:05',NULL),
(32,19,18,4,400,0.1500,60.0000,26,'2020-05-21 14:03:05','2020-05-21 14:03:05',NULL),
(33,20,17,2,350,0.2150,75.2500,26,'2020-05-21 14:05:30','2020-05-21 14:08:42',NULL),
(34,20,18,4,400,0.1500,60.0000,26,'2020-05-21 14:05:30','2020-05-21 14:08:42',NULL),
(35,21,17,2,350,0.2150,75.2500,26,'2020-05-22 15:14:03','2020-05-22 15:14:03',NULL),
(36,21,18,4,400,0.1500,60.0000,26,'2020-05-22 15:14:03','2020-05-22 15:14:03',NULL),
(37,22,17,2,350,0.2150,75.2500,26,'2020-05-22 15:17:47','2020-05-22 15:17:47',NULL),
(38,22,18,4,400,0.1500,60.0000,26,'2020-05-22 15:17:47','2020-05-22 15:17:47',NULL),
(39,23,17,2,350,0.2150,75.2500,26,'2020-05-22 15:25:27','2020-05-22 15:25:27',NULL),
(40,23,18,4,400,0.1500,60.0000,26,'2020-05-22 15:25:27','2020-05-22 15:25:27',NULL),
(41,24,17,2,350,0.2150,75.2500,26,'2020-05-22 15:26:00','2020-05-22 15:26:00',NULL),
(42,24,18,4,400,0.1500,60.0000,26,'2020-05-22 15:26:00','2020-05-22 15:26:00',NULL),
(46,27,17,2,4000,0.0050,20.0000,26,'2020-05-22 15:29:00','2020-05-22 15:29:00',NULL),
(47,27,18,4,NULL,NULL,0.0000,26,'2020-05-22 15:29:00','2020-05-22 15:29:00',NULL),
(48,28,17,2,4000,0.0050,20.0000,26,'2020-05-22 15:29:17','2020-05-22 15:29:17',NULL),
(49,28,18,4,NULL,NULL,0.0000,26,'2020-05-22 15:29:17','2020-05-22 15:29:17',NULL),
(50,29,17,2,350,0.2150,75.2500,26,'2020-05-22 15:30:32','2020-05-22 15:39:18',NULL),
(51,29,18,4,400,0.1500,60.0000,26,'2020-05-22 15:30:32','2020-05-22 15:39:18',NULL),
(52,30,17,2,350,0.2150,75.2500,26,'2020-05-22 15:40:42','2020-05-22 15:40:42',NULL),
(53,30,18,4,400,0.1500,60.0000,26,'2020-05-22 15:40:42','2020-05-22 15:40:42',NULL),
(54,31,17,2,350,0.2150,75.2500,26,'2020-05-22 15:56:21','2020-05-22 15:56:21',NULL),
(55,31,18,4,400,0.1500,60.0000,26,'2020-05-22 15:56:21','2020-05-22 15:56:21',NULL),
(56,32,17,2,350,0.2150,75.2500,26,'2020-05-27 14:29:09','2020-05-27 14:29:09',NULL),
(57,32,18,4,400,0.1500,60.0000,26,'2020-05-27 14:29:09','2020-05-27 14:29:09',NULL),
(58,33,19,1,100,10.0000,1000.0000,26,'2020-06-02 10:11:59','2020-06-02 10:11:59',NULL),
(59,34,19,1,2000,0.0050,10.0000,26,'2020-06-02 10:15:50','2020-06-02 10:15:50',NULL),
(60,35,21,1,2000,0.0020,4.0000,26,'2020-06-02 15:31:57','2020-06-02 15:31:57',NULL),
(61,36,21,1,1000,0.0040,4.0000,26,'2020-06-02 15:34:14','2020-06-02 15:34:14',NULL),
(62,37,21,1,3000,0.0030,9.0000,26,'2020-06-02 15:38:06','2020-06-02 15:38:06',NULL),
(63,38,21,1,3000,0.0030,9.0000,26,'2020-06-02 15:41:36','2020-06-02 15:41:36',NULL),
(64,39,21,1,3000,0.0030,9.0000,26,'2020-06-02 15:42:01','2020-06-02 15:42:01',NULL),
(65,40,21,1,3000,0.0030,9.0000,26,'2020-06-02 15:42:15','2020-06-02 15:42:15',NULL),
(66,41,21,1,3000,0.0030,9.0000,26,'2020-06-02 15:42:50','2020-06-02 15:42:50',NULL),
(67,42,21,1,3000,0.0030,9.0000,26,'2020-06-02 15:43:14','2020-06-02 15:43:14',NULL);

/*Table structure for table `computation_sheet_processes_subcon` */

DROP TABLE IF EXISTS `computation_sheet_processes_subcon`;

CREATE TABLE `computation_sheet_processes_subcon` (
  `id` int(10) NOT NULL AUTO_INCREMENT,
  `cs_id` int(10) NOT NULL,
  `cs_order_process_subcon_id` int(10) NOT NULL,
  `cs_process_subcon_qty` int(10) DEFAULT NULL,
  `cs_process_subcon_unit_amount` decimal(14,4) DEFAULT '0.0000',
  `cs_process_subcon_total_amount` decimal(14,4) DEFAULT '0.0000',
  `employee_id` int(10) NOT NULL,
  `created_at` datetime NOT NULL,
  `updated_at` datetime DEFAULT NULL,
  `deleted_at` datetime DEFAULT NULL,
  PRIMARY KEY (`id`)
) ENGINE=InnoDB AUTO_INCREMENT=65 DEFAULT CHARSET=utf8 COMMENT='			';

/*Data for the table `computation_sheet_processes_subcon` */

insert  into `computation_sheet_processes_subcon`(`id`,`cs_id`,`cs_order_process_subcon_id`,`cs_process_subcon_qty`,`cs_process_subcon_unit_amount`,`cs_process_subcon_total_amount`,`employee_id`,`created_at`,`updated_at`,`deleted_at`) values 
(1,1,17,300,1.2300,369.0000,26,'2020-05-20 08:13:41','2020-05-20 08:13:41',NULL),
(2,1,18,400,0.8900,356.0000,26,'2020-05-20 08:13:41','2020-05-20 08:13:41',NULL),
(3,2,17,300,1.2300,369.0000,26,'2020-05-20 08:15:39','2020-05-20 08:15:39',NULL),
(4,2,18,400,0.8900,356.0000,26,'2020-05-20 08:15:39','2020-05-20 08:15:39',NULL),
(5,4,17,300,1.2300,369.0000,26,'2020-05-20 08:20:43','2020-05-20 08:20:43',NULL),
(6,4,18,400,0.8900,356.0000,26,'2020-05-20 08:20:43','2020-05-20 08:20:43',NULL),
(7,5,17,300,0.0450,13.5000,26,'2020-05-20 11:07:53','2020-05-20 11:07:53',NULL),
(8,5,18,500,0.0340,17.0000,26,'2020-05-20 11:07:53','2020-05-20 11:07:53',NULL),
(9,6,17,300,0.0450,13.5000,26,'2020-05-20 14:02:29','2020-05-20 14:02:29',NULL),
(10,6,18,500,0.0340,17.0000,26,'2020-05-20 14:02:29','2020-05-20 14:02:29',NULL),
(11,7,17,300,0.0450,13.5000,26,'2020-05-20 14:11:30','2020-05-20 14:11:30',NULL),
(12,7,18,500,0.0340,17.0000,26,'2020-05-20 14:11:30','2020-05-20 14:11:30',NULL),
(13,8,17,300,0.0450,13.5000,26,'2020-05-20 14:13:35','2020-05-21 09:54:45',NULL),
(14,8,18,500,0.0340,17.0000,26,'2020-05-20 14:13:35','2020-05-21 09:54:45',NULL),
(15,9,17,300,0.0450,13.5000,26,'2020-05-21 10:05:16','2020-05-21 10:05:16',NULL),
(16,9,18,500,0.0340,17.0000,26,'2020-05-21 10:05:16','2020-05-21 10:05:16',NULL),
(17,10,17,300,0.0450,13.5000,26,'2020-05-21 10:08:51','2020-05-21 10:08:51',NULL),
(18,10,18,500,0.0340,17.0000,26,'2020-05-21 10:08:51','2020-05-21 10:08:51',NULL),
(19,11,17,300,0.0450,13.5000,26,'2020-05-21 10:11:34','2020-05-21 10:11:34',NULL),
(20,11,18,500,0.0340,17.0000,26,'2020-05-21 10:11:34','2020-05-21 10:11:34',NULL),
(21,12,17,300,0.0450,13.5000,26,'2020-05-21 10:13:15','2020-05-21 11:55:32',NULL),
(22,12,18,500,0.0340,17.0000,26,'2020-05-21 10:13:15','2020-05-21 11:55:32',NULL),
(23,13,17,300,0.0450,13.5000,26,'2020-05-21 11:57:13','2020-05-21 11:57:13',NULL),
(24,13,18,500,0.0340,17.0000,26,'2020-05-21 11:57:13','2020-05-21 11:57:13',NULL),
(25,14,17,300,0.0450,13.5000,26,'2020-05-21 12:06:43','2020-05-21 12:06:43',NULL),
(26,14,18,500,0.0340,17.0000,26,'2020-05-21 12:06:43','2020-05-21 12:06:43',NULL),
(27,15,17,300,0.0450,13.5000,26,'2020-05-21 13:29:40','2020-05-21 13:29:40',NULL),
(28,15,18,500,0.0340,17.0000,26,'2020-05-21 13:29:40','2020-05-21 13:29:40',NULL),
(29,16,17,250,0.0570,14.2500,26,'2020-05-21 13:42:13','2020-05-21 13:42:13',NULL),
(30,16,18,300,0.0500,15.0000,26,'2020-05-21 13:42:13','2020-05-21 13:42:13',NULL),
(31,19,17,300,0.2800,84.0000,26,'2020-05-21 14:03:05','2020-05-21 14:03:05',NULL),
(32,19,18,325,0.1700,55.2500,26,'2020-05-21 14:03:05','2020-05-21 14:03:05',NULL),
(33,20,17,300,0.2800,84.0000,26,'2020-05-21 14:05:30','2020-05-21 14:08:42',NULL),
(34,20,18,325,0.1700,55.2500,26,'2020-05-21 14:05:30','2020-05-21 14:08:42',NULL),
(35,21,17,300,0.2800,84.0000,26,'2020-05-22 15:14:03','2020-05-22 15:14:03',NULL),
(36,21,18,325,0.1700,55.2500,26,'2020-05-22 15:14:03','2020-05-22 15:14:03',NULL),
(37,22,17,300,0.2800,84.0000,26,'2020-05-22 15:17:47','2020-05-22 15:17:47',NULL),
(38,22,18,325,0.1700,55.2500,26,'2020-05-22 15:17:47','2020-05-22 15:17:47',NULL),
(39,23,17,300,0.2800,84.0000,26,'2020-05-22 15:25:27','2020-05-22 15:25:27',NULL),
(40,23,18,325,0.1700,55.2500,26,'2020-05-22 15:25:27','2020-05-22 15:25:27',NULL),
(41,24,17,300,0.2800,84.0000,26,'2020-05-22 15:26:00','2020-05-22 15:26:00',NULL),
(42,24,18,325,0.1700,55.2500,26,'2020-05-22 15:26:00','2020-05-22 15:26:00',NULL),
(43,27,17,NULL,NULL,0.0000,26,'2020-05-22 15:29:00','2020-05-22 15:29:00',NULL),
(44,27,18,NULL,NULL,0.0000,26,'2020-05-22 15:29:00','2020-05-22 15:29:00',NULL),
(45,28,17,NULL,NULL,0.0000,26,'2020-05-22 15:29:17','2020-05-22 15:29:17',NULL),
(46,28,18,NULL,NULL,0.0000,26,'2020-05-22 15:29:17','2020-05-22 15:29:17',NULL),
(47,29,17,300,0.2800,84.0000,26,'2020-05-22 15:30:32','2020-05-22 15:39:18',NULL),
(48,29,18,325,0.1700,55.2500,26,'2020-05-22 15:30:32','2020-05-22 15:39:18',NULL),
(49,30,17,300,0.2800,84.0000,26,'2020-05-22 15:40:42','2020-05-22 15:40:42',NULL),
(50,30,18,325,0.1700,55.2500,26,'2020-05-22 15:40:42','2020-05-22 15:40:42',NULL),
(51,31,17,300,0.2800,84.0000,26,'2020-05-22 15:56:21','2020-05-22 15:56:21',NULL),
(52,31,18,325,0.1700,55.2500,26,'2020-05-22 15:56:21','2020-05-22 15:56:21',NULL),
(53,32,17,300,0.2800,84.0000,26,'2020-05-27 14:29:09','2020-05-27 14:29:09',NULL),
(54,32,18,325,0.1700,55.2500,26,'2020-05-27 14:29:09','2020-05-27 14:29:09',NULL),
(55,33,19,100,15.0000,1500.0000,26,'2020-06-02 10:11:59','2020-06-02 10:11:59',NULL),
(56,34,19,2000,0.0040,8.0000,26,'2020-06-02 10:15:50','2020-06-02 10:15:50',NULL),
(57,35,21,2000,0.0040,8.0000,26,'2020-06-02 15:31:57','2020-06-02 15:31:57',NULL),
(58,36,21,1000,0.0010,1.0000,26,'2020-06-02 15:34:14','2020-06-02 15:34:14',NULL),
(59,37,21,NULL,NULL,0.0000,26,'2020-06-02 15:38:06','2020-06-02 15:38:06',NULL),
(60,38,21,NULL,NULL,0.0000,26,'2020-06-02 15:41:36','2020-06-02 15:41:36',NULL),
(61,39,21,NULL,NULL,0.0000,26,'2020-06-02 15:42:01','2020-06-02 15:42:01',NULL),
(62,40,21,NULL,NULL,0.0000,26,'2020-06-02 15:42:15','2020-06-02 15:42:15',NULL),
(63,41,21,NULL,NULL,0.0000,26,'2020-06-02 15:42:50','2020-06-02 15:42:50',NULL),
(64,42,21,NULL,NULL,0.0000,26,'2020-06-02 15:43:14','2020-06-02 15:43:14',NULL);

/*Table structure for table `departments` */

DROP TABLE IF EXISTS `departments`;

CREATE TABLE `departments` (
  `id` int(2) NOT NULL AUTO_INCREMENT,
  `department_code` varchar(4) NOT NULL,
  `department_name` varchar(30) NOT NULL,
  `department_contact` text,
  `department_pic` varchar(50) DEFAULT NULL,
  `employee_id` int(10) NOT NULL,
  `created_at` datetime NOT NULL,
  `updated_at` datetime DEFAULT NULL,
  `deleted_at` datetime DEFAULT NULL,
  PRIMARY KEY (`id`)
) ENGINE=InnoDB AUTO_INCREMENT=4 DEFAULT CHARSET=utf8;

/*Data for the table `departments` */

insert  into `departments`(`id`,`department_code`,`department_name`,`department_contact`,`department_pic`,`employee_id`,`created_at`,`updated_at`,`deleted_at`) values 
(1,'SALE','Sales Department','045-7894',NULL,26,'2020-02-27 06:14:10',NULL,NULL),
(2,'MPCC','MPCC Department','045-7891',NULL,26,'2020-02-27 06:15:47',NULL,NULL),
(3,'WRHS','Warehouse Department','045-7562',NULL,26,'2020-02-27 06:16:14',NULL,NULL);

/*Table structure for table `employee_permission` */

DROP TABLE IF EXISTS `employee_permission`;

CREATE TABLE `employee_permission` (
  `id` int(10) NOT NULL AUTO_INCREMENT,
  `permission_id` int(2) NOT NULL,
  `employee_id` int(10) NOT NULL,
  `created_at` datetime NOT NULL,
  `updated_at` datetime DEFAULT NULL,
  `deleted_at` datetime DEFAULT NULL,
  PRIMARY KEY (`id`)
) ENGINE=InnoDB DEFAULT CHARSET=utf8;

/*Data for the table `employee_permission` */

/*Table structure for table `exchange_rate` */

DROP TABLE IF EXISTS `exchange_rate`;

CREATE TABLE `exchange_rate` (
  `id` int(11) NOT NULL AUTO_INCREMENT,
  `conversion_id` int(1) NOT NULL,
  `rate` decimal(8,4) NOT NULL DEFAULT '0.0000',
  `employee_id` int(10) NOT NULL,
  `created_at` datetime DEFAULT NULL,
  `updated_at` datetime DEFAULT NULL,
  `deleted_at` datetime DEFAULT NULL,
  PRIMARY KEY (`id`)
) ENGINE=InnoDB AUTO_INCREMENT=33 DEFAULT CHARSET=utf8;

/*Data for the table `exchange_rate` */

insert  into `exchange_rate`(`id`,`conversion_id`,`rate`,`employee_id`,`created_at`,`updated_at`,`deleted_at`) values 
(1,1,0.0200,26,'2020-03-04 15:37:35','2020-03-04 15:37:38',NULL),
(2,2,50.5300,26,'2020-03-04 15:58:53','2020-03-04 15:59:00',NULL),
(3,3,0.0093,26,'2020-03-04 15:58:56','2020-03-04 15:59:02',NULL),
(4,4,0.4700,26,'2020-03-04 15:58:57','2020-03-04 15:59:03',NULL),
(6,4,0.4700,26,'2020-03-04 09:41:16','2020-03-04 09:41:16',NULL),
(7,1,0.0210,26,'2020-03-04 10:23:39','2020-03-04 10:23:39',NULL),
(8,2,50.5500,26,'2020-03-05 01:04:30','2020-03-05 01:04:30',NULL),
(9,4,0.4500,26,'2020-03-05 01:07:31','2020-03-05 01:07:31',NULL),
(10,3,0.0091,26,'2020-03-05 01:08:12','2020-03-05 01:08:12',NULL),
(11,2,50.5600,26,'2020-03-05 01:08:21','2020-03-05 01:08:21',NULL),
(12,3,0.0093,26,'2020-03-05 01:26:42','2020-03-05 01:26:42',NULL),
(13,4,0.4700,26,'2020-03-05 01:26:51','2020-03-05 01:26:51',NULL),
(14,4,0.4700,26,'2020-03-05 01:26:56','2020-03-05 01:26:56',NULL),
(15,4,0.4600,26,'2020-03-05 01:27:26','2020-03-05 01:27:26',NULL),
(16,1,0.0220,26,'2020-03-05 01:27:35','2020-03-05 01:27:35',NULL),
(17,2,50.5500,26,'2020-03-05 01:28:30','2020-03-05 01:28:30',NULL),
(18,1,0.0221,26,'2020-03-05 03:10:30','2020-03-05 03:10:30',NULL),
(19,4,0.4700,26,'2020-03-05 03:43:03','2020-03-05 03:43:03',NULL),
(20,3,0.0095,26,'2020-03-05 03:44:06','2020-03-05 03:44:06',NULL),
(21,3,0.0093,26,'2020-03-05 03:47:11','2020-03-05 03:47:11',NULL),
(22,3,0.0092,26,'2020-03-05 04:54:24','2020-03-05 04:54:24',NULL),
(23,3,0.0092,26,'2020-03-05 06:10:54','2020-03-05 06:10:54',NULL),
(24,3,0.0092,26,'2020-03-05 06:11:04','2020-03-05 06:11:04',NULL),
(25,2,50.5600,26,'2020-03-05 07:44:18','2020-03-05 07:44:18',NULL),
(26,1,0.0222,26,'2020-03-05 07:58:47','2020-03-05 07:58:47',NULL),
(27,1,0.0222,26,'2020-03-05 07:59:19','2020-03-05 07:59:19',NULL),
(28,1,0.0223,26,'2020-03-12 09:00:52','2020-03-12 09:00:52',NULL),
(29,2,50.5900,26,'2020-03-12 09:01:27','2020-03-12 09:01:27',NULL),
(30,1,0.0200,26,'2020-05-14 15:01:40','2020-05-14 15:01:40',NULL),
(31,2,50.4100,26,'2020-05-14 15:02:03','2020-05-14 15:02:03',NULL),
(32,3,0.0094,26,'2020-05-14 15:03:04','2020-05-14 15:03:04',NULL);

/*Table structure for table `material_classifications` */

DROP TABLE IF EXISTS `material_classifications`;

CREATE TABLE `material_classifications` (
  `id` int(4) NOT NULL AUTO_INCREMENT,
  `type_code_id` int(2) NOT NULL,
  `material_classification_name` varchar(30) NOT NULL,
  `employee_id` int(10) DEFAULT NULL,
  `created_at` datetime NOT NULL,
  `updated_at` datetime DEFAULT NULL,
  `deleted_at` datetime DEFAULT NULL,
  PRIMARY KEY (`id`)
) ENGINE=InnoDB AUTO_INCREMENT=23 DEFAULT CHARSET=utf8;

/*Data for the table `material_classifications` */

insert  into `material_classifications`(`id`,`type_code_id`,`material_classification_name`,`employee_id`,`created_at`,`updated_at`,`deleted_at`) values 
(1,10,'Sheeted',NULL,'2020-03-19 16:50:40',NULL,NULL),
(2,8,'Roll',NULL,'2020-03-19 16:50:40',NULL,NULL),
(3,8,'Roll-Big',NULL,'2020-03-19 16:50:40',NULL,NULL),
(4,4,'Label',NULL,'2020-03-19 16:50:40',NULL,NULL),
(5,6,'Box',NULL,'2020-03-19 16:50:40',NULL,NULL),
(6,14,'Silver String',NULL,'2020-03-19 16:50:40',NULL,NULL),
(7,6,'Pad',NULL,'2020-03-19 16:50:40',NULL,NULL),
(8,14,'Sticker',NULL,'2020-03-19 16:50:40',NULL,NULL),
(9,3,'Hangtag',NULL,'2020-03-19 16:50:40',NULL,NULL),
(10,14,'Consumables',NULL,'2020-03-19 16:50:40',NULL,NULL),
(11,9,'Stretch Film',NULL,'2020-03-19 16:50:40',NULL,NULL),
(12,7,'Thermal Ribbon',NULL,'2020-03-19 16:50:40',NULL,NULL),
(13,15,'Manual',NULL,'2020-03-19 16:50:40',NULL,NULL),
(14,5,'Leaflet',NULL,'2020-03-19 16:50:40',NULL,NULL),
(15,14,'Form',NULL,'2020-03-19 16:50:40',NULL,NULL),
(16,2,'Envelope',NULL,'2020-03-19 16:50:40',NULL,NULL),
(17,14,'Vinyl Tube',NULL,'2020-03-19 16:50:40',NULL,NULL),
(18,7,'Ribbon',NULL,'2020-03-19 16:50:40',NULL,NULL),
(19,14,'Card',NULL,'2020-03-19 16:50:40',NULL,NULL),
(20,5,'Sheeted',NULL,'2020-03-19 17:28:29',NULL,NULL),
(21,14,'Stainless Sheet',NULL,'2020-03-19 17:29:40',NULL,NULL),
(22,2,'test',26,'2020-04-21 03:55:36','2020-04-21 03:55:36',NULL);

/*Table structure for table `materials` */

DROP TABLE IF EXISTS `materials`;

CREATE TABLE `materials` (
  `id` int(10) NOT NULL AUTO_INCREMENT,
  `material_description` text NOT NULL,
  `material_type_id` int(2) NOT NULL,
  `material_classification_id` int(2) DEFAULT NULL,
  `material_length` double DEFAULT NULL,
  `material_length_unit` varchar(2) DEFAULT 'mm',
  `material_width` double DEFAULT NULL,
  `material_width_unit` varchar(2) DEFAULT 'mm',
  `material_thickness` double DEFAULT NULL,
  `material_thickness_unit` varchar(10) DEFAULT 'microns',
  `material_last_in` datetime NOT NULL,
  `material_last_out` datetime DEFAULT NULL,
  `material_location` text,
  `employee_id` int(10) NOT NULL,
  `created_at` datetime NOT NULL,
  `updated_at` datetime DEFAULT NULL,
  `deleted_at` datetime DEFAULT NULL,
  PRIMARY KEY (`id`)
) ENGINE=InnoDB AUTO_INCREMENT=169 DEFAULT CHARSET=utf8;

/*Data for the table `materials` */

insert  into `materials`(`id`,`material_description`,`material_type_id`,`material_classification_id`,`material_length`,`material_length_unit`,`material_width`,`material_width_unit`,`material_thickness`,`material_thickness_unit`,`material_last_in`,`material_last_out`,`material_location`,`employee_id`,`created_at`,`updated_at`,`deleted_at`) values 
(1,'3M 9888T DOUBLE COATED TISSUE TAPE',8,2,170,'mm',50,'m',NULL,NULL,'2020-04-20 06:50:19','2020-05-15 07:33:53','FOR UPDATE',26,'2020-04-20 06:50:19','2020-05-15 07:33:53',NULL),
(2,'BOOK # 40 ',10,20,25,'in',38,'in',NULL,NULL,'2020-04-20 06:50:19',NULL,'FOR UPDATE',1,'2020-04-20 06:50:19','2020-04-20 06:50:19',NULL),
(3,'BOOK # 40 ',10,20,34,'in',43,'in',NULL,NULL,'2020-04-20 06:50:19',NULL,'FOR UPDATE',1,'2020-04-20 06:50:19','2020-04-20 06:50:19',NULL),
(4,'BOOK # 40     ',10,20,26,'in',38,'in',NULL,NULL,'2020-04-20 06:50:19',NULL,'FOR UPDATE',1,'2020-04-20 06:50:19','2020-04-20 06:50:19',NULL),
(5,'BOOK # 40   ',10,20,31,'in',43,'in',NULL,NULL,'2020-04-20 06:50:19',NULL,'FOR UPDATE',1,'2020-04-20 06:50:19','2020-04-20 06:50:19',NULL),
(6,'BOOK # 40    ',10,20,26,'in',38,'in',NULL,NULL,'2020-04-20 06:50:19',NULL,'FOR UPDATE',1,'2020-04-20 06:50:19','2020-04-20 06:50:19',NULL),
(7,'BOOK # 40    ',10,20,25,'in',38,'in',NULL,NULL,'2020-04-20 06:50:19',NULL,'FOR UPDATE',1,'2020-04-20 06:50:19','2020-04-20 06:50:19',NULL),
(8,'BOOK # 50 ',8,3,9.5,'in',6000,'m',NULL,NULL,'2020-04-20 06:50:19',NULL,'FOR UPDATE',1,'2020-04-20 06:50:19','2020-04-20 06:50:19',NULL),
(9,'BOOK # 50 ',10,20,26,'in',38,'in',NULL,NULL,'2020-04-20 06:50:19',NULL,'FOR UPDATE',1,'2020-04-20 06:50:19','2020-04-20 06:50:19',NULL),
(10,'BOOK # 50 ',10,20,28,'in',43,'in',NULL,NULL,'2020-04-20 06:50:19',NULL,'FOR UPDATE',1,'2020-04-20 06:50:19','2020-04-20 06:50:19',NULL),
(11,'BOOK # 50 ',10,20,25,'in',38,'in',NULL,NULL,'2020-04-20 06:50:19',NULL,'FOR UPDATE',1,'2020-04-20 06:50:19','2020-04-20 06:50:19',NULL),
(12,'BOOK # 50   ',10,20,31,'in',43,'in',NULL,NULL,'2020-04-20 06:50:19',NULL,'FOR UPDATE',1,'2020-04-20 06:50:19','2020-04-20 06:50:19',NULL),
(13,'BOOK # 50   ',10,20,26,'in',38,'in',NULL,NULL,'2020-04-20 06:50:19',NULL,'FOR UPDATE',1,'2020-04-20 06:50:19','2020-04-20 06:50:19',NULL),
(14,'BOOK # 50',10,20,25,'in',38,'in',NULL,NULL,'2020-04-20 06:50:19',NULL,'FOR UPDATE',1,'2020-04-20 06:50:19','2020-04-20 06:50:19',NULL),
(15,'BOOK # 60',10,20,25,'in',38,'in',NULL,NULL,'2020-04-20 06:50:19',NULL,'FOR UPDATE',1,'2020-04-20 06:50:19','2020-04-20 06:50:19',NULL),
(16,'BOOK # 60',10,20,26,'in',38,'in',NULL,NULL,'2020-04-20 06:50:19',NULL,'FOR UPDATE',1,'2020-04-20 06:50:19','2020-04-20 06:50:19',NULL),
(17,'BOOK # 60   ',10,20,26,'in',38,'in',NULL,NULL,'2020-04-20 06:50:19',NULL,'FOR UPDATE',1,'2020-04-20 06:50:19','2020-04-20 06:50:19',NULL),
(18,'BOOK # 60   ',10,20,25,'in',38,'in',NULL,NULL,'2020-04-20 06:50:19',NULL,'FOR UPDATE',1,'2020-04-20 06:50:19','2020-04-20 06:50:19',NULL),
(19,'BOOK # 60',10,20,31,'in',43,'in',NULL,NULL,'2020-04-20 06:50:19',NULL,'FOR UPDATE',1,'2020-04-20 06:50:19','2020-04-20 06:50:19',NULL),
(20,'BOOK # 70 ',10,20,25,'in',38,'in',NULL,NULL,'2020-04-20 06:50:19',NULL,'FOR UPDATE',1,'2020-04-20 06:50:19','2020-04-20 06:50:19',NULL),
(21,'BOOK # 70 ',10,20,26,'in',38,'in',NULL,NULL,'2020-04-20 06:50:19',NULL,'FOR UPDATE',1,'2020-04-20 06:50:19','2020-04-20 06:50:19',NULL),
(22,'BOOK # 70   ',10,20,25,'in',38,'in',NULL,NULL,'2020-04-20 06:50:19',NULL,'FOR UPDATE',1,'2020-04-20 06:50:19','2020-04-20 06:50:19',NULL),
(23,'BOOK # 70   ',10,20,26,'in',38,'in',NULL,NULL,'2020-04-20 06:50:19',NULL,'FOR UPDATE',1,'2020-04-20 06:50:19','2020-04-20 06:50:19',NULL),
(24,'BOOK # 70 ',8,3,17.5,'in',6500,'m',NULL,NULL,'2020-04-20 06:50:19',NULL,'FOR UPDATE',1,'2020-04-20 06:50:19','2020-04-20 06:50:19',NULL),
(25,'BOOK # 70   ',10,20,31,'in',43,'in',NULL,NULL,'2020-04-20 06:50:19',NULL,'FOR UPDATE',1,'2020-04-20 06:50:19','2020-04-20 06:50:19',NULL),
(26,'BOOK # 80   ',10,20,25,'in',38,'in',NULL,NULL,'2020-04-20 06:50:19',NULL,'FOR UPDATE',1,'2020-04-20 06:50:19','2020-04-20 06:50:19',NULL),
(27,'BOOK ADHESIVE blue back',8,2,70,'mm',600,'m',NULL,NULL,'2020-04-20 06:50:19',NULL,'FOR UPDATE',1,'2020-04-20 06:50:19','2020-04-20 06:50:19',NULL),
(28,'BOOK ADHESIVE blue back',8,2,80,'mm',600,'m',NULL,NULL,'2020-04-20 06:50:19',NULL,'FOR UPDATE',1,'2020-04-20 06:50:19','2020-04-20 06:50:19',NULL),
(29,'BOOK ADHESIVE blue back',8,2,90,'mm',600,'m',NULL,NULL,'2020-04-20 06:50:19',NULL,'FOR UPDATE',1,'2020-04-20 06:50:19','2020-04-20 06:50:19',NULL),
(30,'BOOK ADHESIVE blue back',8,2,100,'mm',600,'m',NULL,NULL,'2020-04-20 06:50:19',NULL,'FOR UPDATE',1,'2020-04-20 06:50:19','2020-04-20 06:50:19',NULL),
(31,'BOOK ADHESIVE blue back',8,2,110,'mm',600,'m',NULL,NULL,'2020-04-20 06:50:19',NULL,'FOR UPDATE',1,'2020-04-20 06:50:19','2020-04-20 06:50:19',NULL),
(32,'BOOK ADHESIVE blue back',8,2,120,'mm',600,'m',NULL,NULL,'2020-04-20 06:50:19',NULL,'FOR UPDATE',1,'2020-04-20 06:50:19','2020-04-20 06:50:19',NULL),
(33,'BOOK ADHESIVE blue back',8,2,185,'mm',600,'m',NULL,NULL,'2020-04-20 06:50:19',NULL,'FOR UPDATE',1,'2020-04-20 06:50:19','2020-04-20 06:50:19',NULL),
(34,'BOOK ADHESIVE blue back',8,2,240,'mm',600,'m',NULL,NULL,'2020-04-20 06:50:19',NULL,'FOR UPDATE',1,'2020-04-20 06:50:19','2020-04-20 06:50:19',NULL),
(35,'BOOK ADHESIVE blue back',8,2,254,'mm',600,'m',NULL,NULL,'2020-04-20 06:50:19',NULL,'FOR UPDATE',1,'2020-04-20 06:50:19','2020-04-20 06:50:19',NULL),
(36,'BOOK ADHESIVE blue back',8,2,295,'mm',600,'m',NULL,NULL,'2020-04-20 06:50:19',NULL,'FOR UPDATE',1,'2020-04-20 06:50:19','2020-04-20 06:50:19',NULL),
(37,'BOOK ADHESIVE blue back',8,2,350,'mm',600,'m',NULL,NULL,'2020-04-20 06:50:19',NULL,'FOR UPDATE',1,'2020-04-20 06:50:19','2020-04-20 06:50:19',NULL),
(38,'BOOK ADHESIVE blue back',8,2,135,'mm',600,'m',NULL,NULL,'2020-04-20 06:50:19',NULL,'FOR UPDATE',1,'2020-04-20 06:50:19','2020-04-20 06:50:19',NULL),
(39,'BOOK ADHESIVE blue back',8,2,175,'mm',600,'m',NULL,NULL,'2020-04-20 06:50:19',NULL,'FOR UPDATE',1,'2020-04-20 06:50:19','2020-04-20 06:50:19',NULL),
(40,'C2S # 160',10,20,25,'in',38,'in',NULL,NULL,'2020-04-20 06:50:19',NULL,'FOR UPDATE',1,'2020-04-20 06:50:19','2020-04-20 06:50:19',NULL),
(41,'C2S # 160',10,20,26,'in',38,'in',NULL,NULL,'2020-04-20 06:50:19',NULL,'FOR UPDATE',1,'2020-04-20 06:50:19','2020-04-20 06:50:19',NULL),
(42,'C2S # 140',10,20,25,'in',38,'in',NULL,NULL,'2020-04-20 06:50:19',NULL,'FOR UPDATE',1,'2020-04-20 06:50:19','2020-04-20 06:50:19',NULL),
(43,'C2S # 140',10,20,25,'in',38,'in',NULL,NULL,'2020-04-20 06:50:19',NULL,'FOR UPDATE',1,'2020-04-20 06:50:19','2020-04-20 06:50:19',NULL),
(44,'C2S # 180',10,20,25,'in',38,'in',NULL,NULL,'2020-04-20 06:50:19',NULL,'FOR UPDATE',1,'2020-04-20 06:50:19','2020-04-20 06:50:19',NULL),
(45,'C2S # 180',10,20,25,'in',38,'in',NULL,NULL,'2020-04-20 06:50:19',NULL,'FOR UPDATE',1,'2020-04-20 06:50:19','2020-04-20 06:50:19',NULL),
(46,'C2S # 220',10,20,25,'in',38,'in',NULL,NULL,'2020-04-20 06:50:19',NULL,'FOR UPDATE',1,'2020-04-20 06:50:19','2020-04-20 06:50:19',NULL),
(47,'C2S # 60      ',10,20,26,'in',38,'in',NULL,NULL,'2020-04-20 06:50:19',NULL,'FOR UPDATE',1,'2020-04-20 06:50:19','2020-04-20 06:50:19',NULL),
(48,'C2S # 60      ',10,20,26,'in',38,'in',NULL,NULL,'2020-04-20 06:50:19',NULL,'FOR UPDATE',1,'2020-04-20 06:50:19','2020-04-20 06:50:19',NULL),
(49,'C2S # 60      ',10,20,25,'in',38,'in',NULL,NULL,'2020-04-20 06:50:19',NULL,'FOR UPDATE',1,'2020-04-20 06:50:19','2020-04-20 06:50:19',NULL),
(50,'C2S # 70      ',10,20,25,'in',38,'in',NULL,NULL,'2020-04-20 06:50:19',NULL,'FOR UPDATE',1,'2020-04-20 06:50:19','2020-04-20 06:50:19',NULL),
(51,'CAROLINA SUBTANCE 210 GSM',10,20,26,'in',40,'in',NULL,NULL,'2020-04-20 06:50:19',NULL,'FOR UPDATE',1,'2020-04-20 06:50:19','2020-04-20 06:50:19',NULL),
(52,'HIGH GLOSS PAPER(CAST COATED PAPER WHITE)',8,2,230,'mm',1000,'m',NULL,NULL,'2020-04-20 06:50:19',NULL,'FOR UPDATE',1,'2020-04-20 06:50:19','2020-04-20 06:50:19',NULL),
(53,'HIGH GLOSS PAPER(CAST COATED PAPER WHITE)',8,2,80,'mm',1000,'m',NULL,NULL,'2020-04-20 06:50:19',NULL,'FOR UPDATE',1,'2020-04-20 06:50:19','2020-04-20 06:50:19',NULL),
(54,'CAST [P] MHR 6K',8,2,80,'mm',1000,'m',NULL,NULL,'2020-04-20 06:50:19',NULL,'FOR UPDATE',1,'2020-04-20 06:50:19','2020-04-20 06:50:19',NULL),
(55,'CAST [P] MHR 6K',8,2,60,'mm',1000,'m',NULL,NULL,'2020-04-20 06:50:19',NULL,'FOR UPDATE',1,'2020-04-20 06:50:19','2020-04-20 06:50:19',NULL),
(56,'CB WHITE',8,3,9.5,'in',6000,'m',NULL,NULL,'2020-04-20 06:50:19',NULL,'FOR UPDATE',1,'2020-04-20 06:50:19','2020-04-20 06:50:19',NULL),
(57,'CB WHITE',8,3,13,'in',6000,'m',NULL,NULL,'2020-04-20 06:50:19',NULL,'FOR UPDATE',1,'2020-04-20 06:50:19','2020-04-20 06:50:19',NULL),
(58,'CF WHITE',8,3,9.5,'in',6000,'m',NULL,NULL,'2020-04-20 06:50:19',NULL,'FOR UPDATE',1,'2020-04-20 06:50:19','2020-04-20 06:50:19',NULL),
(59,'CF WHITE',8,3,13,'in',6000,'m',NULL,NULL,'2020-04-20 06:50:19',NULL,'FOR UPDATE',1,'2020-04-20 06:50:19','2020-04-20 06:50:19',NULL),
(60,'CF WHITE    ',8,3,9.5,'in',6000,'m',NULL,NULL,'2020-04-20 06:50:19',NULL,'FOR UPDATE',1,'2020-04-20 06:50:19','2020-04-20 06:50:19',NULL),
(61,'CF WHITE',8,3,13,'in',12000,'m',NULL,NULL,'2020-04-20 06:50:19',NULL,'FOR UPDATE',1,'2020-04-20 06:50:19','2020-04-20 06:50:19',NULL),
(62,'CFB WHITE',8,3,13,'in',6000,'m',NULL,NULL,'2020-04-20 06:50:19',NULL,'FOR UPDATE',1,'2020-04-20 06:50:19','2020-04-20 06:50:19',NULL),
(63,'CFB WHITE',8,3,9.5,'in',6000,'m',NULL,NULL,'2020-04-20 06:50:19',NULL,'FOR UPDATE',1,'2020-04-20 06:50:19','2020-04-20 06:50:19',NULL),
(64,'CLAY COATED #18',10,20,31,'in',43,'in',NULL,NULL,'2020-04-20 06:50:19',NULL,'FOR UPDATE',1,'2020-04-20 06:50:19','2020-04-20 06:50:19',NULL),
(65,'CLAY COATED #18',10,20,31,'in',43,'in',NULL,NULL,'2020-04-20 06:50:19',NULL,'FOR UPDATE',1,'2020-04-20 06:50:19','2020-04-20 06:50:19',NULL),
(66,'CLAY COATED #15',10,20,31,'in',43,'in',NULL,NULL,'2020-04-20 06:50:19',NULL,'FOR UPDATE',1,'2020-04-20 06:50:19','2020-04-20 06:50:19',NULL),
(67,'CONCORDE LAID cream',10,20,22,'in',34,'in',NULL,NULL,'2020-04-20 06:50:19',NULL,'FOR UPDATE',1,'2020-04-20 06:50:19','2020-04-20 06:50:19',NULL),
(68,'CONCORDE LAID cream',10,20,24,'in',34,'in',NULL,NULL,'2020-04-20 06:50:19',NULL,'FOR UPDATE',1,'2020-04-20 06:50:19','2020-04-20 06:50:19',NULL),
(69,'CHIPBOARD # 120',10,20,26,'in',38,'in',NULL,NULL,'2020-04-20 06:50:19',NULL,'FOR UPDATE',1,'2020-04-20 06:50:19','2020-04-20 06:50:19',NULL),
(70,'COPY PAPER PINK',10,20,257,'mm',364,'mm',NULL,NULL,'2020-04-20 06:50:19',NULL,'FOR UPDATE',1,'2020-04-20 06:50:19','2020-04-20 06:50:19',NULL),
(71,'EDICION NATURAL WHITE',10,20,26,'in',40,'in',NULL,NULL,'2020-04-20 06:50:19',NULL,'FOR UPDATE',1,'2020-04-20 06:50:19','2020-04-20 06:50:19',NULL),
(72,'FANTAS WHITE MATERIAL',10,20,545.5,'.m',394,'mm',NULL,NULL,'2020-04-20 06:50:19',NULL,'FOR UPDATE',1,'2020-04-20 06:50:19','2020-04-20 06:50:19',NULL),
(73,'FOLD COATE CAL. # 10',10,20,25,'in',38,'in',NULL,NULL,'2020-04-20 06:50:19',NULL,'FOR UPDATE',1,'2020-04-20 06:50:19','2020-04-20 06:50:19',NULL),
(74,'FOLD COATE CAL. # 15 ',10,20,25,'in',38,'in',NULL,NULL,'2020-04-20 06:50:19',NULL,'FOR UPDATE',1,'2020-04-20 06:50:19','2020-04-20 06:50:19',NULL),
(75,'FOLD COATE CAL. # 15 ',10,20,25,'in',40,'in',NULL,NULL,'2020-04-20 06:50:19',NULL,'FOR UPDATE',1,'2020-04-20 06:50:19','2020-04-20 06:50:19',NULL),
(76,'FOLD COATE CAL. # 18 ',10,20,25,'in',38,'in',NULL,NULL,'2020-04-20 06:50:19',NULL,'FOR UPDATE',1,'2020-04-20 06:50:19','2020-04-20 06:50:19',NULL),
(77,'FOLD COATE CAL. # 18 ',10,20,31,'in',43,'in',NULL,NULL,'2020-04-20 06:50:19',NULL,'FOR UPDATE',1,'2020-04-20 06:50:19','2020-04-20 06:50:19',NULL),
(78,'FOLD COATE CAL. # 20',10,20,31,'in',43,'in',NULL,NULL,'2020-04-20 06:50:19',NULL,'FOR UPDATE',1,'2020-04-20 06:50:19','2020-04-20 06:50:19',NULL),
(79,'IRO JYO SHITSU   LIGHT GREEN OR BLUE',10,20,788,'mm',1091,'mm',NULL,NULL,'2020-04-20 06:50:19',NULL,'FOR UPDATE',1,'2020-04-20 06:50:19','2020-04-20 06:50:19',NULL),
(80,'IRO JYO SHITSU   YELLOW',10,20,788,'mm',1091,'mm',NULL,NULL,'2020-04-20 06:50:19',NULL,'FOR UPDATE',1,'2020-04-20 06:50:19','2020-04-20 06:50:19',NULL),
(81,'IRO JYO SHITSU  BEIGE OR ORANGE',10,20,788,'mm',1091,'mm',NULL,NULL,'2020-04-20 06:50:19',NULL,'FOR UPDATE',1,'2020-04-20 06:50:19','2020-04-20 06:50:19',NULL),
(82,'IRO JYO SHITSU  GRAY',10,20,788,'mm',1091,'mm',NULL,NULL,'2020-04-20 06:50:19',NULL,'FOR UPDATE',1,'2020-04-20 06:50:19','2020-04-20 06:50:19',NULL),
(83,'IRO JYO SHITSU  GREEN',10,20,788,'mm',1091,'mm',NULL,NULL,'2020-04-20 06:50:19',NULL,'FOR UPDATE',1,'2020-04-20 06:50:19','2020-04-20 06:50:19',NULL),
(84,'IRO JYO SHITSU  Y. GREEN/L GREEN',10,20,788,'mm',1091,'mm',NULL,NULL,'2020-04-20 06:50:19',NULL,'FOR UPDATE',1,'2020-04-20 06:50:19','2020-04-20 06:50:19',NULL),
(85,'IRO JYO SHITSU  VIOLET/ L. VIOLET',10,20,788,'mm',1091,'mm',NULL,NULL,'2020-04-20 06:50:19',NULL,'FOR UPDATE',1,'2020-04-20 06:50:19','2020-04-20 06:50:19',NULL),
(86,'LAMINATING FILM',8,2,90,'mm',440,'yr',NULL,NULL,'2020-04-20 06:50:19',NULL,'FOR UPDATE',1,'2020-04-20 06:50:19','2020-04-20 06:50:19',NULL),
(87,'LAMINATING FILM',8,2,69,'mm',440,'yr',NULL,NULL,'2020-04-20 06:50:19',NULL,'FOR UPDATE',1,'2020-04-20 06:50:19','2020-04-20 06:50:19',NULL),
(88,'MATTE COATED # 160  ',10,20,25,'in',38,'in',NULL,NULL,'2020-04-20 06:50:19',NULL,'FOR UPDATE',1,'2020-04-20 06:50:19','2020-04-20 06:50:19',NULL),
(89,'MATTE COATED # 180    ',10,20,25,'in',38,'in',NULL,NULL,'2020-04-20 06:50:19',NULL,'FOR UPDATE',1,'2020-04-20 06:50:19','2020-04-20 06:50:19',NULL),
(90,'MATTE COATED # 120',10,20,25,'in',38,'in',NULL,NULL,'2020-04-20 06:50:19',NULL,'FOR UPDATE',1,'2020-04-20 06:50:19','2020-04-20 06:50:19',NULL),
(91,'MATTE COATED # 100    ',10,20,25,'in',38,'in',NULL,NULL,'2020-04-20 06:50:19',NULL,'FOR UPDATE',1,'2020-04-20 06:50:19','2020-04-20 06:50:19',NULL),
(92,'MATTE COATED # 140    ',10,20,26,'in',38,'in',NULL,NULL,'2020-04-20 06:50:19',NULL,'FOR UPDATE',1,'2020-04-20 06:50:19','2020-04-20 06:50:19',NULL),
(93,'MATTE COATED # 140    ',10,20,25,'in',38,'in',NULL,NULL,'2020-04-20 06:50:19',NULL,'FOR UPDATE',1,'2020-04-20 06:50:19','2020-04-20 06:50:19',NULL),
(94,'MATTE COATED # 140    ',10,20,26,'in',38,'in',NULL,NULL,'2020-04-20 06:50:19',NULL,'FOR UPDATE',1,'2020-04-20 06:50:19','2020-04-20 06:50:19',NULL),
(95,'MATTE COATED # 140    ',10,20,25,'in',38,'in',NULL,NULL,'2020-04-20 06:50:19',NULL,'FOR UPDATE',1,'2020-04-20 06:50:19','2020-04-20 06:50:19',NULL),
(96,'MATTE COATED # 60',10,20,25,'in',38,'in',NULL,NULL,'2020-04-20 06:50:20',NULL,'FOR UPDATE',1,'2020-04-20 06:50:20','2020-04-20 06:50:20',NULL),
(97,'MATTE COATED # 70    ',10,20,25,'in',38,'in',NULL,NULL,'2020-04-20 06:50:20',NULL,'FOR UPDATE',1,'2020-04-20 06:50:20','2020-04-20 06:50:20',NULL),
(98,'MATTE COATED # 70    ',10,20,25,'in',38,'in',NULL,NULL,'2020-04-20 06:50:20',NULL,'FOR UPDATE',1,'2020-04-20 06:50:20','2020-04-20 06:50:20',NULL),
(99,'MATTE COATED # 80    ',10,20,25,'in',38,'in',NULL,NULL,'2020-04-20 06:50:20',NULL,'FOR UPDATE',1,'2020-04-20 06:50:20','2020-04-20 06:50:20',NULL),
(100,'MATTE COATED # 80    ',10,20,25,'in',38,'in',NULL,NULL,'2020-04-20 06:50:20',NULL,'FOR UPDATE',1,'2020-04-20 06:50:20','2020-04-20 06:50:20',NULL),
(101,'NITTO 5000NS',8,2,60,'mm',50,'m',NULL,NULL,'2020-04-20 06:50:20',NULL,'FOR UPDATE',1,'2020-04-20 06:50:20','2020-04-20 06:50:20',NULL),
(102,'PET # 188 X 30/TORRAY LUMIRROR',8,2,14,'mm',100,'m',NULL,NULL,'2020-04-20 06:50:20',NULL,'FOR UPDATE',1,'2020-04-20 06:50:20','2020-04-20 06:50:20',NULL),
(103,'PET 50 (A) MF 8LK',8,2,98,'mm',400,'m',NULL,NULL,'2020-04-20 06:50:20',NULL,'FOR UPDATE',1,'2020-04-20 06:50:20','2020-04-20 06:50:20',NULL),
(104,'PASTE BOARD # 120',10,20,26,'in',38,'in',NULL,NULL,'2020-04-20 06:50:20',NULL,'FOR UPDATE',1,'2020-04-20 06:50:20','2020-04-20 06:50:20',NULL),
(105,'PASTE BOARD # 30',10,20,26,'in',38,'in',NULL,NULL,'2020-04-20 06:50:20',NULL,'FOR UPDATE',1,'2020-04-20 06:50:20','2020-04-20 06:50:20',NULL),
(106,'Pet SM 50 S(A) Pat1 8K',8,2,60,'mm',400,'m',NULL,NULL,'2020-04-20 06:50:20',NULL,'FOR UPDATE',1,'2020-04-20 06:50:20','2020-04-20 06:50:20',NULL),
(107,'Pet SM 50 S(A) Pat1 8K',8,2,80,'mm',400,'m',NULL,NULL,'2020-04-20 06:50:20',NULL,'FOR UPDATE',1,'2020-04-20 06:50:20','2020-04-20 06:50:20',NULL),
(108,'Pet SM 50 S(A) Pat1 8K',8,2,110,'mm',440,'m',NULL,NULL,'2020-04-20 06:50:20',NULL,'FOR UPDATE',1,'2020-04-20 06:50:20','2020-04-20 06:50:20',NULL),
(109,'PET WH 50(A) PAT1 8LK',8,2,80,'mm',500,'m',NULL,NULL,'2020-04-20 06:50:20',NULL,'FOR UPDATE',1,'2020-04-20 06:50:20','2020-04-20 06:50:20',NULL),
(110,'PET WH 50(A) PAT1 8LK',8,2,100,'mm',400,'m',NULL,NULL,'2020-04-20 06:50:20',NULL,'FOR UPDATE',1,'2020-04-20 06:50:20','2020-04-20 06:50:20',NULL),
(111,'PET WH 50(A) PAT1 8LK',8,2,120,'mm',500,'m',NULL,NULL,'2020-04-20 06:50:20',NULL,'FOR UPDATE',1,'2020-04-20 06:50:20','2020-04-20 06:50:20',NULL),
(112,'PET FILM 0.2',10,20,170,'mm',170,'mm',NULL,NULL,'2020-04-20 06:50:20',NULL,'FOR UPDATE',1,'2020-04-20 06:50:20','2020-04-20 06:50:20',NULL),
(113,'RELEASE PAPER YELLOW',8,2,189,'mm',500,'m',NULL,NULL,'2020-04-20 06:50:20',NULL,'FOR UPDATE',1,'2020-04-20 06:50:20','2020-04-20 06:50:20',NULL),
(114,'RELEASE PAPER YELLOW',8,2,186,'mm',500,'m',NULL,NULL,'2020-04-20 06:50:20',NULL,'FOR UPDATE',1,'2020-04-20 06:50:20','2020-04-20 06:50:20',NULL),
(115,'REPEEL 1710',8,2,240,'mm',400,'m',NULL,NULL,'2020-04-20 06:50:20',NULL,'FOR UPDATE',1,'2020-04-20 06:50:20','2020-04-20 06:50:20',NULL),
(116,'SATIN ADHESIVE BLUE BACK',8,2,130,'mm',600,'m',NULL,NULL,'2020-04-20 06:50:20',NULL,'FOR UPDATE',1,'2020-04-20 06:50:20','2020-04-20 06:50:20',NULL),
(117,'SATIN ADHESIVE BLUE BACK',8,2,110,'mm',600,'m',NULL,NULL,'2020-04-20 06:50:20',NULL,'FOR UPDATE',1,'2020-04-20 06:50:20','2020-04-20 06:50:20',NULL),
(118,'SATIN ADHESIVE BLUE BACK',8,2,254,'mm',600,'m',NULL,NULL,'2020-04-20 06:50:20',NULL,'FOR UPDATE',1,'2020-04-20 06:50:20','2020-04-20 06:50:20',NULL),
(119,'SATIN ADHESIVE BLUE BACK',8,2,100,'mm',600,'m',NULL,NULL,'2020-04-20 06:50:20',NULL,'FOR UPDATE',1,'2020-04-20 06:50:20','2020-04-20 06:50:20',NULL),
(120,'SATIN ADHESIVE BLUE BACK',8,2,120,'mm',600,'m',NULL,NULL,'2020-04-20 06:50:20',NULL,'FOR UPDATE',1,'2020-04-20 06:50:20','2020-04-20 06:50:20',NULL),
(121,'SATIN ADHESIVE BLUE BACK',8,2,90,'mm',600,'m',NULL,NULL,'2020-04-20 06:50:20',NULL,'FOR UPDATE',1,'2020-04-20 06:50:20','2020-04-20 06:50:20',NULL),
(122,'SATIN ADHESIVE BLUE BACK',8,2,80,'mm',600,'m',NULL,NULL,'2020-04-20 06:50:20',NULL,'FOR UPDATE',1,'2020-04-20 06:50:20','2020-04-20 06:50:20',NULL),
(123,'SATIN ADHESIVE BLUE BACK',8,2,70,'mm',600,'m',NULL,NULL,'2020-04-20 06:50:20',NULL,'FOR UPDATE',1,'2020-04-20 06:50:20','2020-04-20 06:50:20',NULL),
(124,'SATIN ADHESIVE YELLOW BACK',8,2,80,'mm',500,'m',NULL,NULL,'2020-04-20 06:50:20',NULL,'FOR UPDATE',1,'2020-04-20 06:50:20','2020-04-20 06:50:20',NULL),
(125,'28G A-CLASS WHITE [NON-WOVEN PAPER)',10,20,480,'mm',600,'mm',NULL,NULL,'2020-04-20 06:50:20','2020-05-15 06:10:55','FOR UPDATE',1,'2020-04-20 06:50:20','2020-05-15 06:10:55',NULL),
(126,'SOKEN TAPE A-7720D',8,2,1050,'mm',50,'m',NULL,NULL,'2020-04-20 06:50:20',NULL,'FOR UPDATE',1,'2020-04-20 06:50:20','2020-04-20 06:50:20',NULL),
(127,'SOMEN ADHESIVE ',8,2,60,'mm',500,'m',NULL,NULL,'2020-04-20 06:50:20',NULL,'FOR UPDATE',1,'2020-04-20 06:50:20','2020-04-20 06:50:20',NULL),
(128,'BOOK ADHESIVE BLUE BACK',8,2,100,'mm',1000,'m',NULL,NULL,'2020-04-20 06:50:20',NULL,'FOR UPDATE',1,'2020-04-20 06:50:20','2020-04-20 06:50:20',NULL),
(129,'80 GSM SEMI-COATED PAPER W/B-SATIN ADH.',8,2,90,'mm',1000,'m',NULL,NULL,'2020-04-20 06:50:20',NULL,'FOR UPDATE',1,'2020-04-20 06:50:20','2020-04-20 06:50:20',NULL),
(130,'80 GSM SEMI-COATED PAPER W/B-SATIN ADH.',8,2,120,'mm',1000,'m',NULL,NULL,'2020-04-20 06:50:20',NULL,'FOR UPDATE',1,'2020-04-20 06:50:20','2020-04-20 06:50:20',NULL),
(131,'80 GSM SEMI-COATED PAPER W/B-SATIN ADH.',8,2,110,'mm',1000,'m',NULL,NULL,'2020-04-20 06:50:20',NULL,'FOR UPDATE',1,'2020-04-20 06:50:20','2020-04-20 06:50:20',NULL),
(132,'BOOK ADHESIVE BLUE BACK',8,2,295,'mm',1000,'m',NULL,NULL,'2020-04-20 06:50:20',NULL,'FOR UPDATE',1,'2020-04-20 06:50:20','2020-04-20 06:50:20',NULL),
(133,'BOOK ADHESIVE BLUE BACK',8,2,120,'mm',1000,'m',NULL,NULL,'2020-04-20 06:50:20',NULL,'FOR UPDATE',1,'2020-04-20 06:50:20','2020-04-20 06:50:20',NULL),
(134,'FASCOAT 2 BLUE  (SATIN ADHESIVE BB)',8,2,110,'mm',1000,'m',NULL,NULL,'2020-04-20 06:50:20',NULL,'FOR UPDATE',1,'2020-04-20 06:50:20','2020-04-20 06:50:20',NULL),
(135,'FASCOAT 2 BLUE  (SATIN ADHESIVE BB)',8,2,130,'mm',1000,'m',NULL,NULL,'2020-04-20 06:50:20',NULL,'FOR UPDATE',1,'2020-04-20 06:50:20','2020-04-20 06:50:20',NULL),
(136,'FASCOAT 2 BLUE  (SATIN ADHESIVE BB)',8,2,120,'mm',1000,'m',NULL,NULL,'2020-04-20 06:50:20',NULL,'FOR UPDATE',1,'2020-04-20 06:50:20','2020-04-20 06:50:20',NULL),
(137,'FASCOAT 2 BLUE  (SATIN ADHESIVE BB)',8,2,100,'mm',1000,'m',NULL,NULL,'2020-04-20 06:50:20',NULL,'FOR UPDATE',1,'2020-04-20 06:50:20','2020-04-20 06:50:20',NULL),
(138,'TL-205',8,2,1200,'mm',50,'m',NULL,NULL,'2020-04-20 06:50:20',NULL,'FOR UPDATE',1,'2020-04-20 06:50:20','2020-04-20 06:50:20',NULL),
(139,'VELLUM BRISTOL # 100 ',10,20,22.5,'in',28.5,'in',NULL,NULL,'2020-04-20 06:50:20',NULL,'FOR UPDATE',1,'2020-04-20 06:50:20','2020-04-20 06:50:20',NULL),
(140,'VELLUM BRISTOL # 120 ',10,20,22.5,'in',28.5,'in',NULL,NULL,'2020-04-20 06:50:20',NULL,'FOR UPDATE',1,'2020-04-20 06:50:20','2020-04-20 06:50:20',NULL),
(141,'YUPO # 80 UV PAT 1 8K',8,2,120,'mm',400,'m',NULL,NULL,'2020-04-20 06:50:20',NULL,'FOR UPDATE',1,'2020-04-20 06:50:20','2020-04-20 06:50:20',NULL),
(142,'YUPO # 80 UV PAT 1 8K',8,2,100,'mm',400,'m',NULL,NULL,'2020-04-20 06:50:20',NULL,'FOR UPDATE',1,'2020-04-20 06:50:20','2020-04-20 06:50:20',NULL),
(143,'FPG 110 (YUPO SYNTHETIC)',8,2,1000,'mm',100,'m',NULL,NULL,'2020-04-20 06:50:20',NULL,'FOR UPDATE',1,'2020-04-20 06:50:20','2020-04-20 06:50:20',NULL),
(144,'YUPO PAPER Rt-K',8,2,130,'mm',400,'m',NULL,NULL,'2020-04-20 06:50:20',NULL,'FOR UPDATE',1,'2020-04-20 06:50:20','2020-04-20 06:50:20',NULL),
(145,'STRETCH FILM',9,11,500,'mm',17,'m',17,'microns','2020-04-20 06:50:20',NULL,'FOR UPDATE',1,'2020-04-20 06:50:20','2020-04-20 06:50:20',NULL),
(146,'STRETCH FILM',9,11,500,'mm',20,'m',20,'microns','2020-04-20 06:50:20',NULL,'FOR UPDATE',1,'2020-04-20 06:50:20','2020-04-20 06:50:20',NULL),
(147,'WAX RIBBON (T102H) - F/I',7,12,110,'mm',300,'m',NULL,NULL,'2020-04-20 06:50:20',NULL,'FOR UPDATE',1,'2020-04-20 06:50:20','2020-04-20 06:50:20',NULL),
(148,'WAX RIBBON (T102H) - F/O',7,12,95,'mm',300,'m',NULL,NULL,'2020-04-20 06:50:20',NULL,'FOR UPDATE',1,'2020-04-20 06:50:20','2020-04-20 06:50:20',NULL),
(149,'WAX RIBBON (T102H) - F/I',7,12,90,'mm',300,'m',NULL,NULL,'2020-04-20 06:50:20',NULL,'FOR UPDATE',1,'2020-04-20 06:50:20','2020-04-20 06:50:20',NULL),
(150,'WAX RIBBON (T102H) - F/I',7,12,76,'mm',300,'m',NULL,NULL,'2020-04-20 06:50:20',NULL,'FOR UPDATE',1,'2020-04-20 06:50:20','2020-04-20 06:50:20',NULL),
(151,'WAX RIBBON (T102H) - F/I',7,12,56,'mm',300,'m',NULL,NULL,'2020-04-20 06:50:20',NULL,'FOR UPDATE',1,'2020-04-20 06:50:20','2020-04-20 06:50:20',NULL),
(152,'WAX RIBBON (T102H) - F/I',7,12,38,'mm',300,'m',NULL,NULL,'2020-04-20 06:50:20',NULL,'FOR UPDATE',1,'2020-04-20 06:50:20','2020-04-20 06:50:20',NULL),
(153,'STANDARD WAX RIBBON ( AKW101-A)- F/I',7,12,110,'mm',300,'m',NULL,NULL,'2020-04-20 06:50:20',NULL,'FOR UPDATE',1,'2020-04-20 06:50:20','2020-04-20 06:50:20',NULL),
(154,'RESIN RIBBON (R333A) - F/I',7,12,110,'mm',300,'m',NULL,NULL,'2020-04-20 06:50:20',NULL,'FOR UPDATE',1,'2020-04-20 06:50:20','2020-04-20 06:50:20',NULL),
(155,'RESIN RIBBON (R333A) - F/O',7,12,110,'mm',300,'m',NULL,NULL,'2020-04-20 06:50:20',NULL,'FOR UPDATE',1,'2020-04-20 06:50:20','2020-04-20 06:50:20',NULL),
(156,'RESIN RIBBON (R333A) - F/I',7,12,76,'mm',300,'m',NULL,NULL,'2020-04-20 06:50:20',NULL,'FOR UPDATE',1,'2020-04-20 06:50:20','2020-04-20 06:50:20',NULL),
(157,'RESIN RIBBON (R333A) - F/I',7,12,38,'mm',300,'m',NULL,NULL,'2020-04-20 06:50:20',NULL,'FOR UPDATE',1,'2020-04-20 06:50:20','2020-04-20 06:50:20',NULL),
(158,'GENERAL RESIN RIBBON (AKR303A) - F/I',7,12,110,'mm',300,'m',NULL,NULL,'2020-04-20 06:50:20',NULL,'FOR UPDATE',1,'2020-04-20 06:50:20','2020-04-20 06:50:20',NULL),
(159,'GENERAL RESIN RIBBON (AKR303A) - F/O',7,12,110,'mm',300,'m',NULL,NULL,'2020-04-20 06:50:20',NULL,'FOR UPDATE',1,'2020-04-20 06:50:20','2020-04-20 06:50:20',NULL),
(160,'GENERAL RESIN RIBBON (AK303A) - F/I',7,12,76,'mm',300,'m',NULL,NULL,'2020-04-20 06:50:20',NULL,'FOR UPDATE',1,'2020-04-20 06:50:20','2020-04-20 06:50:20',NULL),
(161,'GENERAL RESIN RIBBON (AK303A) - F/I',7,12,38,'mm',300,'m',NULL,NULL,'2020-04-20 06:50:20',NULL,'FOR UPDATE',1,'2020-04-20 06:50:20','2020-04-20 06:50:20',NULL),
(162,'WAX-RESIN (T102E) - F/I',7,12,110,'mm',300,'m',NULL,NULL,'2020-04-20 06:50:20',NULL,'FOR UPDATE',1,'2020-04-20 06:50:20','2020-04-20 06:50:20',NULL),
(163,'WAX-RESIN (T102E) -F/I',7,12,91,'mm',300,'m',NULL,NULL,'2020-04-20 06:50:20',NULL,'FOR UPDATE',1,'2020-04-20 06:50:20','2020-04-20 06:50:20',NULL),
(164,'WAX-RESIN (T102E) - F/I',7,12,76,'mm',300,'m',NULL,NULL,'2020-04-20 06:50:20',NULL,'FOR UPDATE',1,'2020-04-20 06:50:20','2020-04-20 06:50:20',NULL),
(165,'ECONOMIC WAX RESIN (AKM220A)-F/I',7,12,110,'mm',300,'m',NULL,NULL,'2020-04-20 06:50:20',NULL,'FOR UPDATE',1,'2020-04-20 06:50:20','2020-04-20 06:50:20',NULL),
(166,'ECONOMIC WAX RESIN (AKM220A)-F/O',7,12,110,'mm',300,'m',NULL,NULL,'2020-04-20 06:50:20',NULL,'FOR UPDATE',1,'2020-04-20 06:50:20','2020-04-20 06:50:20',NULL),
(167,'ECONOMIC WAX RESIN (AKM220A) - F/1',7,12,76,'mm',300,'m',NULL,NULL,'2020-04-20 06:50:20',NULL,'FOR UPDATE',1,'2020-04-20 06:50:20','2020-04-20 06:50:20',NULL),
(168,'ECONOMIC WAX RESIN (AKM220A)- F/O',7,12,76,'mm',300,'m',NULL,NULL,'2020-04-20 06:50:20',NULL,'FOR UPDATE',1,'2020-04-20 06:50:20','2020-04-20 06:50:20',NULL);

/*Table structure for table `materials_tracking` */

DROP TABLE IF EXISTS `materials_tracking`;

CREATE TABLE `materials_tracking` (
  `id` int(10) NOT NULL AUTO_INCREMENT,
  `material_id` int(10) NOT NULL,
  `supplier_material_id` int(10) NOT NULL,
  `material_flow` int(1) NOT NULL DEFAULT '0',
  `material_quantity` int(7) NOT NULL,
  `material_quantity_unit` int(1) NOT NULL,
  `material_unit_amount` decimal(14,4) NOT NULL,
  `material_unit_amount_currency` varchar(3) NOT NULL DEFAULT 'PHP',
  `employee_id` int(10) NOT NULL,
  `created_at` datetime NOT NULL,
  `updated_at` datetime DEFAULT NULL,
  `deleted_at` datetime DEFAULT NULL,
  PRIMARY KEY (`id`)
) ENGINE=InnoDB AUTO_INCREMENT=179 DEFAULT CHARSET=utf8;

/*Data for the table `materials_tracking` */

insert  into `materials_tracking`(`id`,`material_id`,`supplier_material_id`,`material_flow`,`material_quantity`,`material_quantity_unit`,`material_unit_amount`,`material_unit_amount_currency`,`employee_id`,`created_at`,`updated_at`,`deleted_at`) values 
(1,1,31,1,120,1,50.0000,'JPY',1,'2020-04-20 06:50:19','2020-04-20 06:50:19',NULL),
(2,2,32,1,125,1,85.0000,'PHP',1,'2020-04-20 06:50:19','2020-04-20 06:50:19',NULL),
(3,3,33,1,1,1,1.0000,'PHP',1,'2020-04-20 06:50:19','2020-04-20 06:50:19',NULL),
(4,4,34,1,1,1,1.0000,'PHP',1,'2020-04-20 06:50:19','2020-04-20 06:50:19',NULL),
(5,5,35,1,1,1,1.0000,'PHP',1,'2020-04-20 06:50:19','2020-04-20 06:50:19',NULL),
(6,6,36,1,1,1,1.0000,'PHP',1,'2020-04-20 06:50:19','2020-04-20 06:50:19',NULL),
(7,7,37,1,1,1,1.0000,'PHP',1,'2020-04-20 06:50:19','2020-04-20 06:50:19',NULL),
(8,8,38,1,1,1,1.0000,'PHP',1,'2020-04-20 06:50:19','2020-04-20 06:50:19',NULL),
(9,9,39,1,1,1,1.0000,'PHP',1,'2020-04-20 06:50:19','2020-04-20 06:50:19',NULL),
(10,10,40,1,1,1,1.0000,'PHP',1,'2020-04-20 06:50:19','2020-04-20 06:50:19',NULL),
(11,11,41,1,1,1,1.0000,'PHP',1,'2020-04-20 06:50:19','2020-04-20 06:50:19',NULL),
(12,12,42,1,1,1,1.0000,'PHP',1,'2020-04-20 06:50:19','2020-04-20 06:50:19',NULL),
(13,13,43,1,1,1,1.0000,'PHP',1,'2020-04-20 06:50:19','2020-04-20 06:50:19',NULL),
(14,14,44,1,1,1,1.0000,'PHP',1,'2020-04-20 06:50:19','2020-04-20 06:50:19',NULL),
(15,15,45,1,1,1,1.0000,'PHP',1,'2020-04-20 06:50:19','2020-04-20 06:50:19',NULL),
(16,16,46,1,1,1,1.0000,'PHP',1,'2020-04-20 06:50:19','2020-04-20 06:50:19',NULL),
(17,17,47,1,1,1,1.0000,'PHP',1,'2020-04-20 06:50:19','2020-04-20 06:50:19',NULL),
(18,18,48,1,1,1,1.0000,'PHP',1,'2020-04-20 06:50:19','2020-04-20 06:50:19',NULL),
(19,19,49,1,1,1,1.0000,'PHP',1,'2020-04-20 06:50:19','2020-04-20 06:50:19',NULL),
(20,20,50,1,1,1,1.0000,'PHP',1,'2020-04-20 06:50:19','2020-04-20 06:50:19',NULL),
(21,21,51,1,1,1,1.0000,'PHP',1,'2020-04-20 06:50:19','2020-04-20 06:50:19',NULL),
(22,22,52,1,1,1,1.0000,'PHP',1,'2020-04-20 06:50:19','2020-04-20 06:50:19',NULL),
(23,23,53,1,1,1,1.0000,'PHP',1,'2020-04-20 06:50:19','2020-04-20 06:50:19',NULL),
(24,24,54,1,1,1,1.0000,'PHP',1,'2020-04-20 06:50:19','2020-04-20 06:50:19',NULL),
(25,25,55,1,1,1,1.0000,'PHP',1,'2020-04-20 06:50:19','2020-04-20 06:50:19',NULL),
(26,26,56,1,1,1,1.0000,'PHP',1,'2020-04-20 06:50:19','2020-04-20 06:50:19',NULL),
(27,27,57,1,1,1,1.0000,'PHP',1,'2020-04-20 06:50:19','2020-04-20 06:50:19',NULL),
(28,28,58,1,1,1,1.0000,'PHP',1,'2020-04-20 06:50:19','2020-04-20 06:50:19',NULL),
(29,29,59,1,1,1,1.0000,'PHP',1,'2020-04-20 06:50:19','2020-04-20 06:50:19',NULL),
(30,30,60,1,1,1,1.0000,'PHP',1,'2020-04-20 06:50:19','2020-04-20 06:50:19',NULL),
(31,31,61,1,1,1,1.0000,'PHP',1,'2020-04-20 06:50:19','2020-04-20 06:50:19',NULL),
(32,32,62,1,1,1,1.0000,'PHP',1,'2020-04-20 06:50:19','2020-04-20 06:50:19',NULL),
(33,33,63,1,1,1,1.0000,'PHP',1,'2020-04-20 06:50:19','2020-04-20 06:50:19',NULL),
(34,34,64,1,1,1,1.0000,'PHP',1,'2020-04-20 06:50:19','2020-04-20 06:50:19',NULL),
(35,35,65,1,1,1,1.0000,'PHP',1,'2020-04-20 06:50:19','2020-04-20 06:50:19',NULL),
(36,36,66,1,1,1,1.0000,'PHP',1,'2020-04-20 06:50:19','2020-04-20 06:50:19',NULL),
(37,37,67,1,1,1,1.0000,'PHP',1,'2020-04-20 06:50:19','2020-04-20 06:50:19',NULL),
(38,38,68,1,1,1,1.0000,'PHP',1,'2020-04-20 06:50:19','2020-04-20 06:50:19',NULL),
(39,39,69,1,1,1,1.0000,'PHP',1,'2020-04-20 06:50:19','2020-04-20 06:50:19',NULL),
(40,40,70,1,1,1,1.0000,'PHP',1,'2020-04-20 06:50:19','2020-04-20 06:50:19',NULL),
(41,41,71,1,1,1,1.0000,'PHP',1,'2020-04-20 06:50:19','2020-04-20 06:50:19',NULL),
(42,42,72,1,1,1,1.0000,'PHP',1,'2020-04-20 06:50:19','2020-04-20 06:50:19',NULL),
(43,43,73,1,1,1,1.0000,'PHP',1,'2020-04-20 06:50:19','2020-04-20 06:50:19',NULL),
(44,44,74,1,1,1,1.0000,'PHP',1,'2020-04-20 06:50:19','2020-04-20 06:50:19',NULL),
(45,45,75,1,1,1,1.0000,'PHP',1,'2020-04-20 06:50:19','2020-04-20 06:50:19',NULL),
(46,46,76,1,1,1,1.0000,'PHP',1,'2020-04-20 06:50:19','2020-04-20 06:50:19',NULL),
(47,47,77,1,1,1,1.0000,'PHP',1,'2020-04-20 06:50:19','2020-04-20 06:50:19',NULL),
(48,48,78,1,1,1,1.0000,'PHP',1,'2020-04-20 06:50:19','2020-04-20 06:50:19',NULL),
(49,49,79,1,1,1,1.0000,'PHP',1,'2020-04-20 06:50:19','2020-04-20 06:50:19',NULL),
(50,50,80,1,1,1,1.0000,'PHP',1,'2020-04-20 06:50:19','2020-04-20 06:50:19',NULL),
(51,51,81,1,1,1,1.0000,'PHP',1,'2020-04-20 06:50:19','2020-04-20 06:50:19',NULL),
(52,52,82,1,1,1,1.0000,'PHP',1,'2020-04-20 06:50:19','2020-04-20 06:50:19',NULL),
(53,53,83,1,1,1,1.0000,'PHP',1,'2020-04-20 06:50:19','2020-04-20 06:50:19',NULL),
(54,54,84,1,1,1,1.0000,'PHP',1,'2020-04-20 06:50:19','2020-04-20 06:50:19',NULL),
(55,55,85,1,1,1,1.0000,'PHP',1,'2020-04-20 06:50:19','2020-04-20 06:50:19',NULL),
(56,56,86,1,1,1,1.0000,'PHP',1,'2020-04-20 06:50:19','2020-04-20 06:50:19',NULL),
(57,57,87,1,1,1,1.0000,'PHP',1,'2020-04-20 06:50:19','2020-04-20 06:50:19',NULL),
(58,58,88,1,1,1,1.0000,'PHP',1,'2020-04-20 06:50:19','2020-04-20 06:50:19',NULL),
(59,59,89,1,1,1,1.0000,'PHP',1,'2020-04-20 06:50:19','2020-04-20 06:50:19',NULL),
(60,60,90,1,1,1,1.0000,'PHP',1,'2020-04-20 06:50:19','2020-04-20 06:50:19',NULL),
(61,61,91,1,1,1,1.0000,'PHP',1,'2020-04-20 06:50:19','2020-04-20 06:50:19',NULL),
(62,62,92,1,1,1,1.0000,'PHP',1,'2020-04-20 06:50:19','2020-04-20 06:50:19',NULL),
(63,63,93,1,1,1,1.0000,'PHP',1,'2020-04-20 06:50:19','2020-04-20 06:50:19',NULL),
(64,64,94,1,1,1,1.0000,'PHP',1,'2020-04-20 06:50:19','2020-04-20 06:50:19',NULL),
(65,65,95,1,1,1,1.0000,'PHP',1,'2020-04-20 06:50:19','2020-04-20 06:50:19',NULL),
(66,66,96,1,1,1,1.0000,'PHP',1,'2020-04-20 06:50:19','2020-04-20 06:50:19',NULL),
(67,67,97,1,1,1,1.0000,'PHP',1,'2020-04-20 06:50:19','2020-04-20 06:50:19',NULL),
(68,68,98,1,1,1,1.0000,'PHP',1,'2020-04-20 06:50:19','2020-04-20 06:50:19',NULL),
(69,69,99,1,1,1,1.0000,'PHP',1,'2020-04-20 06:50:19','2020-04-20 06:50:19',NULL),
(70,70,100,1,1,1,1.0000,'PHP',1,'2020-04-20 06:50:19','2020-04-20 06:50:19',NULL),
(71,71,101,1,1,1,1.0000,'PHP',1,'2020-04-20 06:50:19','2020-04-20 06:50:19',NULL),
(72,72,102,1,1,1,1.0000,'PHP',1,'2020-04-20 06:50:19','2020-04-20 06:50:19',NULL),
(73,73,103,1,1,1,1.0000,'PHP',1,'2020-04-20 06:50:19','2020-04-20 06:50:19',NULL),
(74,74,104,1,1,1,1.0000,'PHP',1,'2020-04-20 06:50:19','2020-04-20 06:50:19',NULL),
(75,75,105,1,1,1,1.0000,'PHP',1,'2020-04-20 06:50:19','2020-04-20 06:50:19',NULL),
(76,76,106,1,1,1,1.0000,'PHP',1,'2020-04-20 06:50:19','2020-04-20 06:50:19',NULL),
(77,77,107,1,1,1,1.0000,'PHP',1,'2020-04-20 06:50:19','2020-04-20 06:50:19',NULL),
(78,78,108,1,1,1,1.0000,'PHP',1,'2020-04-20 06:50:19','2020-04-20 06:50:19',NULL),
(79,79,109,1,1,1,1.0000,'PHP',1,'2020-04-20 06:50:19','2020-04-20 06:50:19',NULL),
(80,80,110,1,1,1,1.0000,'PHP',1,'2020-04-20 06:50:19','2020-04-20 06:50:19',NULL),
(81,81,111,1,1,1,1.0000,'PHP',1,'2020-04-20 06:50:19','2020-04-20 06:50:19',NULL),
(82,82,112,1,1,1,1.0000,'PHP',1,'2020-04-20 06:50:19','2020-04-20 06:50:19',NULL),
(83,83,113,1,1,1,1.0000,'PHP',1,'2020-04-20 06:50:19','2020-04-20 06:50:19',NULL),
(84,84,114,1,1,1,1.0000,'PHP',1,'2020-04-20 06:50:19','2020-04-20 06:50:19',NULL),
(85,85,115,1,1,1,1.0000,'PHP',1,'2020-04-20 06:50:19','2020-04-20 06:50:19',NULL),
(86,86,116,1,1,1,1.0000,'PHP',1,'2020-04-20 06:50:19','2020-04-20 06:50:19',NULL),
(87,87,117,1,1,1,1.0000,'PHP',1,'2020-04-20 06:50:19','2020-04-20 06:50:19',NULL),
(88,88,118,1,1,1,1.0000,'PHP',1,'2020-04-20 06:50:19','2020-04-20 06:50:19',NULL),
(89,89,119,1,1,1,1.0000,'PHP',1,'2020-04-20 06:50:19','2020-04-20 06:50:19',NULL),
(90,90,120,1,1,1,1.0000,'PHP',1,'2020-04-20 06:50:19','2020-04-20 06:50:19',NULL),
(91,91,121,1,1,1,1.0000,'PHP',1,'2020-04-20 06:50:19','2020-04-20 06:50:19',NULL),
(92,92,122,1,1,1,1.0000,'PHP',1,'2020-04-20 06:50:19','2020-04-20 06:50:19',NULL),
(93,93,123,1,1,1,1.0000,'PHP',1,'2020-04-20 06:50:19','2020-04-20 06:50:19',NULL),
(94,94,124,1,1,1,1.0000,'PHP',1,'2020-04-20 06:50:19','2020-04-20 06:50:19',NULL),
(95,95,125,1,1,1,1.0000,'PHP',1,'2020-04-20 06:50:20','2020-04-20 06:50:20',NULL),
(96,96,126,1,1,1,1.0000,'PHP',1,'2020-04-20 06:50:20','2020-04-20 06:50:20',NULL),
(97,97,127,1,1,1,1.0000,'PHP',1,'2020-04-20 06:50:20','2020-04-20 06:50:20',NULL),
(98,98,128,1,1,1,1.0000,'PHP',1,'2020-04-20 06:50:20','2020-04-20 06:50:20',NULL),
(99,99,129,1,1,1,1.0000,'PHP',1,'2020-04-20 06:50:20','2020-04-20 06:50:20',NULL),
(100,100,130,1,1,1,1.0000,'PHP',1,'2020-04-20 06:50:20','2020-04-20 06:50:20',NULL),
(101,101,131,1,1,1,1.0000,'PHP',1,'2020-04-20 06:50:20','2020-04-20 06:50:20',NULL),
(102,102,132,1,1,1,1.0000,'PHP',1,'2020-04-20 06:50:20','2020-04-20 06:50:20',NULL),
(103,103,133,1,1,1,1.0000,'PHP',1,'2020-04-20 06:50:20','2020-04-20 06:50:20',NULL),
(104,104,134,1,1,1,1.0000,'PHP',1,'2020-04-20 06:50:20','2020-04-20 06:50:20',NULL),
(105,105,135,1,1,1,1.0000,'PHP',1,'2020-04-20 06:50:20','2020-04-20 06:50:20',NULL),
(106,106,136,1,1,1,1.0000,'PHP',1,'2020-04-20 06:50:20','2020-04-20 06:50:20',NULL),
(107,107,137,1,1,1,1.0000,'PHP',1,'2020-04-20 06:50:20','2020-04-20 06:50:20',NULL),
(108,108,138,1,1,1,1.0000,'PHP',1,'2020-04-20 06:50:20','2020-04-20 06:50:20',NULL),
(109,109,139,1,1,1,1.0000,'PHP',1,'2020-04-20 06:50:20','2020-04-20 06:50:20',NULL),
(110,110,140,1,1,1,1.0000,'PHP',1,'2020-04-20 06:50:20','2020-04-20 06:50:20',NULL),
(111,111,141,1,1,1,1.0000,'PHP',1,'2020-04-20 06:50:20','2020-04-20 06:50:20',NULL),
(112,112,142,1,1,1,1.0000,'PHP',1,'2020-04-20 06:50:20','2020-04-20 06:50:20',NULL),
(113,113,143,1,1,1,1.0000,'PHP',1,'2020-04-20 06:50:20','2020-04-20 06:50:20',NULL),
(114,114,144,1,1,1,1.0000,'PHP',1,'2020-04-20 06:50:20','2020-04-20 06:50:20',NULL),
(115,115,145,1,1,1,1.0000,'PHP',1,'2020-04-20 06:50:20','2020-04-20 06:50:20',NULL),
(116,116,146,1,1,1,1.0000,'PHP',1,'2020-04-20 06:50:20','2020-04-20 06:50:20',NULL),
(117,117,147,1,1,1,1.0000,'PHP',1,'2020-04-20 06:50:20','2020-04-20 06:50:20',NULL),
(118,118,148,1,1,1,1.0000,'PHP',1,'2020-04-20 06:50:20','2020-04-20 06:50:20',NULL),
(119,119,149,1,1,1,1.0000,'PHP',1,'2020-04-20 06:50:20','2020-04-20 06:50:20',NULL),
(120,120,150,1,1,1,1.0000,'PHP',1,'2020-04-20 06:50:20','2020-04-20 06:50:20',NULL),
(121,121,151,1,1,1,1.0000,'PHP',1,'2020-04-20 06:50:20','2020-04-20 06:50:20',NULL),
(122,122,152,1,1,1,1.0000,'PHP',1,'2020-04-20 06:50:20','2020-04-20 06:50:20',NULL),
(123,123,153,1,1,1,1.0000,'PHP',1,'2020-04-20 06:50:20','2020-04-20 06:50:20',NULL),
(124,124,154,1,1,1,1.0000,'PHP',1,'2020-04-20 06:50:20','2020-04-20 06:50:20',NULL),
(125,125,155,1,50,1,80.0000,'JPY',1,'2020-04-20 06:50:20','2020-04-20 06:50:20',NULL),
(126,126,156,1,1,1,1.0000,'PHP',1,'2020-04-20 06:50:20','2020-04-20 06:50:20',NULL),
(127,127,157,1,1,1,1.0000,'PHP',1,'2020-04-20 06:50:20','2020-04-20 06:50:20',NULL),
(128,128,158,1,1,1,1.0000,'PHP',1,'2020-04-20 06:50:20','2020-04-20 06:50:20',NULL),
(129,129,159,1,1,1,1.0000,'PHP',1,'2020-04-20 06:50:20','2020-04-20 06:50:20',NULL),
(130,130,160,1,40,1,80.0000,'JPY',1,'2020-04-20 06:50:20','2020-04-20 06:50:20',NULL),
(131,131,161,1,1,1,1.0000,'PHP',1,'2020-04-20 06:50:20','2020-04-20 06:50:20',NULL),
(132,132,162,1,1,1,1.0000,'PHP',1,'2020-04-20 06:50:20','2020-04-20 06:50:20',NULL),
(133,133,163,1,1,1,1.0000,'PHP',1,'2020-04-20 06:50:20','2020-04-20 06:50:20',NULL),
(134,134,164,1,1,1,1.0000,'PHP',1,'2020-04-20 06:50:20','2020-04-20 06:50:20',NULL),
(135,135,165,1,1,1,1.0000,'PHP',1,'2020-04-20 06:50:20','2020-04-20 06:50:20',NULL),
(136,136,166,1,1,1,1.0000,'PHP',1,'2020-04-20 06:50:20','2020-04-20 06:50:20',NULL),
(137,137,167,1,1,1,1.0000,'PHP',1,'2020-04-20 06:50:20','2020-04-20 06:50:20',NULL),
(138,138,168,1,1,1,1.0000,'PHP',1,'2020-04-20 06:50:20','2020-04-20 06:50:20',NULL),
(139,139,169,1,1,1,1.0000,'PHP',1,'2020-04-20 06:50:20','2020-04-20 06:50:20',NULL),
(140,140,170,1,1,1,1.0000,'PHP',1,'2020-04-20 06:50:20','2020-04-20 06:50:20',NULL),
(141,141,171,1,1,1,1.0000,'PHP',1,'2020-04-20 06:50:20','2020-04-20 06:50:20',NULL),
(142,142,172,1,1,1,1.0000,'PHP',1,'2020-04-20 06:50:20','2020-04-20 06:50:20',NULL),
(143,143,173,1,1,1,1.0000,'PHP',1,'2020-04-20 06:50:20','2020-04-20 06:50:20',NULL),
(144,144,174,1,1,1,1.0000,'PHP',1,'2020-04-20 06:50:20','2020-04-20 06:50:20',NULL),
(145,145,175,1,1,1,1.0000,'PHP',1,'2020-04-20 06:50:20','2020-04-20 06:50:20',NULL),
(146,146,176,1,1,1,1.0000,'PHP',1,'2020-04-20 06:50:20','2020-04-20 06:50:20',NULL),
(147,147,177,1,1,1,1.0000,'PHP',1,'2020-04-20 06:50:20','2020-04-20 06:50:20',NULL),
(148,148,178,1,1,1,1.0000,'PHP',1,'2020-04-20 06:50:20','2020-04-20 06:50:20',NULL),
(149,149,179,1,1,1,1.0000,'PHP',1,'2020-04-20 06:50:20','2020-04-20 06:50:20',NULL),
(150,150,180,1,1,1,1.0000,'PHP',1,'2020-04-20 06:50:20','2020-04-20 06:50:20',NULL),
(151,151,181,1,1,1,1.0000,'PHP',1,'2020-04-20 06:50:20','2020-04-20 06:50:20',NULL),
(152,152,182,1,1,1,1.0000,'PHP',1,'2020-04-20 06:50:20','2020-04-20 06:50:20',NULL),
(153,153,183,1,1,1,1.0000,'PHP',1,'2020-04-20 06:50:20','2020-04-20 06:50:20',NULL),
(154,154,184,1,1,1,1.0000,'PHP',1,'2020-04-20 06:50:20','2020-04-20 06:50:20',NULL),
(155,155,185,1,1,1,1.0000,'PHP',1,'2020-04-20 06:50:20','2020-04-20 06:50:20',NULL),
(156,156,186,1,1,1,1.0000,'PHP',1,'2020-04-20 06:50:20','2020-04-20 06:50:20',NULL),
(157,157,187,1,1,1,1.0000,'PHP',1,'2020-04-20 06:50:20','2020-04-20 06:50:20',NULL),
(158,158,188,1,1,1,1.0000,'PHP',1,'2020-04-20 06:50:20','2020-04-20 06:50:20',NULL),
(159,159,189,1,1,1,1.0000,'PHP',1,'2020-04-20 06:50:20','2020-04-20 06:50:20',NULL),
(160,160,190,1,1,1,1.0000,'PHP',1,'2020-04-20 06:50:20','2020-04-20 06:50:20',NULL),
(161,161,191,1,1,1,1.0000,'PHP',1,'2020-04-20 06:50:20','2020-04-20 06:50:20',NULL),
(162,162,192,1,1,1,1.0000,'PHP',1,'2020-04-20 06:50:20','2020-04-20 06:50:20',NULL),
(163,163,193,1,1,1,1.0000,'PHP',1,'2020-04-20 06:50:20','2020-04-20 06:50:20',NULL),
(164,164,194,1,1,1,1.0000,'PHP',1,'2020-04-20 06:50:20','2020-04-20 06:50:20',NULL),
(165,165,195,1,1,1,1.0000,'PHP',1,'2020-04-20 06:50:20','2020-04-20 06:50:20',NULL),
(166,166,196,1,1,1,1.0000,'PHP',1,'2020-04-20 06:50:20','2020-04-20 06:50:20',NULL),
(167,167,197,1,1,1,1.0000,'PHP',1,'2020-04-20 06:50:20','2020-04-20 06:50:20',NULL),
(168,168,198,1,1,1,1.0000,'PHP',1,'2020-04-20 06:50:20','2020-04-20 06:50:20',NULL),
(169,125,199,1,20,1,20.0000,'USD',26,'2020-04-22 04:56:40','2020-04-22 04:56:40',NULL),
(170,1,200,1,100,1,100.0000,'USD',26,'2020-05-04 08:22:55','2020-05-04 08:22:55',NULL),
(171,1,31,1,200,1,100.0000,'JPY',26,'2020-05-04 08:23:37','2020-05-04 08:23:37',NULL),
(172,125,155,1,100,1,150.0000,'JPY',26,'2020-05-14 07:49:25','2020-05-14 07:49:25',NULL),
(173,130,160,1,150,1,100.0000,'JPY',26,'2020-05-14 09:11:35','2020-05-14 09:11:35',NULL),
(174,130,201,1,200,1,250.0000,'USD',26,'2020-05-14 12:44:26','2020-05-14 12:44:26',NULL),
(175,125,155,3,50,1,0.0000,'JPY',26,'2020-05-15 06:10:55','2020-05-15 06:10:55',NULL),
(176,1,31,3,20,1,0.0000,'JPY',26,'2020-05-15 07:08:22','2020-05-15 07:08:22',NULL),
(177,1,200,1,120,1,180.0000,'USD',26,'2020-05-15 07:32:01','2020-05-15 07:32:01',NULL),
(178,1,200,4,100,1,0.0000,'USD',26,'2020-05-15 07:33:53','2020-05-15 07:33:53',NULL);

/*Table structure for table `matrix_binding` */

DROP TABLE IF EXISTS `matrix_binding`;

CREATE TABLE `matrix_binding` (
  `id` int(3) NOT NULL AUTO_INCREMENT,
  `qty` int(6) NOT NULL,
  `price` decimal(14,4) NOT NULL DEFAULT '0.0000',
  `paper_size` varchar(2) NOT NULL DEFAULT 'na',
  `status` int(2) NOT NULL DEFAULT '0',
  `employee_id` int(10) NOT NULL,
  `created_at` datetime NOT NULL,
  `updated_at` datetime DEFAULT NULL,
  `deleted_at` datetime DEFAULT NULL,
  PRIMARY KEY (`id`)
) ENGINE=InnoDB AUTO_INCREMENT=37 DEFAULT CHARSET=latin1;

/*Data for the table `matrix_binding` */

insert  into `matrix_binding`(`id`,`qty`,`price`,`paper_size`,`status`,`employee_id`,`created_at`,`updated_at`,`deleted_at`) values 
(1,100,3.3000,'A4',0,0,'2019-06-03 17:59:01','2019-06-03 17:59:01',NULL),
(2,200,2.7600,'A4',0,0,'2019-06-03 17:59:01','2019-06-03 17:59:01',NULL),
(3,300,2.3000,'A4',0,0,'2019-06-03 17:59:01','2019-06-03 17:59:01',NULL),
(4,400,2.1850,'A4',0,0,'2019-06-03 17:59:01','2019-06-03 17:59:01',NULL),
(5,500,2.0700,'A4',0,0,'2019-06-03 17:59:01','2019-06-03 17:59:01',NULL),
(6,600,1.9700,'A4',0,0,'2019-06-03 17:59:01','2019-06-03 17:59:01',NULL),
(7,700,1.8700,'A4',0,0,'2019-06-03 17:59:01','2019-06-03 17:59:01',NULL),
(8,800,1.7700,'A4',0,0,'2019-06-03 17:59:01','2019-06-03 17:59:01',NULL),
(9,900,1.6900,'A4',0,0,'2019-06-03 17:59:01','2019-06-03 17:59:01',NULL),
(10,1000,1.6000,'A4',0,0,'2019-06-03 17:59:02','2019-06-03 17:59:02',NULL),
(11,1500,1.5200,'A4',0,0,'2019-06-03 17:59:02','2019-06-03 17:59:02',NULL),
(12,2000,1.4400,'A4',0,0,'2019-06-03 17:59:02','2019-06-03 17:59:02',NULL),
(13,100,3.1500,'B5',0,0,'2019-06-03 17:59:02','2019-06-03 17:59:02',NULL),
(14,200,2.6100,'B5',0,0,'2019-06-03 17:59:02','2019-06-03 17:59:02',NULL),
(15,300,2.1800,'B5',0,0,'2019-06-03 17:59:02','2019-06-03 17:59:02',NULL),
(16,400,2.0900,'B5',0,0,'2019-06-03 17:59:02','2019-06-03 17:59:02',NULL),
(17,500,1.9800,'B5',0,0,'2019-06-03 17:59:02','2019-06-03 17:59:02',NULL),
(18,600,1.8800,'B5',0,0,'2019-06-03 17:59:02','2019-06-03 17:59:02',NULL),
(19,700,1.7900,'B5',0,0,'2019-06-03 17:59:02','2019-06-03 17:59:02',NULL),
(20,800,1.7000,'B5',0,0,'2019-06-03 17:59:02','2019-06-03 17:59:02',NULL),
(21,900,1.6100,'B5',0,0,'2019-06-03 17:59:02','2019-06-03 17:59:02',NULL),
(22,1000,1.5400,'B5',0,0,'2019-06-03 17:59:02','2019-06-03 17:59:02',NULL),
(23,1500,1.4600,'B5',0,0,'2019-06-03 17:59:02','2019-06-03 17:59:02',NULL),
(24,2000,1.3900,'B5',0,0,'2019-06-03 17:59:02','2019-06-03 17:59:02',NULL),
(25,100,2.8800,'A5',0,0,'2019-06-03 17:59:02','2019-06-03 17:59:02',NULL),
(26,200,2.4000,'A5',0,0,'2019-06-03 17:59:02','2019-06-03 17:59:02',NULL),
(27,300,2.0000,'A5',0,0,'2019-06-03 17:59:02','2019-06-03 17:59:02',NULL),
(28,400,1.9500,'A5',0,0,'2019-06-03 17:59:02','2019-06-03 17:59:02',NULL),
(29,500,1.8500,'A5',0,0,'2019-06-03 17:59:02','2019-06-03 17:59:02',NULL),
(30,600,1.7500,'A5',0,0,'2019-06-03 17:59:02','2019-06-03 17:59:02',NULL),
(31,700,1.6700,'A5',0,0,'2019-06-03 17:59:02','2019-06-03 17:59:02',NULL),
(32,800,1.5900,'A5',0,0,'2019-06-03 17:59:02','2019-06-03 17:59:02',NULL),
(33,900,1.5100,'A5',0,0,'2019-06-03 17:59:02','2019-06-03 17:59:02',NULL),
(34,1000,1.4400,'A5',0,0,'2019-06-03 17:59:02','2019-06-03 17:59:02',NULL),
(35,1500,1.3700,'A5',0,0,'2019-06-03 17:59:02','2019-06-03 17:59:02',NULL),
(36,2000,1.3000,'A5',0,0,'2019-06-03 17:59:02','2019-06-03 17:59:02',NULL);

/*Table structure for table `matrix_bundled` */

DROP TABLE IF EXISTS `matrix_bundled`;

CREATE TABLE `matrix_bundled` (
  `id` int(3) NOT NULL AUTO_INCREMENT,
  `bundle` int(1) NOT NULL,
  `qty` int(6) NOT NULL,
  `price` decimal(14,4) NOT NULL DEFAULT '0.0000',
  `employee_id` int(10) NOT NULL,
  `created_at` datetime NOT NULL,
  `updated_at` datetime DEFAULT NULL,
  `deleted_at` datetime DEFAULT NULL,
  PRIMARY KEY (`id`)
) ENGINE=InnoDB AUTO_INCREMENT=9 DEFAULT CHARSET=latin1;

/*Data for the table `matrix_bundled` */

insert  into `matrix_bundled`(`id`,`bundle`,`qty`,`price`,`employee_id`,`created_at`,`updated_at`,`deleted_at`) values 
(1,2,1,0.3500,0,'2019-07-08 18:14:10','2019-07-08 18:14:33','2020-04-16 06:59:52'),
(2,2,10000,0.3000,0,'2019-07-08 18:14:13','2019-07-08 18:14:35',NULL),
(3,2,20000,0.2500,0,'2019-07-08 18:14:16','2019-07-08 18:14:37',NULL),
(4,2,50000,0.1200,0,'2019-07-08 18:14:18','2019-07-08 18:14:40',NULL),
(5,3,1,0.4000,0,'2019-07-08 18:14:21','2019-07-08 18:14:42',NULL),
(6,3,10000,0.3500,0,'2019-07-08 18:14:23','2019-07-08 18:14:44',NULL),
(7,3,20000,0.3000,0,'2019-07-08 18:14:28','2019-07-08 18:14:48',NULL),
(8,3,50000,0.2500,0,'2019-07-08 18:14:31','2019-07-08 18:14:51',NULL);

/*Table structure for table `matrix_cutting_book` */

DROP TABLE IF EXISTS `matrix_cutting_book`;

CREATE TABLE `matrix_cutting_book` (
  `id` int(11) NOT NULL AUTO_INCREMENT,
  `qty` int(6) NOT NULL,
  `price` decimal(14,4) NOT NULL DEFAULT '0.0000',
  `paper_size` varchar(2) NOT NULL DEFAULT 'na',
  `status` int(3) NOT NULL DEFAULT '0' COMMENT 'sig/cuts/folds/laminated',
  `employee_id` int(10) NOT NULL,
  `created_at` datetime NOT NULL,
  `updated_at` datetime DEFAULT NULL,
  `deleted_at` datetime DEFAULT NULL,
  PRIMARY KEY (`id`)
) ENGINE=InnoDB AUTO_INCREMENT=37 DEFAULT CHARSET=latin1;

/*Data for the table `matrix_cutting_book` */

insert  into `matrix_cutting_book`(`id`,`qty`,`price`,`paper_size`,`status`,`employee_id`,`created_at`,`updated_at`,`deleted_at`) values 
(1,1,0.2500,'A4',4,0,'2019-06-28 12:06:18','2019-06-28 12:06:18',NULL),
(2,200,0.2380,'A4',4,0,'2019-06-28 12:06:18','2019-06-28 12:06:18',NULL),
(3,300,0.2260,'A4',4,0,'2019-06-28 12:06:18','2019-06-28 12:06:18',NULL),
(4,400,0.2140,'A4',4,0,'2019-06-28 12:06:18','2019-06-28 12:06:18',NULL),
(5,500,0.2030,'A4',4,0,'2019-06-28 12:06:18','2019-06-28 12:06:18',NULL),
(6,600,0.1920,'A4',4,0,'2019-06-28 12:06:18','2019-06-28 12:06:18',NULL),
(7,700,0.1830,'A4',4,0,'2019-06-28 12:06:18','2019-06-28 12:06:18',NULL),
(8,800,0.1740,'A4',4,0,'2019-06-28 12:06:18','2019-06-28 12:06:18',NULL),
(9,900,0.1650,'A4',4,0,'2019-06-28 12:06:18','2019-06-28 12:06:18',NULL),
(10,1000,0.1570,'A4',4,0,'2019-06-28 12:06:18','2019-06-28 12:06:18',NULL),
(11,1500,0.1420,'A4',4,0,'2019-06-28 12:06:18','2019-06-28 12:06:18',NULL),
(12,2000,0.1270,'A4',4,0,'2019-06-28 12:06:18','2019-06-28 12:06:18',NULL),
(13,1,0.2250,'B5',4,0,'2019-06-28 12:06:18','2019-06-28 12:06:18',NULL),
(14,200,0.2130,'B5',4,0,'2019-06-28 12:06:18','2019-06-28 12:06:18',NULL),
(15,300,0.2030,'B5',4,0,'2019-06-28 12:06:18','2019-06-28 12:06:18',NULL),
(16,400,0.1920,'B5',4,0,'2019-06-28 12:06:18','2019-06-28 12:06:18',NULL),
(17,500,0.1830,'B5',4,0,'2019-06-28 12:06:18','2019-06-28 12:06:18',NULL),
(18,600,0.1740,'B5',4,0,'2019-06-28 12:06:18','2019-06-28 12:06:18',NULL),
(19,700,0.1650,'B5',4,0,'2019-06-28 12:06:18','2019-06-28 12:06:18',NULL),
(20,800,0.1570,'B5',4,0,'2019-06-28 12:06:18','2019-06-28 12:06:18',NULL),
(21,900,0.1490,'B5',4,0,'2019-06-28 12:06:18','2019-06-28 12:06:18',NULL),
(22,1000,0.1410,'B5',4,0,'2019-06-28 12:06:18','2019-06-28 12:06:18',NULL),
(23,1500,0.1270,'B5',4,0,'2019-06-28 12:06:18','2019-06-28 12:06:18',NULL),
(24,2000,0.1140,'B5',4,0,'2019-06-28 12:06:18','2019-06-28 12:06:18',NULL),
(25,1,0.2020,'A5',4,0,'2019-06-28 12:06:18','2019-06-28 12:06:18',NULL),
(26,200,0.1910,'A5',4,0,'2019-06-28 12:06:18','2019-06-28 12:06:18',NULL),
(27,300,0.1810,'A5',4,0,'2019-06-28 12:06:18','2019-06-28 12:06:18',NULL),
(28,400,0.1720,'A5',4,0,'2019-06-28 12:06:18','2019-06-28 12:06:18',NULL),
(29,500,0.1630,'A5',4,0,'2019-06-28 12:06:18','2019-06-28 12:06:18',NULL),
(30,600,0.1550,'A5',4,0,'2019-06-28 12:06:18','2019-06-28 12:06:18',NULL),
(31,700,0.1470,'A5',4,0,'2019-06-28 12:06:18','2019-06-28 12:06:18',NULL),
(32,800,0.1400,'A5',4,0,'2019-06-28 12:06:18','2019-06-28 12:06:18',NULL),
(33,900,0.1330,'A5',4,0,'2019-06-28 12:06:18','2019-06-28 12:06:18',NULL),
(34,1000,0.1260,'A5',4,0,'2019-06-28 12:06:18','2019-06-28 12:06:18',NULL),
(35,1500,0.1140,'A5',4,0,'2019-06-28 12:06:18','2019-06-28 12:06:18',NULL),
(36,2000,0.1080,'A5',4,0,'2019-06-28 12:06:18','2019-06-28 12:06:18',NULL);

/*Table structure for table `matrix_cutting_sheet` */

DROP TABLE IF EXISTS `matrix_cutting_sheet`;

CREATE TABLE `matrix_cutting_sheet` (
  `id` int(11) NOT NULL AUTO_INCREMENT,
  `qty` int(6) NOT NULL,
  `price` decimal(14,4) NOT NULL DEFAULT '0.0000',
  `paper_size` varchar(2) NOT NULL DEFAULT 'na',
  `status` int(1) NOT NULL DEFAULT '0',
  `employee_id` int(10) NOT NULL,
  `created_at` datetime NOT NULL,
  `updated_at` datetime DEFAULT NULL,
  `deleted_at` datetime DEFAULT NULL,
  PRIMARY KEY (`id`)
) ENGINE=InnoDB AUTO_INCREMENT=13 DEFAULT CHARSET=latin1;

/*Data for the table `matrix_cutting_sheet` */

insert  into `matrix_cutting_sheet`(`id`,`qty`,`price`,`paper_size`,`status`,`employee_id`,`created_at`,`updated_at`,`deleted_at`) values 
(1,1,50.0000,'na',0,0,'2019-07-12 11:21:40','2019-07-12 11:21:40',NULL),
(2,1000,45.0000,'na',0,0,'2019-07-12 11:21:41','2019-07-12 11:21:41',NULL),
(3,2000,40.0000,'na',0,0,'2019-07-12 11:21:41','2019-07-12 11:21:41',NULL),
(4,3000,36.0000,'na',0,0,'2019-07-12 11:21:41','2019-07-12 11:21:41',NULL),
(5,4000,33.0000,'na',0,0,'2019-07-12 11:21:41','2019-07-12 11:21:41',NULL),
(6,5000,30.0000,'na',0,0,'2019-07-12 11:21:41','2019-07-12 11:21:41',NULL),
(7,10000,27.0000,'na',0,0,'2019-07-12 11:21:41','2019-07-12 11:21:41',NULL),
(8,20000,22.0000,'na',0,0,'2019-07-12 11:21:41','2019-07-12 11:21:41',NULL),
(9,30000,17.5000,'na',0,0,'2019-07-12 11:21:41','2019-07-12 11:21:41',NULL),
(10,40000,14.0000,'na',0,0,'2019-07-12 11:21:41','2019-07-12 11:21:41',NULL),
(11,50000,11.0000,'na',0,0,'2019-07-12 11:21:41','2019-07-12 11:21:41',NULL),
(12,100000,5.6000,'na',0,0,'2019-07-12 11:21:41','2019-07-12 11:21:41',NULL);

/*Table structure for table `matrix_diecut` */

DROP TABLE IF EXISTS `matrix_diecut`;

CREATE TABLE `matrix_diecut` (
  `id` int(3) NOT NULL AUTO_INCREMENT,
  `qty` int(6) NOT NULL,
  `price` decimal(14,4) NOT NULL DEFAULT '0.0000',
  `paper_size` varchar(2) NOT NULL DEFAULT 'na',
  `status` int(1) NOT NULL DEFAULT '0',
  `employee_id` int(10) NOT NULL,
  `created_at` datetime NOT NULL,
  `updated_at` datetime DEFAULT NULL,
  `deleted_at` datetime DEFAULT NULL,
  PRIMARY KEY (`id`)
) ENGINE=InnoDB AUTO_INCREMENT=15 DEFAULT CHARSET=latin1;

/*Data for the table `matrix_diecut` */

insert  into `matrix_diecut`(`id`,`qty`,`price`,`paper_size`,`status`,`employee_id`,`created_at`,`updated_at`,`deleted_at`) values 
(1,1000,250.0000,'na',0,0,'2019-06-06 15:52:15','2019-06-06 15:52:15',NULL),
(2,2000,0.2500,'na',0,0,'2019-06-06 15:52:15','2019-06-06 15:52:15',NULL),
(3,3000,0.2375,'na',0,0,'2019-06-06 15:52:15','2019-06-06 15:52:15',NULL),
(4,4000,0.2256,'na',0,0,'2019-06-06 15:52:15','2019-06-06 15:52:15',NULL),
(5,5000,0.2143,'na',0,0,'2019-06-06 15:52:15','2019-06-06 15:52:15',NULL),
(6,6000,0.2036,'na',0,0,'2019-06-06 15:52:15','2019-06-06 15:52:15',NULL),
(7,7000,0.1934,'na',0,0,'2019-06-06 15:52:15','2019-06-06 15:52:15',NULL),
(8,8000,0.1837,'na',0,0,'2019-06-06 15:52:15','2019-06-06 15:52:15',NULL),
(9,9000,0.1745,'na',0,0,'2019-06-06 15:52:15','2019-06-06 15:52:15',NULL),
(10,10000,0.1658,'na',0,0,'2019-06-06 15:52:15','2019-06-06 15:52:15',NULL),
(11,15000,0.1492,'na',0,0,'2019-06-06 15:52:15','2019-06-06 15:52:15',NULL),
(12,20000,0.1342,'na',0,0,'2019-06-06 15:52:15','2019-06-06 15:52:15',NULL),
(13,25000,0.1208,'na',0,0,'2019-06-06 15:52:15','2019-06-06 15:52:15',NULL),
(14,30000,0.1088,'na',0,0,'2019-06-06 15:52:15','2019-06-06 15:52:15',NULL);

/*Table structure for table `matrix_diecut_label` */

DROP TABLE IF EXISTS `matrix_diecut_label`;

CREATE TABLE `matrix_diecut_label` (
  `id` int(3) NOT NULL AUTO_INCREMENT,
  `qty` int(6) NOT NULL,
  `price` decimal(14,4) NOT NULL DEFAULT '0.0000',
  `paper_size` varchar(2) NOT NULL DEFAULT 'na',
  `status` int(1) NOT NULL DEFAULT '0',
  `employee_id` int(10) NOT NULL,
  `created_at` datetime NOT NULL,
  `updated_at` datetime DEFAULT NULL,
  `deleted_at` datetime DEFAULT NULL,
  PRIMARY KEY (`id`)
) ENGINE=InnoDB AUTO_INCREMENT=83 DEFAULT CHARSET=latin1;

/*Data for the table `matrix_diecut_label` */

insert  into `matrix_diecut_label`(`id`,`qty`,`price`,`paper_size`,`status`,`employee_id`,`created_at`,`updated_at`,`deleted_at`) values 
(1,1,1300.0000,'na',0,0,'2019-06-06 15:30:11','2019-06-06 15:30:11',NULL),
(2,1500,0.6500,'na',0,0,'2019-06-06 15:30:11','2019-06-06 15:30:11',NULL),
(3,2000,0.5850,'na',0,0,'2019-06-06 15:30:11','2019-06-06 15:30:11',NULL),
(4,3000,0.5260,'na',0,0,'2019-06-06 15:30:12','2019-06-06 15:30:12',NULL),
(5,4000,0.4730,'na',0,0,'2019-06-06 15:30:12','2019-06-06 15:30:12',NULL),
(6,5000,0.4260,'na',0,0,'2019-06-06 15:30:12','2019-06-06 15:30:12',NULL),
(7,6000,0.3830,'na',0,0,'2019-06-06 15:30:12','2019-06-06 15:30:12',NULL),
(8,7000,0.3450,'na',0,0,'2019-06-06 15:30:12','2019-06-06 15:30:12',NULL),
(9,8000,0.3100,'na',0,0,'2019-06-06 15:30:12','2019-06-06 15:30:12',NULL),
(10,9000,0.2790,'na',0,0,'2019-06-06 15:30:12','2019-06-06 15:30:12',NULL),
(11,10000,0.2500,'na',0,0,'2019-06-06 15:30:12','2019-06-06 15:30:12',NULL),
(12,11000,0.2260,'na',0,0,'2019-06-06 15:30:12','2019-06-06 15:30:12',NULL),
(13,12000,0.2030,'na',0,0,'2019-06-06 15:30:12','2019-06-06 15:30:12',NULL),
(14,13000,0.1830,'na',0,0,'2019-06-06 15:30:12','2019-06-06 15:30:12',NULL),
(15,14000,0.1640,'na',0,0,'2019-06-06 15:30:12','2019-06-06 15:30:12',NULL),
(16,15000,0.1480,'na',0,0,'2019-06-06 15:30:12','2019-06-06 15:30:12',NULL),
(17,16000,0.1330,'na',0,0,'2019-06-06 15:30:12','2019-06-06 15:30:12',NULL),
(18,17000,0.1200,'na',0,0,'2019-06-06 15:30:12','2019-06-06 15:30:12',NULL),
(19,18000,0.1080,'na',0,0,'2019-06-06 15:30:12','2019-06-06 15:30:12',NULL),
(20,19000,0.0970,'na',0,0,'2019-06-06 15:30:12','2019-06-06 15:30:12',NULL),
(21,20000,0.0880,'na',0,0,'2019-06-06 15:30:12','2019-06-06 15:30:12',NULL),
(22,25000,0.0790,'na',0,0,'2019-06-06 15:30:12','2019-06-06 15:30:12',NULL),
(23,30000,0.0700,'na',0,0,'2019-06-06 15:30:12','2019-06-06 15:30:12',NULL),
(24,35000,0.0630,'na',0,0,'2019-06-06 15:30:12','2019-06-06 15:30:12',NULL),
(25,40000,0.0570,'na',0,0,'2019-06-06 15:30:12','2019-06-06 15:30:12',NULL),
(26,50000,0.0510,'na',0,0,'2019-06-06 15:30:12','2019-06-06 15:30:12',NULL),
(27,60000,0.0470,'na',0,0,'2019-06-06 15:30:12','2019-06-06 15:30:12',NULL),
(28,70000,0.0410,'na',0,0,'2019-06-06 15:30:12','2019-06-06 15:30:12',NULL),
(29,80000,0.0370,'na',0,0,'2019-06-06 15:30:13','2019-06-06 15:30:13',NULL),
(30,90000,0.0330,'na',0,0,'2019-06-06 15:30:13','2019-06-06 15:30:13',NULL),
(31,100000,0.0300,'na',0,0,'2019-06-06 15:30:13','2019-06-06 15:30:13',NULL),
(32,110000,0.0270,'na',0,0,'2019-06-06 15:30:13','2019-06-06 15:30:13',NULL),
(33,120000,0.0240,'na',0,0,'2019-06-06 15:30:13','2019-06-06 15:30:13',NULL),
(34,130000,0.0220,'na',0,0,'2019-06-06 15:30:13','2019-06-06 15:30:13',NULL),
(35,140000,0.0200,'na',0,0,'2019-06-06 15:30:13','2019-06-06 15:30:13',NULL),
(36,150000,0.0180,'na',0,0,'2019-06-06 15:30:13','2019-06-06 15:30:13',NULL),
(37,160000,0.0160,'na',0,0,'2019-06-06 15:30:13','2019-06-06 15:30:13',NULL),
(38,170000,0.0150,'na',0,0,'2019-06-06 15:30:13','2019-06-06 15:30:13',NULL),
(39,180000,0.0130,'na',0,0,'2019-06-06 15:30:13','2019-06-06 15:30:13',NULL),
(40,190000,0.0110,'na',0,0,'2019-06-06 15:30:13','2019-06-06 15:30:13',NULL),
(41,200000,0.0100,'na',0,0,'2019-06-06 15:30:13','2019-06-06 15:30:13',NULL),
(42,1,500.0000,'na',1,0,'2019-06-06 15:30:13','2019-06-06 15:30:13',NULL),
(43,1500,0.3660,'na',1,0,'2019-06-06 15:30:13','2019-06-06 15:30:13',NULL),
(44,2000,0.3300,'na',1,0,'2019-06-06 15:30:13','2019-06-06 15:30:13',NULL),
(45,3000,0.2970,'na',1,0,'2019-06-06 15:30:13','2019-06-06 15:30:13',NULL),
(46,4000,0.2670,'na',1,0,'2019-06-06 15:30:13','2019-06-06 15:30:13',NULL),
(47,5000,0.2400,'na',1,0,'2019-06-06 15:30:13','2019-06-06 15:30:13',NULL),
(48,6000,0.2160,'na',1,0,'2019-06-06 15:30:13','2019-06-06 15:30:13',NULL),
(49,7000,0.1940,'na',1,0,'2019-06-06 15:30:13','2019-06-06 15:30:13',NULL),
(50,8000,0.1750,'na',1,0,'2019-06-06 15:30:13','2019-06-06 15:30:13',NULL),
(51,9000,0.1500,'na',1,0,'2019-06-06 15:30:13','2019-06-06 15:30:13',NULL),
(52,10000,0.1400,'na',1,0,'2019-06-06 15:30:13','2019-06-06 15:30:13',NULL),
(53,11000,0.1270,'na',1,0,'2019-06-06 15:30:13','2019-06-06 15:30:13',NULL),
(54,12000,0.1150,'na',1,0,'2019-06-06 15:30:13','2019-06-06 15:30:13',NULL),
(55,13000,0.1030,'na',1,0,'2019-06-06 15:30:13','2019-06-06 15:30:13',NULL),
(56,14000,0.1020,'na',1,0,'2019-06-06 15:30:13','2019-06-06 15:30:13',NULL),
(57,15000,0.0920,'na',1,0,'2019-06-06 15:30:13','2019-06-06 15:30:13',NULL),
(58,16000,0.0820,'na',1,0,'2019-06-06 15:30:14','2019-06-06 15:30:14',NULL),
(59,17000,0.0740,'na',1,0,'2019-06-06 15:30:14','2019-06-06 15:30:14',NULL),
(60,18000,0.0670,'na',1,0,'2019-06-06 15:30:14','2019-06-06 15:30:14',NULL),
(61,19000,0.0600,'na',1,0,'2019-06-06 15:30:14','2019-06-06 15:30:14',NULL),
(62,20000,0.0540,'na',1,0,'2019-06-06 15:30:14','2019-06-06 15:30:14',NULL),
(63,25000,0.0480,'na',1,0,'2019-06-06 15:30:14','2019-06-06 15:30:14',NULL),
(64,30000,0.0440,'na',1,0,'2019-06-06 15:30:14','2019-06-06 15:30:14',NULL),
(65,35000,0.0390,'na',1,0,'2019-06-06 15:30:14','2019-06-06 15:30:14',NULL),
(66,40000,0.0360,'na',1,0,'2019-06-06 15:30:14','2019-06-06 15:30:14',NULL),
(67,50000,0.0320,'na',1,0,'2019-06-06 15:30:14','2019-06-06 15:30:14',NULL),
(68,60000,0.0290,'na',1,0,'2019-06-06 15:30:14','2019-06-06 15:30:14',NULL),
(69,70000,0.0250,'na',1,0,'2019-06-06 15:30:14','2019-06-06 15:30:14',NULL),
(70,80000,0.0230,'na',1,0,'2019-06-06 15:30:14','2019-06-06 15:30:14',NULL),
(71,90000,0.0210,'na',1,0,'2019-06-06 15:30:14','2019-06-06 15:30:14',NULL),
(72,100000,0.0180,'na',1,0,'2019-06-06 15:30:14','2019-06-06 15:30:14',NULL),
(73,110000,0.0170,'na',1,0,'2019-06-06 15:30:14','2019-06-06 15:30:14',NULL),
(74,120000,0.0150,'na',1,0,'2019-06-06 15:30:14','2019-06-06 15:30:14',NULL),
(75,130000,0.0130,'na',1,0,'2019-06-06 15:30:14','2019-06-06 15:30:14',NULL),
(76,140000,0.0120,'na',1,0,'2019-06-06 15:30:14','2019-06-06 15:30:14',NULL),
(77,150000,0.0110,'na',1,0,'2019-06-06 15:30:14','2019-06-06 15:30:14',NULL),
(78,160000,0.0100,'na',1,0,'2019-06-06 15:30:14','2019-06-06 15:30:14',NULL),
(79,170000,0.0090,'na',1,0,'2019-06-06 15:30:14','2019-06-06 15:30:14',NULL),
(80,180000,0.0080,'na',1,0,'2019-06-06 15:30:14','2019-06-06 15:30:14',NULL),
(81,190000,0.0070,'na',1,0,'2019-06-06 15:30:14','2019-06-06 15:30:14',NULL),
(82,200000,0.0060,'na',1,0,'2019-06-06 15:30:14','2019-06-06 15:30:14',NULL);

/*Table structure for table `matrix_folding_machine` */

DROP TABLE IF EXISTS `matrix_folding_machine`;

CREATE TABLE `matrix_folding_machine` (
  `id` int(11) NOT NULL AUTO_INCREMENT,
  `qty` int(6) NOT NULL,
  `price` decimal(14,4) NOT NULL DEFAULT '0.0000',
  `paper_size` varchar(2) NOT NULL DEFAULT 'na',
  `status` int(1) NOT NULL DEFAULT '0' COMMENT 'sig/cuts/folds/laminated',
  `employee_id` int(10) NOT NULL,
  `created_at` datetime NOT NULL,
  `updated_at` datetime DEFAULT NULL,
  `deleted_at` datetime DEFAULT NULL,
  PRIMARY KEY (`id`)
) ENGINE=InnoDB AUTO_INCREMENT=71 DEFAULT CHARSET=latin1;

/*Data for the table `matrix_folding_machine` */

insert  into `matrix_folding_machine`(`id`,`qty`,`price`,`paper_size`,`status`,`employee_id`,`created_at`,`updated_at`,`deleted_at`) values 
(1,1,2.9100,'na',5,0,'2019-06-03 17:34:32','2019-06-03 17:34:32',NULL),
(2,2000,2.1800,'na',5,0,'2019-06-03 17:34:32','2019-06-03 17:34:32',NULL),
(3,3000,1.6300,'na',5,0,'2019-06-03 17:34:32','2019-06-03 17:34:32',NULL),
(4,4000,1.2300,'na',5,0,'2019-06-03 17:34:32','2019-06-03 17:34:32',NULL),
(5,5000,0.9200,'na',5,0,'2019-06-03 17:34:32','2019-06-03 17:34:32',NULL),
(6,10000,0.6900,'na',5,0,'2019-06-03 17:34:32','2019-06-03 17:34:32',NULL),
(7,20000,0.5100,'na',5,0,'2019-06-03 17:34:32','2019-06-03 17:34:32',NULL),
(8,30000,0.3900,'na',5,0,'2019-06-03 17:34:32','2019-06-03 17:34:32',NULL),
(9,50000,0.2800,'na',5,0,'2019-06-03 17:34:32','2019-06-03 17:34:32',NULL),
(10,100000,0.2200,'na',5,0,'2019-06-03 17:34:32','2019-06-03 17:34:32',NULL),
(11,150000,0.1900,'na',5,0,'2019-06-03 17:34:32','2019-06-03 17:34:32',NULL),
(12,250000,0.1600,'na',5,0,'2019-06-03 17:34:32','2019-06-03 17:34:32',NULL),
(13,300000,0.1300,'na',5,0,'2019-06-03 17:34:32','2019-06-03 17:34:32',NULL),
(14,400000,0.1100,'na',5,0,'2019-06-03 17:34:32','2019-06-03 17:34:32',NULL),
(15,1,2.4100,'na',4,0,'2019-06-03 17:34:32','2019-06-03 17:34:32',NULL),
(16,2000,1.8200,'na',4,0,'2019-06-03 17:34:32','2019-06-03 17:34:32',NULL),
(17,3000,1.3600,'na',4,0,'2019-06-03 17:34:32','2019-06-03 17:34:32',NULL),
(18,4000,1.0200,'na',4,0,'2019-06-03 17:34:32','2019-06-03 17:34:32',NULL),
(19,5000,0.7600,'na',4,0,'2019-06-03 17:34:32','2019-06-03 17:34:32',NULL),
(20,10000,0.5700,'na',4,0,'2019-06-03 17:34:32','2019-06-03 17:34:32',NULL),
(21,20000,0.4200,'na',4,0,'2019-06-03 17:34:33','2019-06-03 17:34:33',NULL),
(22,30000,0.3200,'na',4,0,'2019-06-03 17:34:33','2019-06-03 17:34:33',NULL),
(23,50000,0.2300,'na',4,0,'2019-06-03 17:34:33','2019-06-03 17:34:33',NULL),
(24,100000,0.1800,'na',4,0,'2019-06-03 17:34:33','2019-06-03 17:34:33',NULL),
(25,150000,0.1600,'na',4,0,'2019-06-03 17:34:33','2019-06-03 17:34:33',NULL),
(26,250000,0.1400,'na',4,0,'2019-06-03 17:34:33','2019-06-03 17:34:33',NULL),
(27,300000,0.1100,'na',4,0,'2019-06-03 17:34:33','2019-06-03 17:34:33',NULL),
(28,400000,0.1000,'na',4,0,'2019-06-03 17:34:33','2019-06-03 17:34:33',NULL),
(29,1,2.0100,'na',3,0,'2019-06-03 17:34:33','2019-06-03 17:34:33',NULL),
(30,2000,1.5100,'na',3,0,'2019-06-03 17:34:33','2019-06-03 17:34:33',NULL),
(31,3000,1.1300,'na',3,0,'2019-06-03 17:34:33','2019-06-03 17:34:33',NULL),
(32,4000,0.8500,'na',3,0,'2019-06-03 17:34:33','2019-06-03 17:34:33',NULL),
(33,5000,0.6400,'na',3,0,'2019-06-03 17:34:33','2019-06-03 17:34:33',NULL),
(34,10000,0.4700,'na',3,0,'2019-06-03 17:34:33','2019-06-03 17:34:33',NULL),
(35,20000,0.3500,'na',3,0,'2019-06-03 17:34:33','2019-06-03 17:34:33',NULL),
(36,30000,0.3000,'na',3,0,'2019-06-03 17:34:33','2019-06-03 17:34:33',NULL),
(37,50000,0.2100,'na',3,0,'2019-06-03 17:34:33','2019-06-03 17:34:33',NULL),
(38,100000,0.1600,'na',3,0,'2019-06-03 17:34:33','2019-06-03 17:34:33',NULL),
(39,150000,0.1400,'na',3,0,'2019-06-03 17:34:33','2019-06-03 17:34:33',NULL),
(40,250000,0.1100,'na',3,0,'2019-06-03 17:34:33','2019-06-03 17:34:33',NULL),
(41,300000,0.0900,'na',3,0,'2019-06-03 17:34:33','2019-06-03 17:34:33',NULL),
(42,400000,0.0800,'na',3,0,'2019-06-03 17:34:33','2019-06-03 17:34:33',NULL),
(43,1,1.6800,'na',2,0,'2019-06-03 17:34:33','2019-06-03 17:34:33',NULL),
(44,2000,1.2600,'na',2,0,'2019-06-03 17:34:33','2019-06-03 17:34:33',NULL),
(45,3000,0.9500,'na',2,0,'2019-06-03 17:34:33','2019-06-03 17:34:33',NULL),
(46,4000,0.7000,'na',2,0,'2019-06-03 17:34:33','2019-06-03 17:34:33',NULL),
(47,5000,0.5300,'na',2,0,'2019-06-03 17:34:33','2019-06-03 17:34:33',NULL),
(48,10000,0.3900,'na',2,0,'2019-06-03 17:34:33','2019-06-03 17:34:33',NULL),
(49,20000,0.3000,'na',2,0,'2019-06-03 17:34:34','2019-06-03 17:34:34',NULL),
(50,30000,0.2300,'na',2,0,'2019-06-03 17:34:34','2019-06-03 17:34:34',NULL),
(51,50000,0.1700,'na',2,0,'2019-06-03 17:34:34','2019-06-03 17:34:34',NULL),
(52,100000,0.1300,'na',2,0,'2019-06-03 17:34:34','2019-06-03 17:34:34',NULL),
(53,150000,0.1200,'na',2,0,'2019-06-03 17:34:34','2019-06-03 17:34:34',NULL),
(54,250000,0.1000,'na',2,0,'2019-06-03 17:34:34','2019-06-03 17:34:34',NULL),
(55,300000,0.0800,'na',2,0,'2019-06-03 17:34:34','2019-06-03 17:34:34',NULL),
(56,400000,0.0700,'na',2,0,'2019-06-03 17:34:34','2019-06-03 17:34:34',NULL),
(57,1,1.4000,'na',1,0,'2019-06-03 17:34:34','2019-06-03 17:34:34',NULL),
(58,2000,1.0500,'na',1,0,'2019-06-03 17:34:34','2019-06-03 17:34:34',NULL),
(59,3000,0.7800,'na',1,0,'2019-06-03 17:34:34','2019-06-03 17:34:34',NULL),
(60,4000,0.5800,'na',1,0,'2019-06-03 17:34:34','2019-06-03 17:34:34',NULL),
(61,5000,0.4300,'na',1,0,'2019-06-03 17:34:34','2019-06-03 17:34:34',NULL),
(62,10000,0.3200,'na',1,0,'2019-06-03 17:34:34','2019-06-03 17:34:34',NULL),
(63,20000,0.2400,'na',1,0,'2019-06-03 17:34:34','2019-06-03 17:34:34',NULL),
(64,30000,0.1800,'na',1,0,'2019-06-03 17:34:34','2019-06-03 17:34:34',NULL),
(65,50000,0.1400,'na',1,0,'2019-06-03 17:34:34','2019-06-03 17:34:34',NULL),
(66,100000,0.1100,'na',1,0,'2019-06-03 17:34:34','2019-06-03 17:34:34',NULL),
(67,150000,0.0900,'na',1,0,'2019-06-03 17:34:34','2019-06-03 17:34:34',NULL),
(68,250000,0.0700,'na',1,0,'2019-06-03 17:34:34','2019-06-03 17:34:34',NULL),
(69,300000,0.0500,'na',1,0,'2019-06-03 17:34:34','2019-06-03 17:34:34',NULL),
(70,400000,0.0400,'na',1,0,'2019-06-03 17:34:34','2019-06-03 17:34:34',NULL);

/*Table structure for table `matrix_folding_manual` */

DROP TABLE IF EXISTS `matrix_folding_manual`;

CREATE TABLE `matrix_folding_manual` (
  `id` int(11) NOT NULL AUTO_INCREMENT,
  `qty` int(6) NOT NULL,
  `price` decimal(14,4) NOT NULL DEFAULT '0.0000',
  `paper_size` varchar(2) NOT NULL DEFAULT 'na',
  `status` int(3) NOT NULL DEFAULT '0' COMMENT 'sig/cuts/folds/laminated',
  `employee_id` int(10) NOT NULL,
  `created_at` datetime NOT NULL,
  `updated_at` datetime DEFAULT NULL,
  `deleted_at` datetime DEFAULT NULL,
  PRIMARY KEY (`id`)
) ENGINE=InnoDB AUTO_INCREMENT=57 DEFAULT CHARSET=latin1;

/*Data for the table `matrix_folding_manual` */

insert  into `matrix_folding_manual`(`id`,`qty`,`price`,`paper_size`,`status`,`employee_id`,`created_at`,`updated_at`,`deleted_at`) values 
(1,1,3.6000,'na',4,0,'2019-06-03 17:34:30','2019-06-03 17:34:30',NULL),
(2,2000,2.7000,'na',4,0,'2019-06-03 17:34:30','2019-06-03 17:34:30',NULL),
(3,3000,2.0200,'na',4,0,'2019-06-03 17:34:30','2019-06-03 17:34:30',NULL),
(4,4000,1.5100,'na',4,0,'2019-06-03 17:34:30','2019-06-03 17:34:30',NULL),
(5,5000,1.1300,'na',4,0,'2019-06-03 17:34:30','2019-06-03 17:34:30',NULL),
(6,10000,0.8500,'na',4,0,'2019-06-03 17:34:30','2019-06-03 17:34:30',NULL),
(7,20000,0.6400,'na',4,0,'2019-06-03 17:34:30','2019-06-03 17:34:30',NULL),
(8,30000,0.4800,'na',4,0,'2019-06-03 17:34:30','2019-06-03 17:34:30',NULL),
(9,50000,0.4300,'na',4,0,'2019-06-03 17:34:30','2019-06-03 17:34:30',NULL),
(10,100000,0.3900,'na',4,0,'2019-06-03 17:34:30','2019-06-03 17:34:30',NULL),
(11,150000,0.3500,'na',4,0,'2019-06-03 17:34:30','2019-06-03 17:34:30',NULL),
(12,250000,0.3000,'na',4,0,'2019-06-03 17:34:30','2019-06-03 17:34:30',NULL),
(13,300000,0.2600,'na',4,0,'2019-06-03 17:34:30','2019-06-03 17:34:30',NULL),
(14,400000,0.2200,'na',4,0,'2019-06-03 17:34:30','2019-06-03 17:34:30',NULL),
(15,1,3.0000,'na',3,0,'2019-06-03 17:34:30','2019-06-03 17:34:30',NULL),
(16,2000,2.2500,'na',3,0,'2019-06-03 17:34:30','2019-06-03 17:34:30',NULL),
(17,3000,1.6800,'na',3,0,'2019-06-03 17:34:30','2019-06-03 17:34:30',NULL),
(18,4000,1.2600,'na',3,0,'2019-06-03 17:34:30','2019-06-03 17:34:30',NULL),
(19,5000,0.9500,'na',3,0,'2019-06-03 17:34:30','2019-06-03 17:34:30',NULL),
(20,10000,0.7100,'na',3,0,'2019-06-03 17:34:30','2019-06-03 17:34:30',NULL),
(21,20000,0.5300,'na',3,0,'2019-06-03 17:34:30','2019-06-03 17:34:30',NULL),
(22,30000,0.4000,'na',3,0,'2019-06-03 17:34:30','2019-06-03 17:34:30',NULL),
(23,50000,0.3600,'na',3,0,'2019-06-03 17:34:30','2019-06-03 17:34:30',NULL),
(24,100000,0.3200,'na',3,0,'2019-06-03 17:34:30','2019-06-03 17:34:30',NULL),
(25,150000,0.2900,'na',3,0,'2019-06-03 17:34:31','2019-06-03 17:34:31',NULL),
(26,250000,0.2400,'na',3,0,'2019-06-03 17:34:31','2019-06-03 17:34:31',NULL),
(27,300000,0.2000,'na',3,0,'2019-06-03 17:34:31','2019-06-03 17:34:31',NULL),
(28,400000,0.1700,'na',3,0,'2019-06-03 17:34:31','2019-06-03 17:34:31',NULL),
(29,1,2.5000,'na',2,0,'2019-06-03 17:34:31','2019-06-03 17:34:31',NULL),
(30,2000,1.8700,'na',2,0,'2019-06-03 17:34:31','2019-06-03 17:34:31',NULL),
(31,3000,1.4000,'na',2,0,'2019-06-03 17:34:31','2019-06-03 17:34:31',NULL),
(32,4000,1.0500,'na',2,0,'2019-06-03 17:34:31','2019-06-03 17:34:31',NULL),
(33,5000,0.7900,'na',2,0,'2019-06-03 17:34:31','2019-06-03 17:34:31',NULL),
(34,10000,0.5900,'na',2,0,'2019-06-03 17:34:31','2019-06-03 17:34:31',NULL),
(35,20000,0.4400,'na',2,0,'2019-06-03 17:34:31','2019-06-03 17:34:31',NULL),
(36,30000,0.3300,'na',2,0,'2019-06-03 17:34:31','2019-06-03 17:34:31',NULL),
(37,50000,0.3000,'na',2,0,'2019-06-03 17:34:31','2019-06-03 17:34:31',NULL),
(38,100000,0.2700,'na',2,0,'2019-06-03 17:34:31','2019-06-03 17:34:31',NULL),
(39,150000,0.2400,'na',2,0,'2019-06-03 17:34:31','2019-06-03 17:34:31',NULL),
(40,250000,0.2000,'na',2,0,'2019-06-03 17:34:31','2019-06-03 17:34:31',NULL),
(41,300000,0.1700,'na',2,0,'2019-06-03 17:34:31','2019-06-03 17:34:31',NULL),
(42,400000,0.1500,'na',2,0,'2019-06-03 17:34:31','2019-06-03 17:34:31',NULL),
(43,1,2.0000,'na',1,0,'2019-06-03 17:34:31','2019-06-03 17:34:31',NULL),
(44,2000,1.5000,'na',1,0,'2019-06-03 17:34:31','2019-06-03 17:34:31',NULL),
(45,3000,1.1200,'na',1,0,'2019-06-03 17:34:31','2019-06-03 17:34:31',NULL),
(46,4000,0.8400,'na',1,0,'2019-06-03 17:34:31','2019-06-03 17:34:31',NULL),
(47,5000,0.6300,'na',1,0,'2019-06-03 17:34:31','2019-06-03 17:34:31',NULL),
(48,10000,0.4700,'na',1,0,'2019-06-03 17:34:31','2019-06-03 17:34:31',NULL),
(49,20000,0.3500,'na',1,0,'2019-06-03 17:34:31','2019-06-03 17:34:31',NULL),
(50,30000,0.2600,'na',1,0,'2019-06-03 17:34:31','2019-06-03 17:34:31',NULL),
(51,50000,0.2300,'na',1,0,'2019-06-03 17:34:31','2019-06-03 17:34:31',NULL),
(52,100000,0.2100,'na',1,0,'2019-06-03 17:34:31','2019-06-03 17:34:31',NULL),
(53,150000,0.1900,'na',1,0,'2019-06-03 17:34:31','2019-06-03 17:34:31',NULL),
(54,250000,0.1600,'na',1,0,'2019-06-03 17:34:31','2019-06-03 17:34:31',NULL),
(55,300000,0.1300,'na',1,0,'2019-06-03 17:34:32','2019-06-03 17:34:32',NULL),
(56,400000,0.1100,'na',1,0,'2019-06-03 17:34:32','2019-06-03 17:34:32',NULL);

/*Table structure for table `matrix_gathering` */

DROP TABLE IF EXISTS `matrix_gathering`;

CREATE TABLE `matrix_gathering` (
  `id` int(4) NOT NULL AUTO_INCREMENT,
  `qty` int(6) NOT NULL,
  `price` decimal(14,4) NOT NULL DEFAULT '0.0000',
  `paper_size` varchar(2) NOT NULL DEFAULT 'na',
  `status` int(1) NOT NULL DEFAULT '0',
  `employee_id` int(10) NOT NULL,
  `created_at` datetime NOT NULL,
  `updated_at` datetime DEFAULT NULL,
  `deleted_at` datetime DEFAULT NULL,
  PRIMARY KEY (`id`)
) ENGINE=InnoDB AUTO_INCREMENT=109 DEFAULT CHARSET=latin1;

/*Data for the table `matrix_gathering` */

insert  into `matrix_gathering`(`id`,`qty`,`price`,`paper_size`,`status`,`employee_id`,`created_at`,`updated_at`,`deleted_at`) values 
(1,100,0.6500,'A4',8,0,'2019-06-04 11:43:37','2019-06-04 11:43:37',NULL),
(2,200,0.4700,'A4',8,0,'2019-06-04 11:43:37','2019-06-04 11:43:37',NULL),
(3,300,0.3400,'A4',8,0,'2019-06-04 11:43:37','2019-06-04 11:43:37',NULL),
(4,400,0.3000,'A4',8,0,'2019-06-04 11:43:37','2019-06-04 11:43:37',NULL),
(5,500,0.2800,'A4',8,0,'2019-06-04 11:43:37','2019-06-04 11:43:37',NULL),
(6,600,0.2600,'A4',8,0,'2019-06-04 11:43:38','2019-06-04 11:43:38',NULL),
(7,700,0.2500,'A4',8,0,'2019-06-04 11:43:38','2019-06-04 11:43:38',NULL),
(8,800,0.2400,'A4',8,0,'2019-06-04 11:43:38','2019-06-04 11:43:38',NULL),
(9,900,0.2300,'A4',8,0,'2019-06-04 11:43:38','2019-06-04 11:43:38',NULL),
(10,1000,0.2200,'A4',8,0,'2019-06-04 11:43:38','2019-06-04 11:43:38',NULL),
(11,1500,0.2000,'A4',8,0,'2019-06-04 11:43:38','2019-06-04 11:43:38',NULL),
(12,2000,0.1800,'A4',8,0,'2019-06-04 11:43:38','2019-06-04 11:43:38',NULL),
(13,100,0.4600,'A4',4,0,'2019-06-04 11:43:38','2019-06-04 11:43:38',NULL),
(14,200,0.3300,'A4',4,0,'2019-06-04 11:43:38','2019-06-04 11:43:38',NULL),
(15,300,0.2400,'A4',4,0,'2019-06-04 11:43:38','2019-06-04 11:43:38',NULL),
(16,400,0.2100,'A4',4,0,'2019-06-04 11:43:38','2019-06-04 11:43:38',NULL),
(17,500,0.1900,'A4',4,0,'2019-06-04 11:43:38','2019-06-04 11:43:38',NULL),
(18,600,0.1800,'A4',4,0,'2019-06-04 11:43:38','2019-06-04 11:43:38',NULL),
(19,700,0.1700,'A4',4,0,'2019-06-04 11:43:38','2019-06-04 11:43:38',NULL),
(20,800,0.1600,'A4',4,0,'2019-06-04 11:43:38','2019-06-04 11:43:38',NULL),
(21,900,0.1500,'A4',4,0,'2019-06-04 11:43:38','2019-06-04 11:43:38',NULL),
(22,1000,0.1400,'A4',4,0,'2019-06-04 11:43:38','2019-06-04 11:43:38',NULL),
(23,1500,0.1300,'A4',4,0,'2019-06-04 11:43:38','2019-06-04 11:43:38',NULL),
(24,2000,0.1200,'A4',4,0,'2019-06-04 11:43:38','2019-06-04 11:43:38',NULL),
(25,100,0.2700,'A4',2,0,'2019-06-04 11:43:38','2019-06-04 11:43:38',NULL),
(26,200,0.2000,'A4',2,0,'2019-06-04 11:43:38','2019-06-04 11:43:38',NULL),
(27,300,0.1500,'A4',2,0,'2019-06-04 11:43:38','2019-06-04 11:43:38',NULL),
(28,400,0.1300,'A4',2,0,'2019-06-04 11:43:38','2019-06-04 11:43:38',NULL),
(29,500,0.1100,'A4',2,0,'2019-06-04 11:43:38','2019-06-04 11:43:38',NULL),
(30,600,0.1000,'A4',2,0,'2019-06-04 11:43:38','2019-06-04 11:43:38',NULL),
(31,700,0.0900,'A4',2,0,'2019-06-04 11:43:38','2019-06-04 11:43:38',NULL),
(32,800,0.0800,'A4',2,0,'2019-06-04 11:43:38','2019-06-04 11:43:38',NULL),
(33,900,0.0700,'A4',2,0,'2019-06-04 11:43:38','2019-06-04 11:43:38',NULL),
(34,1000,0.0600,'A4',2,0,'2019-06-04 11:43:38','2019-06-04 11:43:38',NULL),
(35,1500,0.0500,'A4',2,0,'2019-06-04 11:43:39','2019-06-04 11:43:39',NULL),
(36,2000,0.0400,'A4',2,0,'2019-06-04 11:43:39','2019-06-04 11:43:39',NULL),
(37,100,0.6100,'B5',8,0,'2019-06-04 11:43:39','2019-06-04 11:43:39',NULL),
(38,200,0.4500,'B5',8,0,'2019-06-04 11:43:39','2019-06-04 11:43:39',NULL),
(39,300,0.3200,'B5',8,0,'2019-06-04 11:43:39','2019-06-04 11:43:39',NULL),
(40,400,0.2800,'B5',8,0,'2019-06-04 11:43:39','2019-06-04 11:43:39',NULL),
(41,500,0.2660,'B5',8,0,'2019-06-04 11:43:39','2019-06-04 11:43:39',NULL),
(42,600,0.2400,'B5',8,0,'2019-06-04 11:43:39','2019-06-04 11:43:39',NULL),
(43,700,0.2300,'B5',8,0,'2019-06-04 11:43:39','2019-06-04 11:43:39',NULL),
(44,800,0.2200,'B5',8,0,'2019-06-04 11:43:39','2019-06-04 11:43:39',NULL),
(45,900,0.2100,'B5',8,0,'2019-06-04 11:43:39','2019-06-04 11:43:39',NULL),
(46,1000,0.2000,'B5',8,0,'2019-06-04 11:43:39','2019-06-04 11:43:39',NULL),
(47,1500,0.1800,'B5',8,0,'2019-06-04 11:43:39','2019-06-04 11:43:39',NULL),
(48,2000,0.1600,'B5',8,0,'2019-06-04 11:43:39','2019-06-04 11:43:39',NULL),
(49,100,0.4400,'B5',4,0,'2019-06-04 11:43:39','2019-06-04 11:43:39',NULL),
(50,200,0.3200,'B5',4,0,'2019-06-04 11:43:39','2019-06-04 11:43:39',NULL),
(51,300,0.2200,'B5',4,0,'2019-06-04 11:43:39','2019-06-04 11:43:39',NULL),
(52,400,0.2000,'B5',4,0,'2019-06-04 11:43:39','2019-06-04 11:43:39',NULL),
(53,500,0.1800,'B5',4,0,'2019-06-04 11:43:39','2019-06-04 11:43:39',NULL),
(54,600,0.1700,'B5',4,0,'2019-06-04 11:43:39','2019-06-04 11:43:39',NULL),
(55,700,0.1600,'B5',4,0,'2019-06-04 11:43:39','2019-06-04 11:43:39',NULL),
(56,800,0.1500,'B5',4,0,'2019-06-04 11:43:39','2019-06-04 11:43:39',NULL),
(57,900,0.1400,'B5',4,0,'2019-06-04 11:43:39','2019-06-04 11:43:39',NULL),
(58,1000,0.1300,'B5',4,0,'2019-06-04 11:43:39','2019-06-04 11:43:39',NULL),
(59,1500,0.1200,'B5',4,0,'2019-06-04 11:43:39','2019-06-04 11:43:39',NULL),
(60,2000,0.1100,'B5',4,0,'2019-06-04 11:43:39','2019-06-04 11:43:39',NULL),
(61,100,0.2600,'B5',2,0,'2019-06-04 11:43:39','2019-06-04 11:43:39',NULL),
(62,200,0.1900,'B5',2,0,'2019-06-04 11:43:39','2019-06-04 11:43:39',NULL),
(63,300,0.1400,'B5',2,0,'2019-06-04 11:43:40','2019-06-04 11:43:40',NULL),
(64,400,0.1200,'B5',2,0,'2019-06-04 11:43:40','2019-06-04 11:43:40',NULL),
(65,500,0.1000,'B5',2,0,'2019-06-04 11:43:40','2019-06-04 11:43:40',NULL),
(66,600,0.0900,'B5',2,0,'2019-06-04 11:43:40','2019-06-04 11:43:40',NULL),
(67,700,0.0800,'B5',2,0,'2019-06-04 11:43:40','2019-06-04 11:43:40',NULL),
(68,800,0.0700,'B5',2,0,'2019-06-04 11:43:40','2019-06-04 11:43:40',NULL),
(69,900,0.0600,'B5',2,0,'2019-06-04 11:43:40','2019-06-04 11:43:40',NULL),
(70,1000,0.0500,'B5',2,0,'2019-06-04 11:43:40','2019-06-04 11:43:40',NULL),
(71,1500,0.0400,'B5',2,0,'2019-06-04 11:43:40','2019-06-04 11:43:40',NULL),
(72,2000,0.0350,'B5',2,0,'2019-06-04 11:43:40','2019-06-04 11:43:40',NULL),
(73,100,0.5800,'A5',8,0,'2019-06-04 11:43:40','2019-06-04 11:43:40',NULL),
(74,200,0.4200,'A5',8,0,'2019-06-04 11:43:40','2019-06-04 11:43:40',NULL),
(75,300,0.3000,'A5',8,0,'2019-06-04 11:43:40','2019-06-04 11:43:40',NULL),
(76,400,0.2660,'A5',8,0,'2019-06-04 11:43:40','2019-06-04 11:43:40',NULL),
(77,500,0.2600,'A5',8,0,'2019-06-04 11:43:40','2019-06-04 11:43:40',NULL),
(78,600,0.2300,'A5',8,0,'2019-06-04 11:43:40','2019-06-04 11:43:40',NULL),
(79,700,0.2100,'A5',8,0,'2019-06-04 11:43:40','2019-06-04 11:43:40',NULL),
(80,800,0.2000,'A5',8,0,'2019-06-04 11:43:40','2019-06-04 11:43:40',NULL),
(81,900,0.1900,'A5',8,0,'2019-06-04 11:43:40','2019-06-04 11:43:40',NULL),
(82,1000,0.1900,'A5',8,0,'2019-06-04 11:43:40','2019-06-04 11:43:40',NULL),
(83,1500,0.1600,'A5',8,0,'2019-06-04 11:43:40','2019-06-04 11:43:40',NULL),
(84,2000,0.1300,'A5',8,0,'2019-06-04 11:43:40','2019-06-04 11:43:40',NULL),
(85,100,0.4100,'A5',4,0,'2019-06-04 11:43:40','2019-06-04 11:43:40',NULL),
(86,200,0.3000,'A5',4,0,'2019-06-04 11:43:41','2019-06-04 11:43:41',NULL),
(87,300,0.2000,'A5',4,0,'2019-06-04 11:43:41','2019-06-04 11:43:41',NULL),
(88,400,0.1900,'A5',4,0,'2019-06-04 11:43:41','2019-06-04 11:43:41',NULL),
(89,500,0.1700,'A5',4,0,'2019-06-04 11:43:41','2019-06-04 11:43:41',NULL),
(90,600,0.1600,'A5',4,0,'2019-06-04 11:43:41','2019-06-04 11:43:41',NULL),
(91,700,0.1500,'A5',4,0,'2019-06-04 11:43:41','2019-06-04 11:43:41',NULL),
(92,800,0.1400,'A5',4,0,'2019-06-04 11:43:41','2019-06-04 11:43:41',NULL),
(93,900,0.1300,'A5',4,0,'2019-06-04 11:43:41','2019-06-04 11:43:41',NULL),
(94,1000,0.1200,'A5',4,0,'2019-06-04 11:43:41','2019-06-04 11:43:41',NULL),
(95,1500,0.1100,'A5',4,0,'2019-06-04 11:43:41','2019-06-04 11:43:41',NULL),
(96,2000,0.1000,'A5',4,0,'2019-06-04 11:43:41','2019-06-04 11:43:41',NULL),
(97,100,0.2400,'A5',2,0,'2019-06-04 11:43:41','2019-06-04 11:43:41',NULL),
(98,200,0.1800,'A5',2,0,'2019-06-04 11:43:41','2019-06-04 11:43:41',NULL),
(99,300,0.1300,'A5',2,0,'2019-06-04 11:43:41','2019-06-04 11:43:41',NULL),
(100,400,0.1100,'A5',2,0,'2019-06-04 11:43:41','2019-06-04 11:43:41',NULL),
(101,500,0.0950,'A5',2,0,'2019-06-04 11:43:41','2019-06-04 11:43:41',NULL),
(102,600,0.0800,'A5',2,0,'2019-06-04 11:43:41','2019-06-04 11:43:41',NULL),
(103,700,0.0700,'A5',2,0,'2019-06-04 11:43:41','2019-06-04 11:43:41',NULL),
(104,800,0.0600,'A5',2,0,'2019-06-04 11:43:41','2019-06-04 11:43:41',NULL),
(105,900,0.0500,'A5',2,0,'2019-06-04 11:43:41','2019-06-04 11:43:41',NULL),
(106,1000,0.0400,'A5',2,0,'2019-06-04 11:43:41','2019-06-04 11:43:41',NULL),
(107,1500,0.0300,'A5',2,0,'2019-06-04 11:43:41','2019-06-04 11:43:41',NULL),
(108,2000,0.0260,'A5',2,0,'2019-06-04 11:43:41','2019-06-04 11:43:41',NULL);

/*Table structure for table `matrix_gsm` */

DROP TABLE IF EXISTS `matrix_gsm`;

CREATE TABLE `matrix_gsm` (
  `id` int(3) NOT NULL AUTO_INCREMENT,
  `gsm_from` int(4) NOT NULL,
  `gsm_to` int(4) NOT NULL,
  `sheets` int(6) NOT NULL,
  `employee_id` varchar(13) DEFAULT NULL,
  `created_at` datetime DEFAULT NULL,
  `updated_at` datetime DEFAULT NULL,
  `deleted_at` datetime DEFAULT NULL,
  PRIMARY KEY (`id`)
) ENGINE=InnoDB AUTO_INCREMENT=4 DEFAULT CHARSET=latin1;

/*Data for the table `matrix_gsm` */

insert  into `matrix_gsm`(`id`,`gsm_from`,`gsm_to`,`sheets`,`employee_id`,`created_at`,`updated_at`,`deleted_at`) values 
(1,60,70,1000,NULL,'2019-07-12 11:25:33','2019-07-12 11:25:44',NULL),
(2,80,110,500,NULL,'2019-07-12 11:25:35','2019-07-12 11:25:47',NULL),
(3,115,1000,250,NULL,'2019-07-12 11:25:39','2019-07-12 11:25:49',NULL);

/*Table structure for table `matrix_independent` */

DROP TABLE IF EXISTS `matrix_independent`;

CREATE TABLE `matrix_independent` (
  `id` int(3) NOT NULL AUTO_INCREMENT,
  `ref_id` int(2) NOT NULL,
  `qty` int(6) NOT NULL,
  `price` decimal(14,4) NOT NULL DEFAULT '0.0000',
  `employee_id` int(10) NOT NULL,
  `created_at` datetime NOT NULL,
  `updated_at` datetime DEFAULT NULL,
  `deleted_at` datetime DEFAULT NULL,
  PRIMARY KEY (`id`)
) ENGINE=InnoDB AUTO_INCREMENT=13 DEFAULT CHARSET=latin1;

/*Data for the table `matrix_independent` */

insert  into `matrix_independent`(`id`,`ref_id`,`qty`,`price`,`employee_id`,`created_at`,`updated_at`,`deleted_at`) values 
(1,14,1,0.2500,0,'2019-07-08 18:08:32','2019-07-08 18:08:38',NULL),
(2,14,10000,0.2000,0,'2019-07-08 18:08:36','2019-07-08 18:08:41',NULL),
(3,14,20000,0.1500,0,'2019-07-08 18:08:49','2019-07-08 18:09:19',NULL),
(4,14,50000,0.1200,0,'2019-07-08 18:08:52','2019-07-08 18:09:23',NULL),
(5,15,1,0.2500,0,'2019-07-08 18:08:56','2019-07-08 18:09:26',NULL),
(6,15,10000,0.2000,0,'2019-07-08 18:08:59','2019-07-08 18:09:28',NULL),
(7,15,20000,0.1500,0,'2019-07-08 18:09:02','2019-07-08 18:09:31',NULL),
(8,15,50000,0.1200,0,'2019-07-08 18:09:04','2019-07-08 18:09:35',NULL),
(9,13,1,0.2800,0,'2019-07-08 18:09:07','2019-07-08 18:09:38',NULL),
(10,13,10000,0.2200,0,'2019-07-08 18:09:09','2019-07-08 18:09:45',NULL),
(11,13,20000,0.1800,0,'2019-07-08 18:09:13','2019-07-08 18:09:50',NULL),
(12,13,50000,0.1400,0,'2019-07-08 18:09:15','2019-07-08 18:09:53',NULL);

/*Table structure for table `matrix_printing` */

DROP TABLE IF EXISTS `matrix_printing`;

CREATE TABLE `matrix_printing` (
  `id` int(10) NOT NULL AUTO_INCREMENT,
  `color_type` int(4) NOT NULL,
  `qty` int(6) NOT NULL,
  `price` decimal(14,4) NOT NULL DEFAULT '0.0000',
  `employee_id` int(10) NOT NULL,
  `created_at` datetime NOT NULL,
  `updated_at` datetime DEFAULT NULL,
  `deleted_at` datetime DEFAULT NULL,
  PRIMARY KEY (`id`)
) ENGINE=InnoDB AUTO_INCREMENT=206 DEFAULT CHARSET=latin1;

/*Data for the table `matrix_printing` */

insert  into `matrix_printing`(`id`,`color_type`,`qty`,`price`,`employee_id`,`created_at`,`updated_at`,`deleted_at`) values 
(1,1,1,2609.0000,1,'2020-05-18 12:35:09','2020-05-18 12:35:09',NULL),
(2,1,1500,1.7400,1,'2020-05-18 12:35:09','2020-05-18 12:35:09',NULL),
(3,1,2000,1.3100,1,'2020-05-18 12:35:09','2020-05-18 12:35:09',NULL),
(4,1,3000,1.0900,1,'2020-05-18 12:35:09','2020-05-18 12:35:09',NULL),
(5,1,4000,0.7300,1,'2020-05-18 12:35:09','2020-05-18 12:35:09',NULL),
(6,1,5000,0.6500,1,'2020-05-18 12:35:09','2020-05-18 12:35:09',NULL),
(7,1,6000,0.6000,1,'2020-05-18 12:35:09','2020-05-18 12:35:09',NULL),
(8,1,7000,0.5600,1,'2020-05-18 12:35:09','2020-05-18 12:35:09',NULL),
(9,1,8000,0.5400,1,'2020-05-18 12:35:09','2020-05-18 12:35:09',NULL),
(10,1,9000,0.5300,1,'2020-05-18 12:35:09','2020-05-18 12:35:09',NULL),
(11,1,10000,0.5000,1,'2020-05-18 12:35:09','2020-05-18 12:35:09',NULL),
(12,1,11000,0.4900,1,'2020-05-18 12:35:09','2020-05-18 12:35:09',NULL),
(13,1,12000,0.4700,1,'2020-05-18 12:35:09','2020-05-18 12:35:09',NULL),
(14,1,13000,0.4600,1,'2020-05-18 12:35:09','2020-05-18 12:35:09',NULL),
(15,1,14000,0.4500,1,'2020-05-18 12:35:09','2020-05-18 12:35:09',NULL),
(16,1,15000,0.4400,1,'2020-05-18 12:35:09','2020-05-18 12:35:09',NULL),
(17,1,16000,0.4400,1,'2020-05-18 12:35:09','2020-05-18 12:35:09',NULL),
(18,1,17000,0.4300,1,'2020-05-18 12:35:09','2020-05-18 12:35:09',NULL),
(19,1,18000,0.4300,1,'2020-05-18 12:35:09','2020-05-18 12:35:09',NULL),
(20,1,19000,0.4200,1,'2020-05-18 12:35:09','2020-05-18 12:35:09',NULL),
(21,1,20000,0.3900,1,'2020-05-18 12:35:09','2020-05-18 12:35:09',NULL),
(22,1,25000,0.3700,1,'2020-05-18 12:35:09','2020-05-18 12:35:09',NULL),
(23,1,30000,0.3400,1,'2020-05-18 12:35:09','2020-05-18 12:35:09',NULL),
(24,1,35000,0.3300,1,'2020-05-18 12:35:09','2020-05-18 12:35:09',NULL),
(25,1,40000,0.2900,1,'2020-05-18 12:35:09','2020-05-18 12:35:09',NULL),
(26,1,50000,0.2500,1,'2020-05-18 12:35:09','2020-05-18 12:35:09',NULL),
(27,1,60000,0.2400,1,'2020-05-18 12:35:09','2020-05-18 12:35:09',NULL),
(28,1,70000,0.2300,1,'2020-05-18 12:35:09','2020-05-18 12:35:09',NULL),
(29,1,80000,0.2100,1,'2020-05-18 12:35:09','2020-05-18 12:35:09',NULL),
(30,1,90000,0.2000,1,'2020-05-18 12:35:09','2020-05-18 12:35:09',NULL),
(31,1,100000,0.2000,1,'2020-05-18 12:35:09','2020-05-18 12:35:09',NULL),
(32,1,110000,0.2000,1,'2020-05-18 12:35:09','2020-05-18 12:35:09',NULL),
(33,1,120000,0.1900,1,'2020-05-18 12:35:09','2020-05-18 12:35:09',NULL),
(34,1,130000,0.1900,1,'2020-05-18 12:35:09','2020-05-18 12:35:09',NULL),
(35,1,140000,0.1800,1,'2020-05-18 12:35:09','2020-05-18 12:35:09',NULL),
(36,1,150000,0.1800,1,'2020-05-18 12:35:09','2020-05-18 12:35:09',NULL),
(37,1,160000,0.1800,1,'2020-05-18 12:35:09','2020-05-18 12:35:09',NULL),
(38,1,170000,0.1800,1,'2020-05-18 12:35:09','2020-05-18 12:35:09',NULL),
(39,1,180000,0.1700,1,'2020-05-18 12:35:09','2020-05-18 12:35:09',NULL),
(40,1,190000,0.1700,1,'2020-05-18 12:35:09','2020-05-18 12:35:09',NULL),
(41,1,200000,0.1700,1,'2020-05-18 12:35:09','2020-05-18 12:35:09',NULL),
(42,2,1,3305.0000,1,'2020-05-18 12:35:09','2020-05-18 12:35:09',NULL),
(43,2,1500,2.2300,1,'2020-05-18 12:35:09','2020-05-18 12:35:09',NULL),
(44,2,2000,1.7500,1,'2020-05-18 12:35:09','2020-05-18 12:35:09',NULL),
(45,2,3000,1.2700,1,'2020-05-18 12:35:09','2020-05-18 12:35:09',NULL),
(46,2,4000,1.0400,1,'2020-05-18 12:35:09','2020-05-18 12:35:09',NULL),
(47,2,5000,0.8900,1,'2020-05-18 12:35:09','2020-05-18 12:35:09',NULL),
(48,2,6000,0.7900,1,'2020-05-18 12:35:09','2020-05-18 12:35:09',NULL),
(49,2,7000,0.7200,1,'2020-05-18 12:35:09','2020-05-18 12:35:09',NULL),
(50,2,8000,0.6700,1,'2020-05-18 12:35:09','2020-05-18 12:35:09',NULL),
(51,2,9000,0.6400,1,'2020-05-18 12:35:09','2020-05-18 12:35:09',NULL),
(52,2,10000,0.6000,1,'2020-05-18 12:35:09','2020-05-18 12:35:09',NULL),
(53,2,11000,0.5700,1,'2020-05-18 12:35:09','2020-05-18 12:35:09',NULL),
(54,2,12000,0.5600,1,'2020-05-18 12:35:09','2020-05-18 12:35:09',NULL),
(55,2,13000,0.5400,1,'2020-05-18 12:35:09','2020-05-18 12:35:09',NULL),
(56,2,14000,0.5200,1,'2020-05-18 12:35:09','2020-05-18 12:35:09',NULL),
(57,2,15000,0.5000,1,'2020-05-18 12:35:09','2020-05-18 12:35:09',NULL),
(58,2,16000,0.5000,1,'2020-05-18 12:35:09','2020-05-18 12:35:09',NULL),
(59,2,17000,0.5000,1,'2020-05-18 12:35:09','2020-05-18 12:35:09',NULL),
(60,2,18000,0.4900,1,'2020-05-18 12:35:09','2020-05-18 12:35:09',NULL),
(61,2,19000,0.4700,1,'2020-05-18 12:35:09','2020-05-18 12:35:09',NULL),
(62,2,20000,0.4700,1,'2020-05-18 12:35:09','2020-05-18 12:35:09',NULL),
(63,2,25000,0.4200,1,'2020-05-18 12:35:09','2020-05-18 12:35:09',NULL),
(64,2,30000,0.4000,1,'2020-05-18 12:35:09','2020-05-18 12:35:09',NULL),
(65,2,35000,0.3800,1,'2020-05-18 12:35:09','2020-05-18 12:35:09',NULL),
(66,2,40000,0.3700,1,'2020-05-18 12:35:09','2020-05-18 12:35:09',NULL),
(67,2,50000,0.3600,1,'2020-05-18 12:35:09','2020-05-18 12:35:09',NULL),
(68,2,60000,0.3400,1,'2020-05-18 12:35:09','2020-05-18 12:35:09',NULL),
(69,2,70000,0.3100,1,'2020-05-18 12:35:09','2020-05-18 12:35:09',NULL),
(70,2,80000,0.3000,1,'2020-05-18 12:35:09','2020-05-18 12:35:09',NULL),
(71,2,90000,0.2700,1,'2020-05-18 12:35:09','2020-05-18 12:35:09',NULL),
(72,2,100000,0.2500,1,'2020-05-18 12:35:09','2020-05-18 12:35:09',NULL),
(73,2,110000,0.2400,1,'2020-05-18 12:35:09','2020-05-18 12:35:09',NULL),
(74,2,120000,0.2300,1,'2020-05-18 12:35:09','2020-05-18 12:35:09',NULL),
(75,2,130000,0.2200,1,'2020-05-18 12:35:09','2020-05-18 12:35:09',NULL),
(76,2,140000,0.2200,1,'2020-05-18 12:35:09','2020-05-18 12:35:09',NULL),
(77,2,150000,0.2100,1,'2020-05-18 12:35:09','2020-05-18 12:35:09',NULL),
(78,2,160000,0.1900,1,'2020-05-18 12:35:09','2020-05-18 12:35:09',NULL),
(79,2,170000,0.1900,1,'2020-05-18 12:35:09','2020-05-18 12:35:09',NULL),
(80,2,180000,0.1800,1,'2020-05-18 12:35:09','2020-05-18 12:35:09',NULL),
(81,2,190000,0.1800,1,'2020-05-18 12:35:09','2020-05-18 12:35:09',NULL),
(82,2,200000,0.1800,1,'2020-05-18 12:35:09','2020-05-18 12:35:09',NULL),
(83,3,1,4566.0000,1,'2020-05-18 12:35:09','2020-05-18 12:35:09',NULL),
(84,3,1500,3.0900,1,'2020-05-18 12:35:09','2020-05-18 12:35:09',NULL),
(85,3,2000,2.3900,1,'2020-05-18 12:35:09','2020-05-18 12:35:09',NULL),
(86,3,3000,1.7000,1,'2020-05-18 12:35:09','2020-05-18 12:35:09',NULL),
(87,3,4000,1.3600,1,'2020-05-18 12:35:09','2020-05-18 12:35:09',NULL),
(88,3,5000,1.0100,1,'2020-05-18 12:35:09','2020-05-18 12:35:09',NULL),
(89,3,6000,0.9100,1,'2020-05-18 12:35:09','2020-05-18 12:35:09',NULL),
(90,3,7000,0.8400,1,'2020-05-18 12:35:09','2020-05-18 12:35:09',NULL),
(91,3,8000,0.7700,1,'2020-05-18 12:35:09','2020-05-18 12:35:09',NULL),
(92,3,9000,0.7300,1,'2020-05-18 12:35:09','2020-05-18 12:35:09',NULL),
(93,3,10000,0.6900,1,'2020-05-18 12:35:09','2020-05-18 12:35:09',NULL),
(94,3,11000,0.6600,1,'2020-05-18 12:35:09','2020-05-18 12:35:09',NULL),
(95,3,12000,0.6400,1,'2020-05-18 12:35:09','2020-05-18 12:35:09',NULL),
(96,3,13000,0.6100,1,'2020-05-18 12:35:09','2020-05-18 12:35:09',NULL),
(97,3,14000,0.6000,1,'2020-05-18 12:35:09','2020-05-18 12:35:09',NULL),
(98,3,15000,0.5900,1,'2020-05-18 12:35:09','2020-05-18 12:35:09',NULL),
(99,3,16000,0.5800,1,'2020-05-18 12:35:09','2020-05-18 12:35:09',NULL),
(100,3,17000,0.5400,1,'2020-05-18 12:35:09','2020-05-18 12:35:09',NULL),
(101,3,18000,0.5400,1,'2020-05-18 12:35:09','2020-05-18 12:35:09',NULL),
(102,3,19000,0.5300,1,'2020-05-18 12:35:09','2020-05-18 12:35:09',NULL),
(103,3,20000,0.4700,1,'2020-05-18 12:35:09','2020-05-18 12:35:09',NULL),
(104,3,25000,0.4500,1,'2020-05-18 12:35:09','2020-05-18 12:35:09',NULL),
(105,3,30000,0.4200,1,'2020-05-18 12:35:09','2020-05-18 12:35:09',NULL),
(106,3,35000,0.4100,1,'2020-05-18 12:35:09','2020-05-18 12:35:09',NULL),
(107,3,40000,0.3900,1,'2020-05-18 12:35:09','2020-05-18 12:35:09',NULL),
(108,3,50000,0.3700,1,'2020-05-18 12:35:09','2020-05-18 12:35:09',NULL),
(109,3,60000,0.3600,1,'2020-05-18 12:35:09','2020-05-18 12:35:09',NULL),
(110,3,70000,0.3400,1,'2020-05-18 12:35:09','2020-05-18 12:35:09',NULL),
(111,3,80000,0.3300,1,'2020-05-18 12:35:09','2020-05-18 12:35:09',NULL),
(112,3,90000,0.3100,1,'2020-05-18 12:35:09','2020-05-18 12:35:09',NULL),
(113,3,100000,0.3000,1,'2020-05-18 12:35:09','2020-05-18 12:35:09',NULL),
(114,3,110000,0.2900,1,'2020-05-18 12:35:09','2020-05-18 12:35:09',NULL),
(115,3,120000,0.2800,1,'2020-05-18 12:35:09','2020-05-18 12:35:09',NULL),
(116,3,130000,0.2600,1,'2020-05-18 12:35:09','2020-05-18 12:35:09',NULL),
(117,3,140000,0.2400,1,'2020-05-18 12:35:09','2020-05-18 12:35:09',NULL),
(118,3,150000,0.2400,1,'2020-05-18 12:35:09','2020-05-18 12:35:09',NULL),
(119,3,160000,0.2300,1,'2020-05-18 12:35:09','2020-05-18 12:35:09',NULL),
(120,3,170000,0.2300,1,'2020-05-18 12:35:09','2020-05-18 12:35:09',NULL),
(121,3,180000,0.2200,1,'2020-05-18 12:35:09','2020-05-18 12:35:09',NULL),
(122,3,190000,0.2200,1,'2020-05-18 12:35:09','2020-05-18 12:35:09',NULL),
(123,3,200000,0.2100,1,'2020-05-18 12:35:09','2020-05-18 12:35:09',NULL),
(124,4,1,5870.0000,1,'2020-05-18 12:35:09','2020-05-18 12:35:09',NULL),
(125,4,1500,3.9400,1,'2020-05-18 12:35:09','2020-05-18 12:35:09',NULL),
(126,4,2000,3.0400,1,'2020-05-18 12:35:09','2020-05-18 12:35:09',NULL),
(127,4,3000,1.9500,1,'2020-05-18 12:35:09','2020-05-18 12:35:09',NULL),
(128,4,4000,1.6700,1,'2020-05-18 12:35:09','2020-05-18 12:35:09',NULL),
(129,4,5000,1.4000,1,'2020-05-18 12:35:09','2020-05-18 12:35:09',NULL),
(130,4,6000,1.2100,1,'2020-05-18 12:35:09','2020-05-18 12:35:09',NULL),
(131,4,7000,1.0900,1,'2020-05-18 12:35:09','2020-05-18 12:35:09',NULL),
(132,4,8000,1.0400,1,'2020-05-18 12:35:09','2020-05-18 12:35:09',NULL),
(133,4,9000,0.9400,1,'2020-05-18 12:35:09','2020-05-18 12:35:09',NULL),
(134,4,10000,0.8600,1,'2020-05-18 12:35:09','2020-05-18 12:35:09',NULL),
(135,4,11000,0.8100,1,'2020-05-18 12:35:09','2020-05-18 12:35:09',NULL),
(136,4,12000,0.7700,1,'2020-05-18 12:35:09','2020-05-18 12:35:09',NULL),
(137,4,13000,0.7300,1,'2020-05-18 12:35:09','2020-05-18 12:35:09',NULL),
(138,4,14000,0.7100,1,'2020-05-18 12:35:09','2020-05-18 12:35:09',NULL),
(139,4,15000,0.6800,1,'2020-05-18 12:35:09','2020-05-18 12:35:09',NULL),
(140,4,16000,0.6600,1,'2020-05-18 12:35:09','2020-05-18 12:35:09',NULL),
(141,4,17000,0.6500,1,'2020-05-18 12:35:09','2020-05-18 12:35:09',NULL),
(142,4,18000,0.6500,1,'2020-05-18 12:35:09','2020-05-18 12:35:09',NULL),
(143,4,19000,0.6400,1,'2020-05-18 12:35:09','2020-05-18 12:35:09',NULL),
(144,4,20000,0.5500,1,'2020-05-18 12:35:09','2020-05-18 12:35:09',NULL),
(145,4,25000,0.5100,1,'2020-05-18 12:35:09','2020-05-18 12:35:09',NULL),
(146,4,30000,0.4800,1,'2020-05-18 12:35:09','2020-05-18 12:35:09',NULL),
(147,4,35000,0.4500,1,'2020-05-18 12:35:09','2020-05-18 12:35:09',NULL),
(148,4,40000,0.4200,1,'2020-05-18 12:35:09','2020-05-18 12:35:09',NULL),
(149,4,50000,0.4000,1,'2020-05-18 12:35:09','2020-05-18 12:35:09',NULL),
(150,4,60000,0.3800,1,'2020-05-18 12:35:09','2020-05-18 12:35:09',NULL),
(151,4,70000,0.3700,1,'2020-05-18 12:35:09','2020-05-18 12:35:09',NULL),
(152,4,80000,0.3600,1,'2020-05-18 12:35:09','2020-05-18 12:35:09',NULL),
(153,4,90000,0.3400,1,'2020-05-18 12:35:09','2020-05-18 12:35:09',NULL),
(154,4,100000,0.3400,1,'2020-05-18 12:35:09','2020-05-18 12:35:09',NULL),
(155,4,110000,0.3300,1,'2020-05-18 12:35:09','2020-05-18 12:35:09',NULL),
(156,4,120000,0.3200,1,'2020-05-18 12:35:09','2020-05-18 12:35:09',NULL),
(157,4,130000,0.3100,1,'2020-05-18 12:35:09','2020-05-18 12:35:09',NULL),
(158,4,140000,0.3000,1,'2020-05-18 12:35:09','2020-05-18 12:35:09',NULL),
(159,4,150000,0.2900,1,'2020-05-18 12:35:09','2020-05-18 12:35:09',NULL),
(160,4,160000,0.2800,1,'2020-05-18 12:35:09','2020-05-18 12:35:09',NULL),
(161,4,170000,0.2700,1,'2020-05-18 12:35:09','2020-05-18 12:35:09',NULL),
(162,4,180000,0.2600,1,'2020-05-18 12:35:09','2020-05-18 12:35:09',NULL),
(163,4,190000,0.2500,1,'2020-05-18 12:35:09','2020-05-18 12:35:09',NULL),
(164,4,200000,0.2300,1,'2020-05-18 12:35:09','2020-05-18 12:35:09',NULL),
(165,5,1,3250.0000,1,'2020-05-18 12:35:09','2020-05-18 12:35:09',NULL),
(166,5,1500,2.2600,1,'2020-05-18 12:35:09','2020-05-18 12:35:09',NULL),
(167,5,2000,1.6300,1,'2020-05-18 12:35:09','2020-05-18 12:35:09',NULL),
(168,5,3000,1.3600,1,'2020-05-18 12:35:09','2020-05-18 12:35:09',NULL),
(169,5,4000,0.9100,1,'2020-05-18 12:35:09','2020-05-18 12:35:09',NULL),
(170,5,5000,0.8100,1,'2020-05-18 12:35:09','2020-05-18 12:35:09',NULL),
(171,5,6000,0.7500,1,'2020-05-18 12:35:09','2020-05-18 12:35:09',NULL),
(172,5,7000,0.7000,1,'2020-05-18 12:35:09','2020-05-18 12:35:09',NULL),
(173,5,8000,0.6700,1,'2020-05-18 12:35:09','2020-05-18 12:35:09',NULL),
(174,5,9000,0.6600,1,'2020-05-18 12:35:09','2020-05-18 12:35:09',NULL),
(175,5,10000,0.6200,1,'2020-05-18 12:35:09','2020-05-18 12:35:09',NULL),
(176,5,11000,0.6100,1,'2020-05-18 12:35:09','2020-05-18 12:35:09',NULL),
(177,5,12000,0.5900,1,'2020-05-18 12:35:09','2020-05-18 12:35:09',NULL),
(178,5,13000,0.5700,1,'2020-05-18 12:35:09','2020-05-18 12:35:09',NULL),
(179,5,14000,0.5600,1,'2020-05-18 12:35:09','2020-05-18 12:35:09',NULL),
(180,5,15000,0.5500,1,'2020-05-18 12:35:09','2020-05-18 12:35:09',NULL),
(181,5,16000,0.5500,1,'2020-05-18 12:35:09','2020-05-18 12:35:09',NULL),
(182,5,17000,0.5400,1,'2020-05-18 12:35:09','2020-05-18 12:35:09',NULL),
(183,5,18000,0.5400,1,'2020-05-18 12:35:09','2020-05-18 12:35:09',NULL),
(184,5,19000,0.5200,1,'2020-05-18 12:35:09','2020-05-18 12:35:09',NULL),
(185,5,20000,0.4900,1,'2020-05-18 12:35:09','2020-05-18 12:35:09',NULL),
(186,5,25000,0.4600,1,'2020-05-18 12:35:09','2020-05-18 12:35:09',NULL),
(187,5,30000,0.4200,1,'2020-05-18 12:35:09','2020-05-18 12:35:09',NULL),
(188,5,35000,0.4100,1,'2020-05-18 12:35:09','2020-05-18 12:35:09',NULL),
(189,5,40000,0.3600,1,'2020-05-18 12:35:09','2020-05-18 12:35:09',NULL),
(190,5,50000,0.3100,1,'2020-05-18 12:35:09','2020-05-18 12:35:09',NULL),
(191,5,60000,0.3000,1,'2020-05-18 12:35:09','2020-05-18 12:35:09',NULL),
(192,5,70000,0.2900,1,'2020-05-18 12:35:09','2020-05-18 12:35:09',NULL),
(193,5,80000,0.2600,1,'2020-05-18 12:35:09','2020-05-18 12:35:09',NULL),
(194,5,90000,0.2500,1,'2020-05-18 12:35:09','2020-05-18 12:35:09',NULL),
(195,5,100000,0.2500,1,'2020-05-18 12:35:09','2020-05-18 12:35:09',NULL),
(196,5,110000,0.2500,1,'2020-05-18 12:35:09','2020-05-18 12:35:09',NULL),
(197,5,120000,0.2300,1,'2020-05-18 12:35:09','2020-05-18 12:35:09',NULL),
(198,5,130000,0.2300,1,'2020-05-18 12:35:09','2020-05-18 12:35:09',NULL),
(199,5,140000,0.2200,1,'2020-05-18 12:35:09','2020-05-18 12:35:09',NULL),
(200,5,150000,0.2200,1,'2020-05-18 12:35:09','2020-05-18 12:35:09',NULL),
(201,5,160000,0.2200,1,'2020-05-18 12:35:09','2020-05-18 12:35:09',NULL),
(202,5,170000,0.2200,1,'2020-05-18 12:35:09','2020-05-18 12:35:09',NULL),
(203,5,180000,0.2100,1,'2020-05-18 12:35:09','2020-05-18 12:35:09',NULL),
(204,5,190000,0.2100,1,'2020-05-18 12:35:09','2020-05-18 12:35:09',NULL),
(205,5,200000,0.2100,1,'2020-05-18 12:35:09','2020-05-18 12:35:09',NULL);

/*Table structure for table `matrix_stitching` */

DROP TABLE IF EXISTS `matrix_stitching`;

CREATE TABLE `matrix_stitching` (
  `id` int(3) NOT NULL AUTO_INCREMENT,
  `qty` int(6) NOT NULL,
  `price` decimal(14,4) NOT NULL DEFAULT '0.0000',
  `paper_size` varchar(3) NOT NULL DEFAULT 'na',
  `status` int(2) NOT NULL DEFAULT '0',
  `employee_id` int(10) NOT NULL,
  `created_at` datetime NOT NULL,
  `updated_at` datetime DEFAULT NULL,
  `deleted_at` datetime DEFAULT NULL,
  PRIMARY KEY (`id`)
) ENGINE=InnoDB AUTO_INCREMENT=37 DEFAULT CHARSET=latin1;

/*Data for the table `matrix_stitching` */

insert  into `matrix_stitching`(`id`,`qty`,`price`,`paper_size`,`status`,`employee_id`,`created_at`,`updated_at`,`deleted_at`) values 
(1,100,2.3000,'A4',0,0,'2019-06-03 18:11:32','2019-06-03 18:11:32',NULL),
(2,200,2.1800,'A4',0,0,'2019-06-03 18:11:32','2019-06-03 18:11:32',NULL),
(3,300,2.0800,'A4',0,0,'2019-06-03 18:11:32','2019-06-03 18:11:32',NULL),
(4,400,1.9700,'A4',0,0,'2019-06-03 18:11:32','2019-06-03 18:11:32',NULL),
(5,500,1.8700,'A4',0,0,'2019-06-03 18:11:32','2019-06-03 18:11:32',NULL),
(6,600,1.7800,'A4',0,0,'2019-06-03 18:11:32','2019-06-03 18:11:32',NULL),
(7,700,1.7000,'A4',0,0,'2019-06-03 18:11:32','2019-06-03 18:11:32',NULL),
(8,800,1.6200,'A4',0,0,'2019-06-03 18:11:32','2019-06-03 18:11:32',NULL),
(9,900,1.5500,'A4',0,0,'2019-06-03 18:11:32','2019-06-03 18:11:32',NULL),
(10,1000,1.4500,'A4',0,0,'2019-06-03 18:11:32','2019-06-03 18:11:32',NULL),
(11,1500,1.3900,'A4',0,0,'2019-06-03 18:11:32','2019-06-03 18:11:32',NULL),
(12,2000,1.3000,'A4',0,0,'2019-06-03 18:11:32','2019-06-03 18:11:32',NULL),
(13,100,2.0000,'B5',0,0,'2019-06-03 18:11:32','2019-06-03 18:11:32',NULL),
(14,200,1.9000,'B5',0,0,'2019-06-03 18:11:32','2019-06-03 18:11:32',NULL),
(15,300,1.8000,'B5',0,0,'2019-06-03 18:11:32','2019-06-03 18:11:32',NULL),
(16,400,1.7000,'B5',0,0,'2019-06-03 18:11:33','2019-06-03 18:11:33',NULL),
(17,500,1.6500,'B5',0,0,'2019-06-03 18:11:33','2019-06-03 18:11:33',NULL),
(18,600,1.5500,'B5',0,0,'2019-06-03 18:11:33','2019-06-03 18:11:33',NULL),
(19,700,1.4700,'B5',0,0,'2019-06-03 18:11:33','2019-06-03 18:11:33',NULL),
(20,800,1.4000,'B5',0,0,'2019-06-03 18:11:33','2019-06-03 18:11:33',NULL),
(21,900,1.3300,'B5',0,0,'2019-06-03 18:11:33','2019-06-03 18:11:33',NULL),
(22,1000,1.2600,'B5',0,0,'2019-06-03 18:11:33','2019-06-03 18:11:33',NULL),
(23,1500,1.2000,'B5',0,0,'2019-06-03 18:11:33','2019-06-03 18:11:33',NULL),
(24,2000,1.1500,'B5',0,0,'2019-06-03 18:11:33','2019-06-03 18:11:33',NULL),
(25,100,1.8000,'A5',0,0,'2019-06-03 18:11:33','2019-06-03 18:11:33',NULL),
(26,200,1.8500,'A5',0,0,'2019-06-03 18:11:33','2019-06-03 18:11:33',NULL),
(27,300,1.7700,'A5',0,0,'2019-06-03 18:11:33','2019-06-03 18:11:33',NULL),
(28,400,1.7000,'A5',0,0,'2019-06-03 18:11:33','2019-06-03 18:11:33',NULL),
(29,500,1.6300,'A5',0,0,'2019-06-03 18:11:33','2019-06-03 18:11:33',NULL),
(30,600,1.5300,'A5',0,0,'2019-06-03 18:11:33','2019-06-03 18:11:33',NULL),
(31,700,1.4500,'A5',0,0,'2019-06-03 18:11:33','2019-06-03 18:11:33',NULL),
(32,800,1.3800,'A5',0,0,'2019-06-03 18:11:33','2019-06-03 18:11:33',NULL),
(33,900,1.3100,'A5',0,0,'2019-06-03 18:11:33','2019-06-03 18:11:33',NULL),
(34,1000,1240.0000,'A5',0,0,'2019-06-03 18:11:33','2019-06-03 18:11:33',NULL),
(35,1500,1.1800,'A5',0,0,'2019-06-03 18:11:33','2019-06-03 18:11:33',NULL),
(36,2000,1.1300,'A5',0,0,'2019-06-03 18:11:33','2019-06-03 18:11:33',NULL);

/*Table structure for table `migrations` */

DROP TABLE IF EXISTS `migrations`;

CREATE TABLE `migrations` (
  `id` int(10) unsigned NOT NULL AUTO_INCREMENT,
  `migration` varchar(191) COLLATE utf8mb4_unicode_ci NOT NULL,
  `batch` int(11) NOT NULL,
  PRIMARY KEY (`id`)
) ENGINE=InnoDB AUTO_INCREMENT=8 DEFAULT CHARSET=utf8mb4 COLLATE=utf8mb4_unicode_ci;

/*Data for the table `migrations` */

insert  into `migrations`(`id`,`migration`,`batch`) values 
(1,'2014_10_12_000000_create_users_table',1),
(2,'2014_10_12_100000_create_password_resets_table',1),
(3,'2016_06_01_000001_create_oauth_auth_codes_table',2),
(4,'2016_06_01_000002_create_oauth_access_tokens_table',2),
(5,'2016_06_01_000003_create_oauth_refresh_tokens_table',2),
(6,'2016_06_01_000004_create_oauth_clients_table',2),
(7,'2016_06_01_000005_create_oauth_personal_access_clients_table',2);

/*Table structure for table `municipalities` */

DROP TABLE IF EXISTS `municipalities`;

CREATE TABLE `municipalities` (
  `id` int(4) NOT NULL AUTO_INCREMENT,
  `province_id` int(3) NOT NULL,
  `municipality_name` varchar(50) NOT NULL,
  `is_customer_active` int(1) NOT NULL DEFAULT '0',
  `is_supplier_active` int(1) NOT NULL DEFAULT '0',
  `employee_id` int(10) DEFAULT NULL,
  `created_at` datetime NOT NULL,
  `updated_at` datetime DEFAULT NULL,
  `deleted_at` datetime DEFAULT NULL,
  PRIMARY KEY (`id`)
) ENGINE=InnoDB AUTO_INCREMENT=1639 DEFAULT CHARSET=utf8;

/*Data for the table `municipalities` */

insert  into `municipalities`(`id`,`province_id`,`municipality_name`,`is_customer_active`,`is_supplier_active`,`employee_id`,`created_at`,`updated_at`,`deleted_at`) values 
(1,1,'Banguedx',0,0,NULL,'2020-02-19 09:48:52','2020-04-16 08:53:56',NULL),
(2,1,'Boliney',0,0,NULL,'2020-02-19 09:48:52',NULL,NULL),
(3,1,'Bucay',0,1,NULL,'2020-02-19 09:48:52','2020-05-13 16:06:25',NULL),
(4,1,'Bucloc',0,0,NULL,'2020-02-19 09:48:52',NULL,NULL),
(5,1,'Daguioman',0,0,NULL,'2020-02-19 09:48:52',NULL,NULL),
(6,1,'Danglas',0,0,NULL,'2020-02-19 09:48:52',NULL,NULL),
(7,1,'Dolores',0,0,NULL,'2020-02-19 09:48:52',NULL,NULL),
(8,1,'La Paz',0,0,NULL,'2020-02-19 09:48:52',NULL,NULL),
(9,1,'Lacub',0,0,NULL,'2020-02-19 09:48:52','2020-04-17 08:14:25','2020-04-17 08:14:25'),
(10,1,'Lagangilang',0,0,NULL,'2020-02-19 09:48:52',NULL,NULL),
(11,1,'Lagayan',0,0,NULL,'2020-02-19 09:48:52',NULL,NULL),
(12,1,'Langiden',0,0,NULL,'2020-02-19 09:48:52',NULL,NULL),
(13,1,'Licuan-Baay (Licuan)',0,0,NULL,'2020-02-19 09:48:52',NULL,NULL),
(14,1,'Luba',0,0,NULL,'2020-02-19 09:48:52',NULL,NULL),
(15,1,'Malibcong',0,0,NULL,'2020-02-19 09:48:52',NULL,NULL),
(16,1,'Manabo',0,0,NULL,'2020-02-19 09:48:52',NULL,NULL),
(17,1,'Pearrubia',0,0,NULL,'2020-02-19 09:48:52',NULL,NULL),
(18,1,'Pidigan',0,0,NULL,'2020-02-19 09:48:52',NULL,NULL),
(19,1,'Pilar',0,0,NULL,'2020-02-19 09:48:52',NULL,NULL),
(20,1,'Sallapadan',0,0,NULL,'2020-02-19 09:48:52',NULL,NULL),
(21,1,'San Isidro',0,0,NULL,'2020-02-19 09:48:52',NULL,NULL),
(22,1,'San Juan',0,0,NULL,'2020-02-19 09:48:53',NULL,NULL),
(23,1,'San Quintin',0,0,NULL,'2020-02-19 09:48:53',NULL,NULL),
(24,1,'Tayum',0,0,NULL,'2020-02-19 09:48:53',NULL,NULL),
(25,1,'Tineg',0,0,NULL,'2020-02-19 09:48:53',NULL,NULL),
(26,1,'Tubo',0,0,NULL,'2020-02-19 09:48:53',NULL,NULL),
(27,1,'Villaviciosa',0,0,NULL,'2020-02-19 09:48:53',NULL,NULL),
(28,2,'Buenavista',0,0,26,'2020-02-19 09:48:53','2020-04-17 07:29:51',NULL),
(29,2,'Butuan',0,0,NULL,'2020-02-19 09:48:53',NULL,NULL),
(30,2,'Cabadbaran',0,0,NULL,'2020-02-19 09:48:53',NULL,NULL),
(31,2,'Carmen',0,0,NULL,'2020-02-19 09:48:53',NULL,NULL),
(32,2,'Jabonga',0,0,NULL,'2020-02-19 09:48:53',NULL,NULL),
(33,2,'Kitcharao',0,0,NULL,'2020-02-19 09:48:53',NULL,NULL),
(34,2,'Las Nieves',0,0,NULL,'2020-02-19 09:48:53',NULL,NULL),
(35,2,'Magallanes',0,0,NULL,'2020-02-19 09:48:53',NULL,NULL),
(36,2,'Nasipit',0,0,NULL,'2020-02-19 09:48:53',NULL,NULL),
(37,2,'Remedios T. Romualdez',0,0,NULL,'2020-02-19 09:48:53',NULL,NULL),
(38,2,'Santiago',0,0,NULL,'2020-02-19 09:48:53',NULL,NULL),
(39,2,'Tubay',0,0,NULL,'2020-02-19 09:48:53',NULL,NULL),
(40,3,'Bayugan',0,0,NULL,'2020-02-19 09:48:53',NULL,NULL),
(41,3,'Bunawan',0,0,NULL,'2020-02-19 09:48:53',NULL,NULL),
(42,3,'Esperanza',0,0,NULL,'2020-02-19 09:48:53',NULL,NULL),
(43,3,'La Paz',0,0,NULL,'2020-02-19 09:48:53',NULL,NULL),
(44,3,'Loreto',0,0,NULL,'2020-02-19 09:48:53',NULL,NULL),
(45,3,'Prosperidad',0,0,NULL,'2020-02-19 09:48:53',NULL,NULL),
(46,3,'Rosario',0,0,NULL,'2020-02-19 09:48:53',NULL,NULL),
(47,3,'San Francisco',0,0,NULL,'2020-02-19 09:48:53',NULL,NULL),
(48,3,'San Luis',0,0,NULL,'2020-02-19 09:48:54',NULL,NULL),
(49,3,'Santa Josefa',0,0,NULL,'2020-02-19 09:48:54',NULL,NULL),
(50,3,'Sibagat',0,0,NULL,'2020-02-19 09:48:54',NULL,NULL),
(51,3,'Talacogon',0,0,NULL,'2020-02-19 09:48:54',NULL,NULL),
(52,3,'Trento',0,0,NULL,'2020-02-19 09:48:54',NULL,NULL),
(53,3,'Veruela',0,0,NULL,'2020-02-19 09:48:54',NULL,NULL),
(54,4,'Altavas',0,0,NULL,'2020-02-19 09:48:54',NULL,NULL),
(55,4,'Balete',0,1,NULL,'2020-02-19 09:48:54',NULL,NULL),
(56,4,'Banga',0,0,NULL,'2020-02-19 09:48:54',NULL,NULL),
(57,4,'Batan',0,0,NULL,'2020-02-19 09:48:54',NULL,NULL),
(58,4,'Buruanga',0,0,NULL,'2020-02-19 09:48:54',NULL,NULL),
(59,4,'Ibajay',0,0,NULL,'2020-02-19 09:48:54',NULL,NULL),
(60,4,'Kalibo',0,0,NULL,'2020-02-19 09:48:54',NULL,NULL),
(61,4,'Lezo',0,0,NULL,'2020-02-19 09:48:54',NULL,NULL),
(62,4,'Libacao',0,0,NULL,'2020-02-19 09:48:54',NULL,NULL),
(63,4,'Madalag',0,0,NULL,'2020-02-19 09:48:54',NULL,NULL),
(64,4,'Makato',0,0,NULL,'2020-02-19 09:48:54',NULL,NULL),
(65,4,'Malay',0,0,NULL,'2020-02-19 09:48:54',NULL,NULL),
(66,4,'Malinao',0,0,NULL,'2020-02-19 09:48:54',NULL,NULL),
(67,4,'Nabas',0,0,NULL,'2020-02-19 09:48:54',NULL,NULL),
(68,4,'New Washington',0,0,NULL,'2020-02-19 09:48:54',NULL,NULL),
(69,4,'Numancia',0,0,NULL,'2020-02-19 09:48:55',NULL,NULL),
(70,4,'Tangalan',0,0,NULL,'2020-02-19 09:48:55',NULL,NULL),
(71,5,'Bacacay',0,0,NULL,'2020-02-19 09:48:55',NULL,NULL),
(72,5,'Camalig',0,0,NULL,'2020-02-19 09:48:55',NULL,NULL),
(73,5,'Daraga (Locsin)',0,0,NULL,'2020-02-19 09:48:55',NULL,NULL),
(74,5,'Guinobatan',0,0,NULL,'2020-02-19 09:48:55',NULL,NULL),
(75,5,'Jovellar',0,0,NULL,'2020-02-19 09:48:55',NULL,NULL),
(76,5,'Legazpi',0,0,NULL,'2020-02-19 09:48:55',NULL,NULL),
(77,5,'Libon',0,0,NULL,'2020-02-19 09:48:55',NULL,NULL),
(78,5,'Ligao',0,0,NULL,'2020-02-19 09:48:55',NULL,NULL),
(79,5,'Malilipot',0,0,NULL,'2020-02-19 09:48:55',NULL,NULL),
(80,5,'Malinao',0,0,NULL,'2020-02-19 09:48:55',NULL,NULL),
(81,5,'Manito',0,0,NULL,'2020-02-19 09:48:55',NULL,NULL),
(82,5,'Oas',0,0,NULL,'2020-02-19 09:48:55',NULL,NULL),
(83,5,'Pio Duran',0,0,NULL,'2020-02-19 09:48:55',NULL,NULL),
(84,5,'Polangui',0,0,NULL,'2020-02-19 09:48:55',NULL,NULL),
(85,5,'Rapu-Rapu',0,0,NULL,'2020-02-19 09:48:55',NULL,NULL),
(86,5,'Santo Domingo (Libog)',0,0,NULL,'2020-02-19 09:48:55',NULL,NULL),
(87,5,'Tabaco',0,0,NULL,'2020-02-19 09:48:55',NULL,NULL),
(88,5,'Tiwi',0,0,NULL,'2020-02-19 09:48:55',NULL,NULL),
(89,6,'Anini-y',0,0,NULL,'2020-02-19 09:48:55',NULL,NULL),
(90,6,'Barbaza',0,0,NULL,'2020-02-19 09:48:55',NULL,NULL),
(91,6,'Belison',0,0,NULL,'2020-02-19 09:48:55',NULL,NULL),
(92,6,'Bugasong',0,0,NULL,'2020-02-19 09:48:55',NULL,NULL),
(93,6,'Caluya',0,0,NULL,'2020-02-19 09:48:55',NULL,NULL),
(94,6,'Culasi',1,0,NULL,'2020-02-19 09:48:55','2020-05-29 15:32:08',NULL),
(95,6,'Hamtic',0,0,NULL,'2020-02-19 09:48:55',NULL,NULL),
(96,6,'Laua-an',0,0,NULL,'2020-02-19 09:48:55',NULL,NULL),
(97,6,'Libertad',0,0,NULL,'2020-02-19 09:48:55',NULL,NULL),
(98,6,'Pandan',0,0,NULL,'2020-02-19 09:48:56',NULL,NULL),
(99,6,'Patnongon',0,0,NULL,'2020-02-19 09:48:56',NULL,NULL),
(100,6,'San Jose de Buenavista',0,0,NULL,'2020-02-19 09:48:56',NULL,NULL),
(101,6,'San Remigio',0,0,NULL,'2020-02-19 09:48:56',NULL,NULL),
(102,6,'Sebaste',0,0,NULL,'2020-02-19 09:48:56',NULL,NULL),
(103,6,'Sibalom',0,0,NULL,'2020-02-19 09:48:56',NULL,NULL),
(104,6,'Tibiao',0,0,NULL,'2020-02-19 09:48:56',NULL,NULL),
(105,6,'Tobias Fornier',0,0,NULL,'2020-02-19 09:48:56',NULL,NULL),
(106,6,'Valderrama',0,0,NULL,'2020-02-19 09:48:56',NULL,NULL),
(107,7,'Calanasan',0,0,NULL,'2020-02-19 09:48:56',NULL,NULL),
(108,7,'Conner',0,0,NULL,'2020-02-19 09:48:56',NULL,NULL),
(109,7,'Flora',0,0,NULL,'2020-02-19 09:48:56',NULL,NULL),
(110,7,'Kabugao',0,0,NULL,'2020-02-19 09:48:56',NULL,NULL),
(111,7,'Luna',0,0,NULL,'2020-02-19 09:48:56',NULL,NULL),
(112,7,'Pudtol',0,0,NULL,'2020-02-19 09:48:56',NULL,NULL),
(113,7,'Santa Marcela',0,0,NULL,'2020-02-19 09:48:56',NULL,NULL),
(114,8,'Baler',0,0,NULL,'2020-02-19 09:48:56',NULL,NULL),
(115,8,'Casiguran',0,0,NULL,'2020-02-19 09:48:56',NULL,NULL),
(116,8,'Dilasag',0,0,NULL,'2020-02-19 09:48:56',NULL,NULL),
(117,8,'Dinalungan',0,0,NULL,'2020-02-19 09:48:56',NULL,NULL),
(118,8,'Dingalan',0,0,NULL,'2020-02-19 09:48:56',NULL,NULL),
(119,8,'Dipaculao',0,0,NULL,'2020-02-19 09:48:56',NULL,NULL),
(120,8,'Maria Aurora',0,0,NULL,'2020-02-19 09:48:56',NULL,NULL),
(121,8,'San Luis',0,0,NULL,'2020-02-19 09:48:56',NULL,NULL),
(122,9,'Akbar',0,0,NULL,'2020-02-19 09:48:56',NULL,NULL),
(123,9,'Al-Barka',0,0,NULL,'2020-02-19 09:48:56',NULL,NULL),
(124,9,'Hadji Mohammad Ajul',0,0,NULL,'2020-02-19 09:48:56',NULL,NULL),
(125,9,'Hadji Muhtamad',0,0,NULL,'2020-02-19 09:48:56',NULL,NULL),
(126,9,'Isabela City',0,0,NULL,'2020-02-19 09:48:56',NULL,NULL),
(127,9,'Lamitan',0,0,NULL,'2020-02-19 09:48:57',NULL,NULL),
(128,9,'Lantawan',0,0,NULL,'2020-02-19 09:48:57',NULL,NULL),
(129,9,'Maluso',0,0,NULL,'2020-02-19 09:48:57',NULL,NULL),
(130,9,'Sumisip',0,0,NULL,'2020-02-19 09:48:57',NULL,NULL),
(131,9,'Tabuan-Lasa',0,0,NULL,'2020-02-19 09:48:57',NULL,NULL),
(132,9,'Tipo-Tipo',0,0,NULL,'2020-02-19 09:48:57',NULL,NULL),
(133,9,'Tuburan',0,0,NULL,'2020-02-19 09:48:57',NULL,NULL),
(134,9,'Ungkaya Pukan',0,0,NULL,'2020-02-19 09:48:57',NULL,NULL),
(135,10,'Abucay',0,0,NULL,'2020-02-19 09:48:57',NULL,NULL),
(136,10,'Bagac',0,0,NULL,'2020-02-19 09:48:57',NULL,NULL),
(137,10,'Balanga',0,0,NULL,'2020-02-19 09:48:57',NULL,NULL),
(138,10,'Dinalupihan',0,0,NULL,'2020-02-19 09:48:57',NULL,NULL),
(139,10,'Hermosa',0,0,NULL,'2020-02-19 09:48:57',NULL,NULL),
(140,10,'Limay',0,0,NULL,'2020-02-19 09:48:57',NULL,NULL),
(141,10,'Mariveles',1,0,NULL,'2020-02-19 09:48:57',NULL,NULL),
(142,10,'Morong',0,0,NULL,'2020-02-19 09:48:57',NULL,NULL),
(143,10,'Orani',0,0,NULL,'2020-02-19 09:48:57',NULL,NULL),
(144,10,'Orion',0,0,NULL,'2020-02-19 09:48:57',NULL,NULL),
(145,10,'Pilar',0,0,NULL,'2020-02-19 09:48:57',NULL,NULL),
(146,10,'Samal',0,0,NULL,'2020-02-19 09:48:57',NULL,NULL),
(147,11,'Basco',0,0,NULL,'2020-02-19 09:48:57',NULL,NULL),
(148,11,'Itbayat',0,0,NULL,'2020-02-19 09:48:57',NULL,NULL),
(149,11,'Ivana',0,0,NULL,'2020-02-19 09:48:57',NULL,NULL),
(150,11,'Mahatao',0,0,NULL,'2020-02-19 09:48:57',NULL,NULL),
(151,11,'Sabtang',0,0,NULL,'2020-02-19 09:48:57',NULL,NULL),
(152,11,'Uyugan',0,0,NULL,'2020-02-19 09:48:57',NULL,NULL),
(153,12,'Agoncillo',0,0,NULL,'2020-02-19 09:48:57',NULL,NULL),
(154,12,'Alitagtag',0,0,NULL,'2020-02-19 09:48:57',NULL,NULL),
(155,12,'Balayan',0,0,NULL,'2020-02-19 09:48:58',NULL,NULL),
(156,12,'Balete',0,0,NULL,'2020-02-19 09:48:58',NULL,NULL),
(157,12,'Batangas City',0,0,NULL,'2020-02-19 09:48:58',NULL,NULL),
(158,12,'Bauan',0,0,NULL,'2020-02-19 09:48:58',NULL,NULL),
(159,12,'Calaca',0,0,NULL,'2020-02-19 09:48:58',NULL,NULL),
(160,12,'Calatagan',0,0,NULL,'2020-02-19 09:48:58',NULL,NULL),
(161,12,'Cuenca',0,0,NULL,'2020-02-19 09:48:58',NULL,NULL),
(162,12,'Ibaan',0,0,NULL,'2020-02-19 09:48:58',NULL,NULL),
(163,12,'Laurel',0,0,NULL,'2020-02-19 09:48:58',NULL,NULL),
(164,12,'Lemery',0,0,NULL,'2020-02-19 09:48:58',NULL,NULL),
(165,12,'Lian',0,0,NULL,'2020-02-19 09:48:58',NULL,NULL),
(166,12,'Lipa City',1,0,NULL,'2020-02-19 09:48:58','2020-05-29 15:46:52',NULL),
(167,12,'Lobo',0,0,NULL,'2020-02-19 09:48:58',NULL,NULL),
(168,12,'Mabini',0,0,NULL,'2020-02-19 09:48:58',NULL,NULL),
(169,12,'Malvar',0,0,NULL,'2020-02-19 09:48:58',NULL,NULL),
(170,12,'Mataas na kahoy',0,0,NULL,'2020-02-19 09:48:58',NULL,NULL),
(171,12,'Nasugbu',0,0,NULL,'2020-02-19 09:48:58',NULL,NULL),
(172,12,'Padre Garcia',0,0,NULL,'2020-02-19 09:48:58',NULL,NULL),
(173,12,'Rosario',0,0,NULL,'2020-02-19 09:48:58',NULL,NULL),
(174,12,'San Jose',0,0,NULL,'2020-02-19 09:48:58',NULL,NULL),
(175,12,'San Juan',0,0,NULL,'2020-02-19 09:48:58',NULL,NULL),
(176,12,'San Luis',0,0,NULL,'2020-02-19 09:48:58',NULL,NULL),
(177,12,'San Nicolas',0,0,NULL,'2020-02-19 09:48:58',NULL,NULL),
(178,12,'San Pascual',0,0,NULL,'2020-02-19 09:48:58',NULL,NULL),
(179,12,'Santa Teresita',0,0,NULL,'2020-02-19 09:48:59',NULL,NULL),
(180,12,'Santo Tomas',1,0,NULL,'2020-02-19 09:48:59','2020-06-02 10:17:47',NULL),
(181,12,'Taal',0,0,NULL,'2020-02-19 09:48:59',NULL,NULL),
(182,12,'Talisay',0,0,NULL,'2020-02-19 09:48:59',NULL,NULL),
(183,12,'Tanauan City',1,0,NULL,'2020-02-19 09:48:59','2020-06-02 15:40:24',NULL),
(184,12,'Taysan',0,0,NULL,'2020-02-19 09:48:59',NULL,NULL),
(185,12,'Tingloy',0,0,NULL,'2020-02-19 09:48:59',NULL,NULL),
(186,12,'Tuy',0,0,NULL,'2020-02-19 09:48:59',NULL,NULL),
(187,13,'Atok',0,0,NULL,'2020-02-19 09:48:59',NULL,NULL),
(188,13,'Baguio',0,0,NULL,'2020-02-19 09:48:59',NULL,NULL),
(189,13,'Bakun',0,0,NULL,'2020-02-19 09:48:59',NULL,NULL),
(190,13,'Bokod',0,0,NULL,'2020-02-19 09:48:59',NULL,NULL),
(191,13,'Buguias',0,0,NULL,'2020-02-19 09:48:59',NULL,NULL),
(192,13,'Itogon',0,0,NULL,'2020-02-19 09:48:59',NULL,NULL),
(193,13,'Kabayan',0,0,NULL,'2020-02-19 09:48:59',NULL,NULL),
(194,13,'Kapangan',0,0,NULL,'2020-02-19 09:48:59',NULL,NULL),
(195,13,'Kibungan',0,0,NULL,'2020-02-19 09:48:59',NULL,NULL),
(196,13,'La Trinidad',0,0,NULL,'2020-02-19 09:48:59',NULL,NULL),
(197,13,'Mankayan',0,0,NULL,'2020-02-19 09:48:59',NULL,NULL),
(198,13,'Sablan',0,0,NULL,'2020-02-19 09:48:59',NULL,NULL),
(199,13,'Tuba',0,0,NULL,'2020-02-19 09:48:59',NULL,NULL),
(200,13,'Tublay',0,0,NULL,'2020-02-19 09:48:59',NULL,NULL),
(201,14,'Almeria',0,0,NULL,'2020-02-19 09:48:59',NULL,NULL),
(202,14,'Biliran',0,0,NULL,'2020-02-19 09:48:59',NULL,NULL),
(203,14,'Cabucgayan',0,0,NULL,'2020-02-19 09:48:59',NULL,NULL),
(204,14,'Caibiran',0,0,NULL,'2020-02-19 09:49:00',NULL,NULL),
(205,14,'Culaba',0,0,NULL,'2020-02-19 09:49:00',NULL,NULL),
(206,14,'Kawayan',0,0,NULL,'2020-02-19 09:49:00',NULL,NULL),
(207,14,'Maripipi',0,0,NULL,'2020-02-19 09:49:00',NULL,NULL),
(208,14,'Naval',0,0,NULL,'2020-02-19 09:49:00',NULL,NULL),
(209,15,'Alburquerque',0,0,NULL,'2020-02-19 09:49:00',NULL,NULL),
(210,15,'Alicia',0,0,NULL,'2020-02-19 09:49:00',NULL,NULL),
(211,15,'Anda',0,0,NULL,'2020-02-19 09:49:00',NULL,NULL),
(212,15,'Antequera',0,0,NULL,'2020-02-19 09:49:00',NULL,NULL),
(213,15,'Baclayon',0,0,NULL,'2020-02-19 09:49:00',NULL,NULL),
(214,15,'Balilihan',0,0,NULL,'2020-02-19 09:49:00',NULL,NULL),
(215,15,'Batuan',0,0,NULL,'2020-02-19 09:49:00',NULL,NULL),
(216,15,'Bien Unido',0,0,NULL,'2020-02-19 09:49:00',NULL,NULL),
(217,15,'Bilar',0,0,NULL,'2020-02-19 09:49:00',NULL,NULL),
(218,15,'Buenavista',0,0,NULL,'2020-02-19 09:49:00',NULL,NULL),
(219,15,'Calape',0,0,NULL,'2020-02-19 09:49:00',NULL,NULL),
(220,15,'Candijay',0,0,NULL,'2020-02-19 09:49:00',NULL,NULL),
(221,15,'Carmen',0,0,NULL,'2020-02-19 09:49:00',NULL,NULL),
(222,15,'Catigbian',0,0,NULL,'2020-02-19 09:49:00',NULL,NULL),
(223,15,'Clarin',0,0,NULL,'2020-02-19 09:49:00',NULL,NULL),
(224,15,'Corella',0,0,NULL,'2020-02-19 09:49:00',NULL,NULL),
(225,15,'Cortes',0,0,NULL,'2020-02-19 09:49:00',NULL,NULL),
(226,15,'Dagohoy',0,0,NULL,'2020-02-19 09:49:00',NULL,NULL),
(227,15,'Danao',0,0,NULL,'2020-02-19 09:49:00',NULL,NULL),
(228,15,'Dauis',0,0,NULL,'2020-02-19 09:49:00',NULL,NULL),
(229,15,'Dimiao',0,0,NULL,'2020-02-19 09:49:01',NULL,NULL),
(230,15,'Duero',0,0,NULL,'2020-02-19 09:49:01',NULL,NULL),
(231,15,'Garcia-Hernandez',0,0,NULL,'2020-02-19 09:49:01',NULL,NULL),
(232,15,'Guindulman',0,0,NULL,'2020-02-19 09:49:01',NULL,NULL),
(233,15,'Inabanga',0,0,NULL,'2020-02-19 09:49:01',NULL,NULL),
(234,15,'Jagna',0,0,NULL,'2020-02-19 09:49:01',NULL,NULL),
(235,15,'Jetafe',0,0,NULL,'2020-02-19 09:49:01',NULL,NULL),
(236,15,'Lila',0,0,NULL,'2020-02-19 09:49:01',NULL,NULL),
(237,15,'Loay',0,0,NULL,'2020-02-19 09:49:01',NULL,NULL),
(238,15,'Loboc',0,0,NULL,'2020-02-19 09:49:01',NULL,NULL),
(239,15,'Loon',0,0,NULL,'2020-02-19 09:49:01',NULL,NULL),
(240,15,'Mabini',0,0,NULL,'2020-02-19 09:49:01',NULL,NULL),
(241,15,'Maribojoc',0,0,NULL,'2020-02-19 09:49:01',NULL,NULL),
(242,15,'Panglao',0,0,NULL,'2020-02-19 09:49:01',NULL,NULL),
(243,15,'Pilar',0,0,NULL,'2020-02-19 09:49:01',NULL,NULL),
(244,15,'President Garcia',0,0,NULL,'2020-02-19 09:49:01',NULL,NULL),
(245,15,'Sagbayan',0,0,NULL,'2020-02-19 09:49:01',NULL,NULL),
(246,15,'San Isidro',0,0,NULL,'2020-02-19 09:49:01',NULL,NULL),
(247,15,'San Miguel',0,0,NULL,'2020-02-19 09:49:01',NULL,NULL),
(248,15,'Sevilla',0,0,NULL,'2020-02-19 09:49:01',NULL,NULL),
(249,15,'Sierra Bullones',0,0,NULL,'2020-02-19 09:49:01',NULL,NULL),
(250,15,'Sikatuna',0,0,NULL,'2020-02-19 09:49:01',NULL,NULL),
(251,15,'Tagbilaran City',0,0,NULL,'2020-02-19 09:49:01',NULL,NULL),
(252,15,'Talibon',0,0,NULL,'2020-02-19 09:49:01',NULL,NULL),
(253,15,'Trinidad',0,0,NULL,'2020-02-19 09:49:01',NULL,NULL),
(254,15,'Tubigon',0,0,NULL,'2020-02-19 09:49:02',NULL,NULL),
(255,15,'Ubay',0,0,NULL,'2020-02-19 09:49:02',NULL,NULL),
(256,15,'Valencia',0,0,NULL,'2020-02-19 09:49:02',NULL,NULL),
(257,16,'Baungon',0,0,NULL,'2020-02-19 09:49:02',NULL,NULL),
(258,16,'Cabanglasan',0,0,NULL,'2020-02-19 09:49:02',NULL,NULL),
(259,16,'Damulog',0,0,NULL,'2020-02-19 09:49:02',NULL,NULL),
(260,16,'Dangcagan',0,0,NULL,'2020-02-19 09:49:02',NULL,NULL),
(261,16,'Don Carlos',0,0,NULL,'2020-02-19 09:49:02',NULL,NULL),
(262,16,'Impasugong',0,0,NULL,'2020-02-19 09:49:02',NULL,NULL),
(263,16,'Kadingilan',0,0,NULL,'2020-02-19 09:49:02',NULL,NULL),
(264,16,'Kalilangan',0,0,NULL,'2020-02-19 09:49:02',NULL,NULL),
(265,16,'Kibawe',0,0,NULL,'2020-02-19 09:49:02',NULL,NULL),
(266,16,'Kitaotao',0,0,NULL,'2020-02-19 09:49:02',NULL,NULL),
(267,16,'Lantapan',0,0,NULL,'2020-02-19 09:49:02',NULL,NULL),
(268,16,'Libona',0,0,NULL,'2020-02-19 09:49:02',NULL,NULL),
(269,16,'Malaybalay',0,0,NULL,'2020-02-19 09:49:02',NULL,NULL),
(270,16,'Malitbog',0,0,NULL,'2020-02-19 09:49:02',NULL,NULL),
(271,16,'Manolo Fortich',0,0,NULL,'2020-02-19 09:49:02',NULL,NULL),
(272,16,'Maramag',0,0,NULL,'2020-02-19 09:49:02',NULL,NULL),
(273,16,'Pangantucan',0,0,NULL,'2020-02-19 09:49:02',NULL,NULL),
(274,16,'Quezon',0,0,NULL,'2020-02-19 09:49:02',NULL,NULL),
(275,16,'San Fernando',0,0,NULL,'2020-02-19 09:49:02',NULL,NULL),
(276,16,'Sumilao',0,0,NULL,'2020-02-19 09:49:02',NULL,NULL),
(277,16,'Talakag',0,0,NULL,'2020-02-19 09:49:02',NULL,NULL),
(278,16,'Valencia',0,0,NULL,'2020-02-19 09:49:02',NULL,NULL),
(279,17,'Angat',0,0,NULL,'2020-02-19 09:49:02',NULL,NULL),
(280,17,'Balagtas',0,0,NULL,'2020-02-19 09:49:02',NULL,NULL),
(281,17,'Baliuag',0,0,NULL,'2020-02-19 09:49:03',NULL,NULL),
(282,17,'Bocaue',0,0,NULL,'2020-02-19 09:49:03',NULL,NULL),
(283,17,'Bulakan',0,0,NULL,'2020-02-19 09:49:03',NULL,NULL),
(284,17,'Bustos',0,0,NULL,'2020-02-19 09:49:03',NULL,NULL),
(285,17,'Calumpit',0,0,NULL,'2020-02-19 09:49:03',NULL,NULL),
(286,17,'Doa Remedios Trinidad',0,0,NULL,'2020-02-19 09:49:03',NULL,NULL),
(287,17,'Guiguinto',0,0,NULL,'2020-02-19 09:49:03',NULL,NULL),
(288,17,'Hagonoy',0,0,NULL,'2020-02-19 09:49:03',NULL,NULL),
(289,17,'Malolos',0,0,NULL,'2020-02-19 09:49:03',NULL,NULL),
(290,17,'Marilao',0,0,NULL,'2020-02-19 09:49:03',NULL,NULL),
(291,17,'Meycauayan',0,0,NULL,'2020-02-19 09:49:03',NULL,NULL),
(292,17,'Norzagaray',0,0,NULL,'2020-02-19 09:49:03',NULL,NULL),
(293,17,'Obando',0,0,NULL,'2020-02-19 09:49:03',NULL,NULL),
(294,17,'Pandi',0,0,NULL,'2020-02-19 09:49:03',NULL,NULL),
(295,17,'Paombong',0,0,NULL,'2020-02-19 09:49:03',NULL,NULL),
(296,17,'Plaridel',0,0,NULL,'2020-02-19 09:49:03',NULL,NULL),
(297,17,'Pulilan',0,0,NULL,'2020-02-19 09:49:03',NULL,NULL),
(298,17,'San Ildefonso',0,0,NULL,'2020-02-19 09:49:03',NULL,NULL),
(299,17,'San Jose del Monte',0,0,NULL,'2020-02-19 09:49:03',NULL,NULL),
(300,17,'San Miguel',0,0,NULL,'2020-02-19 09:49:03',NULL,NULL),
(301,17,'San Rafael',0,0,NULL,'2020-02-19 09:49:03',NULL,NULL),
(302,17,'Santa Maria',0,0,NULL,'2020-02-19 09:49:03',NULL,NULL),
(303,18,'Abulug',0,0,NULL,'2020-02-19 09:49:03',NULL,NULL),
(304,18,'Alcala',0,0,NULL,'2020-02-19 09:49:03',NULL,NULL),
(305,18,'Allacapan',0,0,NULL,'2020-02-19 09:49:03',NULL,NULL),
(306,18,'Amulung',0,0,NULL,'2020-02-19 09:49:03',NULL,NULL),
(307,18,'Aparri',0,0,NULL,'2020-02-19 09:49:03',NULL,NULL),
(308,18,'Baggao',0,0,NULL,'2020-02-19 09:49:03',NULL,NULL),
(309,18,'Ballesteros',0,0,NULL,'2020-02-19 09:49:04',NULL,NULL),
(310,18,'Buguey',0,0,NULL,'2020-02-19 09:49:04',NULL,NULL),
(311,18,'Calayan',0,0,NULL,'2020-02-19 09:49:04',NULL,NULL),
(312,18,'Camalaniugan',0,0,NULL,'2020-02-19 09:49:04',NULL,NULL),
(313,18,'Claveria',0,0,NULL,'2020-02-19 09:49:04',NULL,NULL),
(314,18,'Enrile',0,0,NULL,'2020-02-19 09:49:04',NULL,NULL),
(315,18,'Gattaran',0,0,NULL,'2020-02-19 09:49:04',NULL,NULL),
(316,18,'Gonzaga',0,0,NULL,'2020-02-19 09:49:04',NULL,NULL),
(317,18,'Iguig',0,0,NULL,'2020-02-19 09:49:04',NULL,NULL),
(318,18,'Lal-lo',0,0,NULL,'2020-02-19 09:49:04',NULL,NULL),
(319,18,'Lasam',0,0,NULL,'2020-02-19 09:49:04',NULL,NULL),
(320,18,'Pamplona',0,0,NULL,'2020-02-19 09:49:04',NULL,NULL),
(321,18,'Peablanca',0,0,NULL,'2020-02-19 09:49:04',NULL,NULL),
(322,18,'Piat',0,0,NULL,'2020-02-19 09:49:04',NULL,NULL),
(323,18,'Rizal',0,0,NULL,'2020-02-19 09:49:04',NULL,NULL),
(324,18,'Sanchez-Mira',0,0,NULL,'2020-02-19 09:49:04',NULL,NULL),
(325,18,'Santa Ana',0,0,NULL,'2020-02-19 09:49:04',NULL,NULL),
(326,18,'Santa Praxedes',0,0,NULL,'2020-02-19 09:49:04',NULL,NULL),
(327,18,'Santa Teresita',0,0,NULL,'2020-02-19 09:49:04',NULL,NULL),
(328,18,'Santo Nio (Faire)',0,0,NULL,'2020-02-19 09:49:04',NULL,NULL),
(329,18,'Solana',0,0,NULL,'2020-02-19 09:49:04',NULL,NULL),
(330,18,'Tuao',0,0,NULL,'2020-02-19 09:49:04',NULL,NULL),
(331,18,'Tuguegarao City',0,0,NULL,'2020-02-19 09:49:04',NULL,NULL),
(332,19,'Basud',0,0,NULL,'2020-02-19 09:49:05',NULL,NULL),
(333,19,'Capalonga',0,0,NULL,'2020-02-19 09:49:05',NULL,NULL),
(334,19,'Daet',0,0,NULL,'2020-02-19 09:49:05',NULL,NULL),
(335,19,'Jose Panganiban',0,0,NULL,'2020-02-19 09:49:05',NULL,NULL),
(336,19,'Labo',0,0,NULL,'2020-02-19 09:49:05',NULL,NULL),
(337,19,'Mercedes',0,0,NULL,'2020-02-19 09:49:05',NULL,NULL),
(338,19,'Paracale',0,0,NULL,'2020-02-19 09:49:05',NULL,NULL),
(339,19,'San Lorenzo Ruiz',0,0,NULL,'2020-02-19 09:49:05',NULL,NULL),
(340,19,'San Vicente',0,0,NULL,'2020-02-19 09:49:05',NULL,NULL),
(341,19,'Santa Elena',0,0,NULL,'2020-02-19 09:49:05',NULL,NULL),
(342,19,'Talisay',0,0,NULL,'2020-02-19 09:49:05',NULL,NULL),
(343,19,'Vinzons',0,0,NULL,'2020-02-19 09:49:05',NULL,NULL),
(344,20,'Baao',0,0,NULL,'2020-02-19 09:49:05',NULL,NULL),
(345,20,'Balatan',0,0,NULL,'2020-02-19 09:49:05',NULL,NULL),
(346,20,'Bato',0,0,NULL,'2020-02-19 09:49:05',NULL,NULL),
(347,20,'Bombon',0,0,NULL,'2020-02-19 09:49:05',NULL,NULL),
(348,20,'Buhi',0,0,NULL,'2020-02-19 09:49:05',NULL,NULL),
(349,20,'Bula',0,0,NULL,'2020-02-19 09:49:05',NULL,NULL),
(350,20,'Cabusao',0,0,NULL,'2020-02-19 09:49:05',NULL,NULL),
(351,20,'Calabanga',0,0,NULL,'2020-02-19 09:49:05',NULL,NULL),
(352,20,'Camaligan',0,0,NULL,'2020-02-19 09:49:05',NULL,NULL),
(353,20,'Canaman',0,0,NULL,'2020-02-19 09:49:05',NULL,NULL),
(354,20,'Caramoan',0,0,NULL,'2020-02-19 09:49:05',NULL,NULL),
(355,20,'Del Gallego',0,0,NULL,'2020-02-19 09:49:05',NULL,NULL),
(356,20,'Gainza',0,0,NULL,'2020-02-19 09:49:06',NULL,NULL),
(357,20,'Garchitorena',0,0,NULL,'2020-02-19 09:49:06',NULL,NULL),
(358,20,'Goa',0,0,NULL,'2020-02-19 09:49:06',NULL,NULL),
(359,20,'Iriga',0,0,NULL,'2020-02-19 09:49:06',NULL,NULL),
(360,20,'Lagonoy',0,0,NULL,'2020-02-19 09:49:06',NULL,NULL),
(361,20,'Libmanan',0,0,NULL,'2020-02-19 09:49:06',NULL,NULL),
(362,20,'Lupi',0,0,NULL,'2020-02-19 09:49:06',NULL,NULL),
(363,20,'Magarao',0,0,NULL,'2020-02-19 09:49:06',NULL,NULL),
(364,20,'Milaor',0,0,NULL,'2020-02-19 09:49:06',NULL,NULL),
(365,20,'Minalabac',0,0,NULL,'2020-02-19 09:49:06',NULL,NULL),
(366,20,'Nabua',0,0,NULL,'2020-02-19 09:49:06',NULL,NULL),
(367,20,'Naga',0,0,NULL,'2020-02-19 09:49:06',NULL,NULL),
(368,20,'Ocampo',0,0,NULL,'2020-02-19 09:49:06',NULL,NULL),
(369,20,'Pamplona',0,0,NULL,'2020-02-19 09:49:06',NULL,NULL),
(370,20,'Pasacao',0,0,NULL,'2020-02-19 09:49:06',NULL,NULL),
(371,20,'Pili',0,0,NULL,'2020-02-19 09:49:06',NULL,NULL),
(372,20,'Presentacion',0,0,NULL,'2020-02-19 09:49:06',NULL,NULL),
(373,20,'Ragay',0,0,NULL,'2020-02-19 09:49:06',NULL,NULL),
(374,20,'Sagay',0,0,NULL,'2020-02-19 09:49:06',NULL,NULL),
(375,20,'San Fernando',0,0,NULL,'2020-02-19 09:49:06',NULL,NULL),
(376,20,'San Jose',0,0,NULL,'2020-02-19 09:49:06',NULL,NULL),
(377,20,'Sipocot',0,0,NULL,'2020-02-19 09:49:06',NULL,NULL),
(378,20,'Siruma',0,0,NULL,'2020-02-19 09:49:06',NULL,NULL),
(379,20,'Tigaon',0,0,NULL,'2020-02-19 09:49:06',NULL,NULL),
(380,20,'Tinambac',0,0,NULL,'2020-02-19 09:49:06',NULL,NULL),
(381,21,'Catarman',0,0,NULL,'2020-02-19 09:49:06',NULL,NULL),
(382,21,'Guinsiliban',0,0,NULL,'2020-02-19 09:49:07',NULL,NULL),
(383,21,'Mahinog',0,0,NULL,'2020-02-19 09:49:07',NULL,NULL),
(384,21,'Mambajao',0,0,NULL,'2020-02-19 09:49:07',NULL,NULL),
(385,21,'Sagay',0,0,NULL,'2020-02-19 09:49:07',NULL,NULL),
(386,22,'Cuartero',0,0,NULL,'2020-02-19 09:49:07',NULL,NULL),
(387,22,'Dao',0,0,NULL,'2020-02-19 09:49:07',NULL,NULL),
(388,22,'Dumalag',0,0,NULL,'2020-02-19 09:49:07',NULL,NULL),
(389,22,'Dumarao',0,0,NULL,'2020-02-19 09:49:07',NULL,NULL),
(390,22,'Ivisan',0,0,NULL,'2020-02-19 09:49:07',NULL,NULL),
(391,22,'Jamindan',0,0,NULL,'2020-02-19 09:49:07',NULL,NULL),
(392,22,'Maayon',0,0,NULL,'2020-02-19 09:49:07',NULL,NULL),
(393,22,'Mambusao',0,0,NULL,'2020-02-19 09:49:07',NULL,NULL),
(394,22,'Panay',0,0,NULL,'2020-02-19 09:49:07',NULL,NULL),
(395,22,'Panitan',0,0,NULL,'2020-02-19 09:49:07',NULL,NULL),
(396,22,'Pilar',0,0,NULL,'2020-02-19 09:49:07',NULL,NULL),
(397,22,'Pontevedra',0,0,NULL,'2020-02-19 09:49:07',NULL,NULL),
(398,22,'President Roxas',0,0,NULL,'2020-02-19 09:49:07',NULL,NULL),
(399,22,'Roxas City',0,0,NULL,'2020-02-19 09:49:07',NULL,NULL),
(400,22,'Sapian',0,0,NULL,'2020-02-19 09:49:07',NULL,NULL),
(401,22,'Sigma',0,0,NULL,'2020-02-19 09:49:07',NULL,NULL),
(402,22,'Tapaz',0,0,NULL,'2020-02-19 09:49:07',NULL,NULL),
(403,23,'Bagamanoc',0,0,NULL,'2020-02-19 09:49:07',NULL,NULL),
(404,23,'Baras',0,0,NULL,'2020-02-19 09:49:07',NULL,NULL),
(405,23,'Bato',0,0,NULL,'2020-02-19 09:49:07',NULL,NULL),
(406,23,'Caramoran',0,0,NULL,'2020-02-19 09:49:07',NULL,NULL),
(407,23,'Gigmoto',0,0,NULL,'2020-02-19 09:49:07',NULL,NULL),
(408,23,'Pandan',0,0,NULL,'2020-02-19 09:49:07',NULL,NULL),
(409,23,'Panganiban',0,0,NULL,'2020-02-19 09:49:08',NULL,NULL),
(410,23,'San Andres',0,0,NULL,'2020-02-19 09:49:08',NULL,NULL),
(411,23,'San Miguel',0,0,NULL,'2020-02-19 09:49:08',NULL,NULL),
(412,23,'Viga',0,0,NULL,'2020-02-19 09:49:08',NULL,NULL),
(413,23,'Virac',0,0,NULL,'2020-02-19 09:49:08',NULL,NULL),
(414,24,'Alfonso',0,0,NULL,'2020-02-19 09:49:08',NULL,NULL),
(415,24,'Amadeo',0,0,NULL,'2020-02-19 09:49:08',NULL,NULL),
(416,24,'Bacoor',0,0,NULL,'2020-02-19 09:49:08',NULL,NULL),
(417,24,'Carmona',1,1,NULL,'2020-02-19 09:49:08',NULL,NULL),
(418,24,'Cavite City',0,0,NULL,'2020-02-19 09:49:08',NULL,NULL),
(419,24,'Dasmarias',1,0,NULL,'2020-02-19 09:49:08',NULL,NULL),
(420,24,'General Emilio Aguinaldo',0,0,NULL,'2020-02-19 09:49:08',NULL,NULL),
(421,24,'General Mariano Alvarez',0,0,NULL,'2020-02-19 09:49:08',NULL,NULL),
(422,24,'General Trias',1,0,NULL,'2020-02-19 09:49:08',NULL,NULL),
(423,24,'Imus',0,0,NULL,'2020-02-19 09:49:08',NULL,NULL),
(424,24,'Indang',0,0,NULL,'2020-02-19 09:49:08',NULL,NULL),
(425,24,'Kawit',0,0,NULL,'2020-02-19 09:49:08',NULL,NULL),
(426,24,'Magallanes',0,0,NULL,'2020-02-19 09:49:08',NULL,NULL),
(427,24,'Maragondon',0,0,NULL,'2020-02-19 09:49:08',NULL,NULL),
(428,24,'Mendez',0,0,NULL,'2020-02-19 09:49:08',NULL,NULL),
(429,24,'Naic',0,0,NULL,'2020-02-19 09:49:08',NULL,NULL),
(430,24,'Noveleta',0,0,NULL,'2020-02-19 09:49:08',NULL,NULL),
(431,24,'Rosario',1,1,NULL,'2020-02-19 09:49:09',NULL,NULL),
(432,24,'Silang',0,0,NULL,'2020-02-19 09:49:09',NULL,NULL),
(433,24,'Tagaytay',0,0,NULL,'2020-02-19 09:49:09',NULL,NULL),
(434,24,'Tanza',0,0,NULL,'2020-02-19 09:49:09',NULL,NULL),
(435,24,'Ternate',0,0,NULL,'2020-02-19 09:49:09',NULL,NULL),
(436,24,'Trece Martires',0,0,NULL,'2020-02-19 09:49:09',NULL,NULL),
(437,25,'Alcantara',0,0,NULL,'2020-02-19 09:49:09',NULL,NULL),
(438,25,'Alcoy',0,0,NULL,'2020-02-19 09:49:09',NULL,NULL),
(439,25,'Alegria',0,0,NULL,'2020-02-19 09:49:09',NULL,NULL),
(440,25,'Aloguinsan',0,0,NULL,'2020-02-19 09:49:09',NULL,NULL),
(441,25,'Argao',0,0,NULL,'2020-02-19 09:49:09',NULL,NULL),
(442,25,'Asturias',0,0,NULL,'2020-02-19 09:49:09',NULL,NULL),
(443,25,'Badian',0,0,NULL,'2020-02-19 09:49:09',NULL,NULL),
(444,25,'Balamban',0,0,NULL,'2020-02-19 09:49:09',NULL,NULL),
(445,25,'Bantayan',0,0,NULL,'2020-02-19 09:49:09',NULL,NULL),
(446,25,'Barili',0,0,NULL,'2020-02-19 09:49:09',NULL,NULL),
(447,25,'Bogo',0,0,NULL,'2020-02-19 09:49:09',NULL,NULL),
(448,25,'Boljoon',0,0,NULL,'2020-02-19 09:49:09',NULL,NULL),
(449,25,'Borbon',0,0,NULL,'2020-02-19 09:49:09',NULL,NULL),
(450,25,'Carcar',0,0,NULL,'2020-02-19 09:49:09',NULL,NULL),
(451,25,'Carmen',0,0,NULL,'2020-02-19 09:49:09',NULL,NULL),
(452,25,'Catmon',0,0,NULL,'2020-02-19 09:49:09',NULL,NULL),
(453,25,'Cebu City',0,0,NULL,'2020-02-19 09:49:09',NULL,NULL),
(454,25,'Compostela',0,0,NULL,'2020-02-19 09:49:09',NULL,NULL),
(455,25,'Consolacion',0,0,NULL,'2020-02-19 09:49:09',NULL,NULL),
(456,25,'Cordova',0,0,NULL,'2020-02-19 09:49:10',NULL,NULL),
(457,25,'Daanbantayan',0,0,NULL,'2020-02-19 09:49:10',NULL,NULL),
(458,25,'Dalaguete',0,0,NULL,'2020-02-19 09:49:10',NULL,NULL),
(459,25,'Danao City',1,0,NULL,'2020-02-19 09:49:10',NULL,NULL),
(460,25,'Dumanjug',0,0,NULL,'2020-02-19 09:49:10',NULL,NULL),
(461,25,'Ginatilan',0,0,NULL,'2020-02-19 09:49:10',NULL,NULL),
(462,25,'Lapu-Lapu',0,0,NULL,'2020-02-19 09:49:10',NULL,NULL),
(463,25,'Liloan',0,0,NULL,'2020-02-19 09:49:10',NULL,NULL),
(464,25,'Madridejos',0,0,NULL,'2020-02-19 09:49:10',NULL,NULL),
(465,25,'Malabuyoc',0,0,NULL,'2020-02-19 09:49:10',NULL,NULL),
(466,25,'Mandaue',0,0,NULL,'2020-02-19 09:49:10',NULL,NULL),
(467,25,'Medellin',0,0,NULL,'2020-02-19 09:49:10',NULL,NULL),
(468,25,'Minglanilla',0,0,NULL,'2020-02-19 09:49:10',NULL,NULL),
(469,25,'Moalboal',0,0,NULL,'2020-02-19 09:49:10',NULL,NULL),
(470,25,'Naga',0,0,NULL,'2020-02-19 09:49:10',NULL,NULL),
(471,25,'Oslob',0,0,NULL,'2020-02-19 09:49:10',NULL,NULL),
(472,25,'Pilar',0,0,NULL,'2020-02-19 09:49:10',NULL,NULL),
(473,25,'Pinamungajan',0,0,NULL,'2020-02-19 09:49:10',NULL,NULL),
(474,25,'Poro',0,0,NULL,'2020-02-19 09:49:10',NULL,NULL),
(475,25,'Ronda',0,0,NULL,'2020-02-19 09:49:10',NULL,NULL),
(476,25,'Samboan',0,0,NULL,'2020-02-19 09:49:10',NULL,NULL),
(477,25,'San Fernando',0,0,NULL,'2020-02-19 09:49:10',NULL,NULL),
(478,25,'San Francisco',0,0,NULL,'2020-02-19 09:49:10',NULL,NULL),
(479,25,'San Remigio',0,0,NULL,'2020-02-19 09:49:10',NULL,NULL),
(480,25,'Santa Fe',0,0,NULL,'2020-02-19 09:49:10',NULL,NULL),
(481,25,'Santander',0,0,NULL,'2020-02-19 09:49:10',NULL,NULL),
(482,25,'Sibonga',0,0,NULL,'2020-02-19 09:49:11',NULL,NULL),
(483,25,'Sogod',0,0,NULL,'2020-02-19 09:49:11',NULL,NULL),
(484,25,'Tabogon',0,0,NULL,'2020-02-19 09:49:11',NULL,NULL),
(485,25,'Tabuelan',0,0,NULL,'2020-02-19 09:49:11',NULL,NULL),
(486,25,'Talisay',0,0,NULL,'2020-02-19 09:49:11',NULL,NULL),
(487,25,'Toledo',0,0,NULL,'2020-02-19 09:49:11',NULL,NULL),
(488,25,'Tuburan',0,0,NULL,'2020-02-19 09:49:11',NULL,NULL),
(489,25,'Tudela',0,0,NULL,'2020-02-19 09:49:11',NULL,NULL),
(490,26,'Alamada',0,0,NULL,'2020-02-19 09:49:11',NULL,NULL),
(491,26,'Aleosan',0,0,NULL,'2020-02-19 09:49:11',NULL,NULL),
(492,26,'Antipas',0,0,NULL,'2020-02-19 09:49:11',NULL,NULL),
(493,26,'Arakan',0,0,NULL,'2020-02-19 09:49:11',NULL,NULL),
(494,26,'Banisilan',0,0,NULL,'2020-02-19 09:49:11',NULL,NULL),
(495,26,'Carmen',0,0,NULL,'2020-02-19 09:49:11',NULL,NULL),
(496,26,'Kabacan',0,0,NULL,'2020-02-19 09:49:11',NULL,NULL),
(497,26,'Kidapawan',0,0,NULL,'2020-02-19 09:49:11',NULL,NULL),
(498,26,'Libungan',0,0,NULL,'2020-02-19 09:49:11',NULL,NULL),
(499,26,'M\'lang',0,0,NULL,'2020-02-19 09:49:11',NULL,NULL),
(500,26,'Magpet',0,0,NULL,'2020-02-19 09:49:11',NULL,NULL),
(501,26,'Makilala',0,0,NULL,'2020-02-19 09:49:11',NULL,NULL),
(502,26,'Matalam',0,0,NULL,'2020-02-19 09:49:11',NULL,NULL),
(503,26,'Midsayap',0,0,NULL,'2020-02-19 09:49:11',NULL,NULL),
(504,26,'Pigcawayan',0,0,NULL,'2020-02-19 09:49:11',NULL,NULL),
(505,26,'Pikit',0,0,NULL,'2020-02-19 09:49:11',NULL,NULL),
(506,26,'President Roxas',0,0,NULL,'2020-02-19 09:49:11',NULL,NULL),
(507,26,'Tulunan',0,0,NULL,'2020-02-19 09:49:11',NULL,NULL),
(508,27,'Compostela',0,0,NULL,'2020-02-19 09:49:11',NULL,NULL),
(509,27,'Laak',0,0,NULL,'2020-02-19 09:49:11',NULL,NULL),
(510,27,'Mabini',0,0,NULL,'2020-02-19 09:49:12',NULL,NULL),
(511,27,'Maco',0,0,NULL,'2020-02-19 09:49:12',NULL,NULL),
(512,27,'Maragusan',0,0,NULL,'2020-02-19 09:49:12',NULL,NULL),
(513,27,'Mawab',0,0,NULL,'2020-02-19 09:49:12',NULL,NULL),
(514,27,'Monkayo',0,0,NULL,'2020-02-19 09:49:12',NULL,NULL),
(515,27,'Montevista',0,0,NULL,'2020-02-19 09:49:12',NULL,NULL),
(516,27,'Nabunturan',0,0,NULL,'2020-02-19 09:49:12',NULL,NULL),
(517,27,'New Bataan',0,0,NULL,'2020-02-19 09:49:12',NULL,NULL),
(518,27,'Pantukan',0,0,NULL,'2020-02-19 09:49:12',NULL,NULL),
(519,28,'Asuncion',0,0,NULL,'2020-02-19 09:49:12',NULL,NULL),
(520,28,'Braulio E. Dujali',0,0,NULL,'2020-02-19 09:49:12',NULL,NULL),
(521,28,'Carmen',0,0,NULL,'2020-02-19 09:49:12',NULL,NULL),
(522,28,'Kapalong',0,0,NULL,'2020-02-19 09:49:12',NULL,NULL),
(523,28,'New Corella',0,0,NULL,'2020-02-19 09:49:12',NULL,NULL),
(524,28,'Panabo',0,0,NULL,'2020-02-19 09:49:12',NULL,NULL),
(525,28,'Samal',0,0,NULL,'2020-02-19 09:49:12',NULL,NULL),
(526,28,'San Isidro',0,0,NULL,'2020-02-19 09:49:12',NULL,NULL),
(527,28,'Santo Tomas',0,0,NULL,'2020-02-19 09:49:12',NULL,NULL),
(528,28,'Tagum',0,0,NULL,'2020-02-19 09:49:12',NULL,NULL),
(529,28,'Talaingod',0,0,NULL,'2020-02-19 09:49:12',NULL,NULL),
(530,29,'Bansalan',0,0,NULL,'2020-02-19 09:49:12',NULL,NULL),
(531,29,'Davao City',0,0,NULL,'2020-02-19 09:49:12',NULL,NULL),
(532,29,'Digos',0,0,NULL,'2020-02-19 09:49:12',NULL,NULL),
(533,29,'Hagonoy',0,0,NULL,'2020-02-19 09:49:12',NULL,NULL),
(534,29,'Kiblawan',0,0,NULL,'2020-02-19 09:49:12',NULL,NULL),
(535,29,'Magsaysay',0,0,NULL,'2020-02-19 09:49:13',NULL,NULL),
(536,29,'Malalag',0,0,NULL,'2020-02-19 09:49:13',NULL,NULL),
(537,29,'Matanao',0,0,NULL,'2020-02-19 09:49:13',NULL,NULL),
(538,29,'Padada',0,0,NULL,'2020-02-19 09:49:13',NULL,NULL),
(539,29,'Santa Cruz',0,0,NULL,'2020-02-19 09:49:13',NULL,NULL),
(540,29,'Sulop',0,0,NULL,'2020-02-19 09:49:13',NULL,NULL),
(541,30,'Don Marcelino',0,0,NULL,'2020-02-19 09:49:13',NULL,NULL),
(542,30,'Jose Abad Santos',0,0,NULL,'2020-02-19 09:49:13',NULL,NULL),
(543,30,'Malita',0,0,NULL,'2020-02-19 09:49:13',NULL,NULL),
(544,30,'Santa Maria',0,0,NULL,'2020-02-19 09:49:13',NULL,NULL),
(545,30,'Sarangani',0,0,NULL,'2020-02-19 09:49:13',NULL,NULL),
(546,31,'Baganga',0,0,NULL,'2020-02-19 09:49:13',NULL,NULL),
(547,31,'Banaybanay',0,0,NULL,'2020-02-19 09:49:13',NULL,NULL),
(548,31,'Boston',0,0,NULL,'2020-02-19 09:49:13',NULL,NULL),
(549,31,'Caraga',0,0,NULL,'2020-02-19 09:49:13',NULL,NULL),
(550,31,'Cateel',0,0,NULL,'2020-02-19 09:49:13',NULL,NULL),
(551,31,'Governor Generoso',0,0,NULL,'2020-02-19 09:49:13',NULL,NULL),
(552,31,'Lupon',0,0,NULL,'2020-02-19 09:49:13',NULL,NULL),
(553,31,'Manay',0,0,NULL,'2020-02-19 09:49:13',NULL,NULL),
(554,31,'Mati',0,0,NULL,'2020-02-19 09:49:13',NULL,NULL),
(555,31,'San Isidro',0,0,NULL,'2020-02-19 09:49:13',NULL,NULL),
(556,31,'Tarragona',0,0,NULL,'2020-02-19 09:49:13',NULL,NULL),
(557,32,'Basilisa',0,0,NULL,'2020-02-19 09:49:13',NULL,NULL),
(558,32,'Cagdianao',0,0,NULL,'2020-02-19 09:49:14',NULL,NULL),
(559,32,'Dinagat',0,0,NULL,'2020-02-19 09:49:14',NULL,NULL),
(560,32,'Libjo',0,0,NULL,'2020-02-19 09:49:14',NULL,NULL),
(561,32,'Loreto',0,0,NULL,'2020-02-19 09:49:14',NULL,NULL),
(562,32,'San Jose',0,0,NULL,'2020-02-19 09:49:14',NULL,NULL),
(563,32,'Tubajon',0,0,NULL,'2020-02-19 09:49:14',NULL,NULL),
(564,33,'Arteche',0,0,NULL,'2020-02-19 09:49:14',NULL,NULL),
(565,33,'Balangiga',0,0,NULL,'2020-02-19 09:49:14',NULL,NULL),
(566,33,'Balangkayan',0,0,NULL,'2020-02-19 09:49:14',NULL,NULL),
(567,33,'Borongan',0,0,NULL,'2020-02-19 09:49:14',NULL,NULL),
(568,33,'Can-avid',0,0,NULL,'2020-02-19 09:49:14',NULL,NULL),
(569,33,'Dolores',0,0,NULL,'2020-02-19 09:49:14',NULL,NULL),
(570,33,'General MacArthur',0,0,NULL,'2020-02-19 09:49:14',NULL,NULL),
(571,33,'Giporlos',0,0,NULL,'2020-02-19 09:49:14',NULL,NULL),
(572,33,'Guiuan',0,0,NULL,'2020-02-19 09:49:14',NULL,NULL),
(573,33,'Hernani',0,0,NULL,'2020-02-19 09:49:14',NULL,NULL),
(574,33,'Jipapad',0,0,NULL,'2020-02-19 09:49:14',NULL,NULL),
(575,33,'Lawaan',0,0,NULL,'2020-02-19 09:49:14',NULL,NULL),
(576,33,'Llorente',0,0,NULL,'2020-02-19 09:49:14',NULL,NULL),
(577,33,'Maslog',0,0,NULL,'2020-02-19 09:49:14',NULL,NULL),
(578,33,'Maydolong',0,0,NULL,'2020-02-19 09:49:14',NULL,NULL),
(579,33,'Mercedes',0,0,NULL,'2020-02-19 09:49:14',NULL,NULL),
(580,33,'Oras',0,0,NULL,'2020-02-19 09:49:14',NULL,NULL),
(581,33,'Quinapondan',0,0,NULL,'2020-02-19 09:49:14',NULL,NULL),
(582,33,'Salcedo',0,0,NULL,'2020-02-19 09:49:15',NULL,NULL),
(583,33,'San Julian',0,0,NULL,'2020-02-19 09:49:15',NULL,NULL),
(584,33,'San Policarpo',0,0,NULL,'2020-02-19 09:49:15',NULL,NULL),
(585,33,'Sulat',0,0,NULL,'2020-02-19 09:49:15',NULL,NULL),
(586,33,'Taft',0,0,NULL,'2020-02-19 09:49:15',NULL,NULL),
(587,34,'Buenavista',0,0,NULL,'2020-02-19 09:49:15',NULL,NULL),
(588,34,'Jordan',0,0,NULL,'2020-02-19 09:49:15',NULL,NULL),
(589,34,'Nueva Valencia',0,0,NULL,'2020-02-19 09:49:15',NULL,NULL),
(590,34,'San Lorenzo',0,0,NULL,'2020-02-19 09:49:15',NULL,NULL),
(591,34,'Sibunag',0,0,NULL,'2020-02-19 09:49:15',NULL,NULL),
(592,35,'Aguinaldo',0,0,NULL,'2020-02-19 09:49:15',NULL,NULL),
(593,35,'Alfonso Lista',0,0,NULL,'2020-02-19 09:49:15',NULL,NULL),
(594,35,'Asipulo',0,0,NULL,'2020-02-19 09:49:15',NULL,NULL),
(595,35,'Banaue',0,0,NULL,'2020-02-19 09:49:15',NULL,NULL),
(596,35,'Hingyon',0,0,NULL,'2020-02-19 09:49:15',NULL,NULL),
(597,35,'Hungduan',0,0,NULL,'2020-02-19 09:49:15',NULL,NULL),
(598,35,'Kiangan',0,0,NULL,'2020-02-19 09:49:15',NULL,NULL),
(599,35,'Lagawe',0,0,NULL,'2020-02-19 09:49:15',NULL,NULL),
(600,35,'Lamut',0,0,NULL,'2020-02-19 09:49:15',NULL,NULL),
(601,35,'Mayoyao',0,0,NULL,'2020-02-19 09:49:15',NULL,NULL),
(602,35,'Tinoc',0,0,NULL,'2020-02-19 09:49:15',NULL,NULL),
(603,36,'Adams',0,0,NULL,'2020-02-19 09:49:15',NULL,NULL),
(604,36,'Bacarra',0,0,NULL,'2020-02-19 09:49:15',NULL,NULL),
(605,36,'Badoc',0,0,NULL,'2020-02-19 09:49:15',NULL,NULL),
(606,36,'Bangui',0,0,NULL,'2020-02-19 09:49:15',NULL,NULL),
(607,36,'Banna',0,0,NULL,'2020-02-19 09:49:15',NULL,NULL),
(608,36,'Batac',0,0,NULL,'2020-02-19 09:49:15',NULL,NULL),
(609,36,'Burgos',0,0,NULL,'2020-02-19 09:49:15',NULL,NULL),
(610,36,'Carasi',0,0,NULL,'2020-02-19 09:49:15',NULL,NULL),
(611,36,'Currimao',0,0,NULL,'2020-02-19 09:49:16',NULL,NULL),
(612,36,'Dingras',0,0,NULL,'2020-02-19 09:49:16',NULL,NULL),
(613,36,'Dumalneg',0,0,NULL,'2020-02-19 09:49:16',NULL,NULL),
(614,36,'Laoag',0,0,NULL,'2020-02-19 09:49:16',NULL,NULL),
(615,36,'Marcos',0,0,NULL,'2020-02-19 09:49:16',NULL,NULL),
(616,36,'Nueva Era',0,0,NULL,'2020-02-19 09:49:16',NULL,NULL),
(617,36,'Pagudpud',0,0,NULL,'2020-02-19 09:49:16',NULL,NULL),
(618,36,'Paoay',0,0,NULL,'2020-02-19 09:49:16',NULL,NULL),
(619,36,'Pasuquin',0,0,NULL,'2020-02-19 09:49:16',NULL,NULL),
(620,36,'Piddig',0,0,NULL,'2020-02-19 09:49:16',NULL,NULL),
(621,36,'Pinili',0,0,NULL,'2020-02-19 09:49:16',NULL,NULL),
(622,36,'San Nicolas',0,0,NULL,'2020-02-19 09:49:16',NULL,NULL),
(623,36,'Sarrat',0,0,NULL,'2020-02-19 09:49:16',NULL,NULL),
(624,36,'Solsona',0,0,NULL,'2020-02-19 09:49:16',NULL,NULL),
(625,36,'Vintar',0,0,NULL,'2020-02-19 09:49:16',NULL,NULL),
(626,37,'Alilem',0,0,NULL,'2020-02-19 09:49:16',NULL,NULL),
(627,37,'Banayoyo',0,0,NULL,'2020-02-19 09:49:16',NULL,NULL),
(628,37,'Bantay',0,0,NULL,'2020-02-19 09:49:16',NULL,NULL),
(629,37,'Burgos',0,0,NULL,'2020-02-19 09:49:16',NULL,NULL),
(630,37,'Cabugao',0,0,NULL,'2020-02-19 09:49:16',NULL,NULL),
(631,37,'Candon',0,0,NULL,'2020-02-19 09:49:17',NULL,NULL),
(632,37,'Caoayan',0,0,NULL,'2020-02-19 09:49:17',NULL,NULL),
(633,37,'Cervantes',0,0,NULL,'2020-02-19 09:49:17',NULL,NULL),
(634,37,'Galimuyod',0,0,NULL,'2020-02-19 09:49:17',NULL,NULL),
(635,37,'Gregorio del Pilar',0,0,NULL,'2020-02-19 09:49:17',NULL,NULL),
(636,37,'Lidlidda',0,0,NULL,'2020-02-19 09:49:17',NULL,NULL),
(637,37,'Magsingal',0,0,NULL,'2020-02-19 09:49:17',NULL,NULL),
(638,37,'Nagbukel',0,0,NULL,'2020-02-19 09:49:17',NULL,NULL),
(639,37,'Narvacan',0,0,NULL,'2020-02-19 09:49:17',NULL,NULL),
(640,37,'Quirino',0,0,NULL,'2020-02-19 09:49:17',NULL,NULL),
(641,37,'Salcedo',0,0,NULL,'2020-02-19 09:49:17',NULL,NULL),
(642,37,'San Emilio',0,0,NULL,'2020-02-19 09:49:17',NULL,NULL),
(643,37,'San Esteban',0,0,NULL,'2020-02-19 09:49:17',NULL,NULL),
(644,37,'San Ildefonso',0,0,NULL,'2020-02-19 09:49:17',NULL,NULL),
(645,37,'San Juan',0,0,NULL,'2020-02-19 09:49:17',NULL,NULL),
(646,37,'San Vicente',0,0,NULL,'2020-02-19 09:49:17',NULL,NULL),
(647,37,'Santa',0,0,NULL,'2020-02-19 09:49:17',NULL,NULL),
(648,37,'Santa Catalina',0,0,NULL,'2020-02-19 09:49:17',NULL,NULL),
(649,37,'Santa Cruz',0,0,NULL,'2020-02-19 09:49:17',NULL,NULL),
(650,37,'Santa Lucia',0,0,NULL,'2020-02-19 09:49:17',NULL,NULL),
(651,37,'Santa Maria',0,0,NULL,'2020-02-19 09:49:17',NULL,NULL),
(652,37,'Santiago',0,0,NULL,'2020-02-19 09:49:17',NULL,NULL),
(653,37,'Santo Domingo',0,0,NULL,'2020-02-19 09:49:17',NULL,NULL),
(654,37,'Sigay',0,0,NULL,'2020-02-19 09:49:18',NULL,NULL),
(655,37,'Sinait',0,0,NULL,'2020-02-19 09:49:18',NULL,NULL),
(656,37,'Sugpon',0,0,NULL,'2020-02-19 09:49:18',NULL,NULL),
(657,37,'Suyo',0,0,NULL,'2020-02-19 09:49:18',NULL,NULL),
(658,37,'Tagudin',0,0,NULL,'2020-02-19 09:49:18',NULL,NULL),
(659,37,'Vigan',0,0,NULL,'2020-02-19 09:49:18',NULL,NULL),
(660,38,'Ajuy',0,0,NULL,'2020-02-19 09:49:18',NULL,NULL),
(661,38,'Alimodian',0,0,NULL,'2020-02-19 09:49:18',NULL,NULL),
(662,38,'Anilao',0,0,NULL,'2020-02-19 09:49:18',NULL,NULL),
(663,38,'Badiangan',0,0,NULL,'2020-02-19 09:49:18',NULL,NULL),
(664,38,'Balasan',0,0,NULL,'2020-02-19 09:49:18',NULL,NULL),
(665,38,'Banate',0,0,NULL,'2020-02-19 09:49:18',NULL,NULL),
(666,38,'Barotac Nuevo',0,0,NULL,'2020-02-19 09:49:18',NULL,NULL),
(667,38,'Barotac Viejo',0,0,NULL,'2020-02-19 09:49:18',NULL,NULL),
(668,38,'Batad',0,0,NULL,'2020-02-19 09:49:18',NULL,NULL),
(669,38,'Bingawan',0,0,NULL,'2020-02-19 09:49:18',NULL,NULL),
(670,38,'Cabatuan',0,0,NULL,'2020-02-19 09:49:18',NULL,NULL),
(671,38,'Calinog',0,0,NULL,'2020-02-19 09:49:18',NULL,NULL),
(672,38,'Carles',0,0,NULL,'2020-02-19 09:49:18',NULL,NULL),
(673,38,'Concepcion',0,0,NULL,'2020-02-19 09:49:18',NULL,NULL),
(674,38,'Dingle',0,0,NULL,'2020-02-19 09:49:18',NULL,NULL),
(675,38,'Dueas',0,0,NULL,'2020-02-19 09:49:18',NULL,NULL),
(676,38,'Dumangas',0,0,NULL,'2020-02-19 09:49:19',NULL,NULL),
(677,38,'Estancia',0,0,NULL,'2020-02-19 09:49:19',NULL,NULL),
(678,38,'Guimbal',0,0,NULL,'2020-02-19 09:49:19',NULL,NULL),
(679,38,'Igbaras',0,0,NULL,'2020-02-19 09:49:19',NULL,NULL),
(680,38,'Iloilo City',0,0,NULL,'2020-02-19 09:49:19',NULL,NULL),
(681,38,'Janiuay',0,0,NULL,'2020-02-19 09:49:19',NULL,NULL),
(682,38,'Lambunao',0,0,NULL,'2020-02-19 09:49:19',NULL,NULL),
(683,38,'Leganes',0,0,NULL,'2020-02-19 09:49:19',NULL,NULL),
(684,38,'Lemery',0,0,NULL,'2020-02-19 09:49:19',NULL,NULL),
(685,38,'Leon',0,0,NULL,'2020-02-19 09:49:19',NULL,NULL),
(686,38,'Maasin',0,0,NULL,'2020-02-19 09:49:19',NULL,NULL),
(687,38,'Miagao',0,0,NULL,'2020-02-19 09:49:19',NULL,NULL),
(688,38,'Mina',0,0,NULL,'2020-02-19 09:49:19',NULL,NULL),
(689,38,'New Lucena',0,0,NULL,'2020-02-19 09:49:19',NULL,NULL),
(690,38,'Oton',0,0,NULL,'2020-02-19 09:49:19',NULL,NULL),
(691,38,'Passi',0,0,NULL,'2020-02-19 09:49:19',NULL,NULL),
(692,38,'Pavia',0,0,NULL,'2020-02-19 09:49:19',NULL,NULL),
(693,38,'Pototan',0,0,NULL,'2020-02-19 09:49:19',NULL,NULL),
(694,38,'San Dionisio',0,0,NULL,'2020-02-19 09:49:19',NULL,NULL),
(695,38,'San Enrique',0,0,NULL,'2020-02-19 09:49:19',NULL,NULL),
(696,38,'San Joaquin',0,0,NULL,'2020-02-19 09:49:19',NULL,NULL),
(697,38,'San Miguel',0,0,NULL,'2020-02-19 09:49:19',NULL,NULL),
(698,38,'San Rafael',0,0,NULL,'2020-02-19 09:49:19',NULL,NULL),
(699,38,'Santa Barbara',0,0,NULL,'2020-02-19 09:49:19',NULL,NULL),
(700,38,'Sara',0,0,NULL,'2020-02-19 09:49:19',NULL,NULL),
(701,38,'Tigbauan',0,0,NULL,'2020-02-19 09:49:20',NULL,NULL),
(702,38,'Tubungan',0,0,NULL,'2020-02-19 09:49:20',NULL,NULL),
(703,38,'Zarraga',0,0,NULL,'2020-02-19 09:49:20',NULL,NULL),
(704,39,'Alicia',0,0,NULL,'2020-02-19 09:49:20',NULL,NULL),
(705,39,'Angadanan',0,0,NULL,'2020-02-19 09:49:20',NULL,NULL),
(706,39,'Aurora',0,0,NULL,'2020-02-19 09:49:20',NULL,NULL),
(707,39,'Benito Soliven',0,0,NULL,'2020-02-19 09:49:20',NULL,NULL),
(708,39,'Burgos',0,0,NULL,'2020-02-19 09:49:20',NULL,NULL),
(709,39,'Cabagan',0,0,NULL,'2020-02-19 09:49:20',NULL,NULL),
(710,39,'Cabatuan',0,0,NULL,'2020-02-19 09:49:20',NULL,NULL),
(711,39,'Cauayan',0,0,NULL,'2020-02-19 09:49:20',NULL,NULL),
(712,39,'Cordon',0,0,NULL,'2020-02-19 09:49:20',NULL,NULL),
(713,39,'Delfin Albano',0,0,NULL,'2020-02-19 09:49:20',NULL,NULL),
(714,39,'Dinapigue',0,0,NULL,'2020-02-19 09:49:20',NULL,NULL),
(715,39,'Divilacan',0,0,NULL,'2020-02-19 09:49:20',NULL,NULL),
(716,39,'Echague',0,0,NULL,'2020-02-19 09:49:20',NULL,NULL),
(717,39,'Gamu',0,0,NULL,'2020-02-19 09:49:20',NULL,NULL),
(718,39,'Ilagan',0,0,NULL,'2020-02-19 09:49:20',NULL,NULL),
(719,39,'Jones',0,0,NULL,'2020-02-19 09:49:20',NULL,NULL),
(720,39,'Luna',0,0,NULL,'2020-02-19 09:49:20',NULL,NULL),
(721,39,'Maconacon',0,0,NULL,'2020-02-19 09:49:20',NULL,NULL),
(722,39,'Mallig',0,0,NULL,'2020-02-19 09:49:20',NULL,NULL),
(723,39,'Naguilian',0,0,NULL,'2020-02-19 09:49:20',NULL,NULL),
(724,39,'Palanan',0,0,NULL,'2020-02-19 09:49:20',NULL,NULL),
(725,39,'Quezon',0,0,NULL,'2020-02-19 09:49:20',NULL,NULL),
(726,39,'Quirino',0,0,NULL,'2020-02-19 09:49:20',NULL,NULL),
(727,39,'Ramon',0,0,NULL,'2020-02-19 09:49:20',NULL,NULL),
(728,39,'Reina Mercedes',0,0,NULL,'2020-02-19 09:49:20',NULL,NULL),
(729,39,'Roxas',0,0,NULL,'2020-02-19 09:49:20',NULL,NULL),
(730,39,'San Agustin',0,0,NULL,'2020-02-19 09:49:21',NULL,NULL),
(731,39,'San Guillermo',0,0,NULL,'2020-02-19 09:49:21',NULL,NULL),
(732,39,'San Isidro',0,0,NULL,'2020-02-19 09:49:21',NULL,NULL),
(733,39,'San Manuel',0,0,NULL,'2020-02-19 09:49:21',NULL,NULL),
(734,39,'San Mariano',0,0,NULL,'2020-02-19 09:49:21',NULL,NULL),
(735,39,'San Mateo',0,0,NULL,'2020-02-19 09:49:21',NULL,NULL),
(736,39,'San Pablo',0,0,NULL,'2020-02-19 09:49:21',NULL,NULL),
(737,39,'Santa Maria',0,0,NULL,'2020-02-19 09:49:21',NULL,NULL),
(738,39,'Santiago',0,0,NULL,'2020-02-19 09:49:21',NULL,NULL),
(739,39,'Santo Tomas',0,0,NULL,'2020-02-19 09:49:21',NULL,NULL),
(740,39,'Tumauini',0,0,NULL,'2020-02-19 09:49:21',NULL,NULL),
(741,40,'Balbalan',0,0,NULL,'2020-02-19 09:49:21',NULL,NULL),
(742,40,'Lubuagan',0,0,NULL,'2020-02-19 09:49:21',NULL,NULL),
(743,40,'Pasil',0,0,NULL,'2020-02-19 09:49:21',NULL,NULL),
(744,40,'Pinukpuk',0,0,NULL,'2020-02-19 09:49:21',NULL,NULL),
(745,40,'Rizal',0,0,NULL,'2020-02-19 09:49:21',NULL,NULL),
(746,40,'Tabuk',0,0,NULL,'2020-02-19 09:49:21',NULL,NULL),
(747,40,'Tanudan',0,0,NULL,'2020-02-19 09:49:21',NULL,NULL),
(748,40,'Tinglayan',0,0,NULL,'2020-02-19 09:49:21',NULL,NULL),
(749,41,'Agoo',0,0,NULL,'2020-02-19 09:49:21',NULL,NULL),
(750,41,'Aringay',0,0,NULL,'2020-02-19 09:49:21',NULL,NULL),
(751,41,'Bacnotan',0,0,NULL,'2020-02-19 09:49:22',NULL,NULL),
(752,41,'Bagulin',0,0,NULL,'2020-02-19 09:49:22',NULL,NULL),
(753,41,'Balaoan',0,0,NULL,'2020-02-19 09:49:22',NULL,NULL),
(754,41,'Bangar',0,0,NULL,'2020-02-19 09:49:22',NULL,NULL),
(755,41,'Bauang',0,0,NULL,'2020-02-19 09:49:22',NULL,NULL),
(756,41,'Burgos',0,0,NULL,'2020-02-19 09:49:22',NULL,NULL),
(757,41,'Caba',0,0,NULL,'2020-02-19 09:49:22',NULL,NULL),
(758,41,'Luna',0,0,NULL,'2020-02-19 09:49:22',NULL,NULL),
(759,41,'Naguilian',0,0,NULL,'2020-02-19 09:49:22',NULL,NULL),
(760,41,'Pugo',0,0,NULL,'2020-02-19 09:49:22',NULL,NULL),
(761,41,'Rosario',0,0,NULL,'2020-02-19 09:49:22',NULL,NULL),
(762,41,'San Fernando',0,0,NULL,'2020-02-19 09:49:22',NULL,NULL),
(763,41,'San Gabriel',0,0,NULL,'2020-02-19 09:49:22',NULL,NULL),
(764,41,'San Juan',0,0,NULL,'2020-02-19 09:49:22',NULL,NULL),
(765,41,'Santo Tomas',0,0,NULL,'2020-02-19 09:49:22',NULL,NULL),
(766,41,'Santol',0,0,NULL,'2020-02-19 09:49:22',NULL,NULL),
(767,41,'Sudipen',0,0,NULL,'2020-02-19 09:49:22',NULL,NULL),
(768,41,'Tubao',0,0,NULL,'2020-02-19 09:49:22',NULL,NULL),
(769,42,'Alaminos',0,0,NULL,'2020-02-19 09:49:22',NULL,NULL),
(770,42,'Bay',0,0,NULL,'2020-02-19 09:49:22',NULL,NULL),
(771,42,'Bian City',1,0,NULL,'2020-02-19 09:49:22',NULL,NULL),
(772,42,'Cabuyao',1,1,NULL,'2020-02-19 09:49:22',NULL,NULL),
(773,42,'Calamba City',1,1,NULL,'2020-02-19 09:49:22','2020-06-01 16:46:11',NULL),
(774,42,'Calauan',0,0,NULL,'2020-02-19 09:49:22',NULL,NULL),
(775,42,'Cavinti',0,0,NULL,'2020-02-19 09:49:23',NULL,NULL),
(776,42,'Famy',0,0,NULL,'2020-02-19 09:49:23',NULL,NULL),
(777,42,'Kalayaan',0,0,NULL,'2020-02-19 09:49:23',NULL,NULL),
(778,42,'Liliw',0,0,NULL,'2020-02-19 09:49:23',NULL,NULL),
(779,42,'Los Baos',0,0,NULL,'2020-02-19 09:49:23',NULL,NULL),
(780,42,'Luisiana',0,0,NULL,'2020-02-19 09:49:23',NULL,NULL),
(781,42,'Lumban',0,0,NULL,'2020-02-19 09:49:23',NULL,NULL),
(782,42,'Mabitac',0,0,NULL,'2020-02-19 09:49:23',NULL,NULL),
(783,42,'Magdalena',0,0,NULL,'2020-02-19 09:49:23',NULL,NULL),
(784,42,'Majayjay',0,0,NULL,'2020-02-19 09:49:23',NULL,NULL),
(785,42,'Nagcarlan',0,0,NULL,'2020-02-19 09:49:23',NULL,NULL),
(786,42,'Paete',0,0,NULL,'2020-02-19 09:49:23',NULL,NULL),
(787,42,'Pagsanjan',0,0,NULL,'2020-02-19 09:49:23',NULL,NULL),
(788,42,'Pakil',0,0,NULL,'2020-02-19 09:49:23',NULL,NULL),
(789,42,'Pangil',0,0,NULL,'2020-02-19 09:49:23',NULL,NULL),
(790,42,'Pila',0,0,NULL,'2020-02-19 09:49:23',NULL,NULL),
(791,42,'Rizal',0,0,NULL,'2020-02-19 09:49:23',NULL,NULL),
(792,42,'San Pablo City',0,1,NULL,'2020-02-19 09:49:23',NULL,NULL),
(793,42,'San Pedro',0,0,NULL,'2020-02-19 09:49:23',NULL,NULL),
(794,42,'Santa Cruz',0,0,NULL,'2020-02-19 09:49:23',NULL,NULL),
(795,42,'Santa Maria',0,0,NULL,'2020-02-19 09:49:23',NULL,NULL),
(796,42,'Santa Rosa',1,0,NULL,'2020-02-19 09:49:23',NULL,NULL),
(797,42,'Siniloan',0,0,NULL,'2020-02-19 09:49:23',NULL,NULL),
(798,42,'Victoria',0,0,NULL,'2020-02-19 09:49:23',NULL,NULL),
(799,43,'Bacolod',0,0,NULL,'2020-02-19 09:49:23',NULL,NULL),
(800,43,'Baloi',0,0,NULL,'2020-02-19 09:49:24',NULL,NULL),
(801,43,'Baroy',0,0,NULL,'2020-02-19 09:49:24',NULL,NULL),
(802,43,'Iligan',0,0,NULL,'2020-02-19 09:49:24',NULL,NULL),
(803,43,'Kapatagan',0,0,NULL,'2020-02-19 09:49:24',NULL,NULL),
(804,43,'Kauswagan',0,0,NULL,'2020-02-19 09:49:24',NULL,NULL),
(805,43,'Kolambugan',0,0,NULL,'2020-02-19 09:49:24',NULL,NULL),
(806,43,'Lala',0,0,NULL,'2020-02-19 09:49:24',NULL,NULL),
(807,43,'Linamon',0,0,NULL,'2020-02-19 09:49:24',NULL,NULL),
(808,43,'Magsaysay',0,0,NULL,'2020-02-19 09:49:24',NULL,NULL),
(809,43,'Maigo',0,0,NULL,'2020-02-19 09:49:24',NULL,NULL),
(810,43,'Matungao',0,0,NULL,'2020-02-19 09:49:24',NULL,NULL),
(811,43,'Munai',0,0,NULL,'2020-02-19 09:49:24',NULL,NULL),
(812,43,'Nunungan',0,0,NULL,'2020-02-19 09:49:24',NULL,NULL),
(813,43,'Pantao Ragat',0,0,NULL,'2020-02-19 09:49:24',NULL,NULL),
(814,43,'Pantar',0,0,NULL,'2020-02-19 09:49:24',NULL,NULL),
(815,43,'Poona Piagapo',0,0,NULL,'2020-02-19 09:49:24',NULL,NULL),
(816,43,'Salvador',0,0,NULL,'2020-02-19 09:49:24',NULL,NULL),
(817,43,'Sapad',0,0,NULL,'2020-02-19 09:49:24',NULL,NULL),
(818,43,'Sultan Naga Dimaporo (Karomatan)',0,0,NULL,'2020-02-19 09:49:24',NULL,NULL),
(819,43,'Tagoloan',0,0,NULL,'2020-02-19 09:49:24',NULL,NULL),
(820,43,'Tangcal',0,0,NULL,'2020-02-19 09:49:24',NULL,NULL),
(821,43,'Tubod',0,0,NULL,'2020-02-19 09:49:25',NULL,NULL),
(822,44,'Amai Manabilang (Bumbaran)',0,0,NULL,'2020-02-19 09:49:25',NULL,NULL),
(823,44,'Bacolod-Kalawi (Bacolod-Grande)',0,0,NULL,'2020-02-19 09:49:25',NULL,NULL),
(824,44,'Balabagan',0,0,NULL,'2020-02-19 09:49:25',NULL,NULL),
(825,44,'Balindong (Watu)',0,0,NULL,'2020-02-19 09:49:25',NULL,NULL),
(826,44,'Bayang',0,0,NULL,'2020-02-19 09:49:25',NULL,NULL),
(827,44,'Binidayan',0,0,NULL,'2020-02-19 09:49:25',NULL,NULL),
(828,44,'Buadiposo-Buntong',0,0,NULL,'2020-02-19 09:49:25',NULL,NULL),
(829,44,'Bubong',0,0,NULL,'2020-02-19 09:49:25',NULL,NULL),
(830,44,'Butig',0,0,NULL,'2020-02-19 09:49:25',NULL,NULL),
(831,44,'Calanogas',0,0,NULL,'2020-02-19 09:49:25',NULL,NULL),
(832,44,'Ditsaan-Ramain',0,0,NULL,'2020-02-19 09:49:25',NULL,NULL),
(833,44,'Ganassi',0,0,NULL,'2020-02-19 09:49:25',NULL,NULL),
(834,44,'Kapai',0,0,NULL,'2020-02-19 09:49:25',NULL,NULL),
(835,44,'Kapatagan',0,0,NULL,'2020-02-19 09:49:25',NULL,NULL),
(836,44,'Lumba-Bayabao (Maguing)',0,0,NULL,'2020-02-19 09:49:25',NULL,NULL),
(837,44,'Lumbaca-Unayan',0,0,NULL,'2020-02-19 09:49:25',NULL,NULL),
(838,44,'Lumbatan',0,0,NULL,'2020-02-19 09:49:25',NULL,NULL),
(839,44,'Lumbayanague',0,0,NULL,'2020-02-19 09:49:25',NULL,NULL),
(840,44,'Madalum',0,0,NULL,'2020-02-19 09:49:25',NULL,NULL),
(841,44,'Madamba',0,0,NULL,'2020-02-19 09:49:25',NULL,NULL),
(842,44,'Maguing',0,0,NULL,'2020-02-19 09:49:25',NULL,NULL),
(843,44,'Malabang',0,0,NULL,'2020-02-19 09:49:25',NULL,NULL),
(844,44,'Marantao',0,0,NULL,'2020-02-19 09:49:25',NULL,NULL),
(845,44,'Marawi',0,0,NULL,'2020-02-19 09:49:25',NULL,NULL),
(846,44,'Marogong',0,0,NULL,'2020-02-19 09:49:26',NULL,NULL),
(847,44,'Masiu',0,0,NULL,'2020-02-19 09:49:26',NULL,NULL),
(848,44,'Mulondo',0,0,NULL,'2020-02-19 09:49:26',NULL,NULL),
(849,44,'Pagayawan (Tatarikan)',0,0,NULL,'2020-02-19 09:49:26',NULL,NULL),
(850,44,'Piagapo',0,0,NULL,'2020-02-19 09:49:26',NULL,NULL),
(851,44,'Picong (Sultan Gumander)',0,0,NULL,'2020-02-19 09:49:26',NULL,NULL),
(852,44,'Poona Bayabao (Gata)',0,0,NULL,'2020-02-19 09:49:26',NULL,NULL),
(853,44,'Pualas',0,0,NULL,'2020-02-19 09:49:26',NULL,NULL),
(854,44,'Saguiaran',0,0,NULL,'2020-02-19 09:49:26',NULL,NULL),
(855,44,'Sultan Dumalondong',0,0,NULL,'2020-02-19 09:49:26',NULL,NULL),
(856,44,'Tagoloan II',0,0,NULL,'2020-02-19 09:49:26',NULL,NULL),
(857,44,'Tamparan',0,0,NULL,'2020-02-19 09:49:26',NULL,NULL),
(858,44,'Taraka',0,0,NULL,'2020-02-19 09:49:26',NULL,NULL),
(859,44,'Tubaran',0,0,NULL,'2020-02-19 09:49:26',NULL,NULL),
(860,44,'Tugaya',0,0,NULL,'2020-02-19 09:49:26',NULL,NULL),
(861,44,'Wao',0,0,NULL,'2020-02-19 09:49:26',NULL,NULL),
(862,45,'Abuyog',0,0,NULL,'2020-02-19 09:49:26',NULL,NULL),
(863,45,'Alangalang',0,0,NULL,'2020-02-19 09:49:26',NULL,NULL),
(864,45,'Albuera',0,0,NULL,'2020-02-19 09:49:26',NULL,NULL),
(865,45,'Babatngon',0,0,NULL,'2020-02-19 09:49:26',NULL,NULL),
(866,45,'Barugo',0,0,NULL,'2020-02-19 09:49:26',NULL,NULL),
(867,45,'Bato',0,0,NULL,'2020-02-19 09:49:26',NULL,NULL),
(868,45,'Baybay',0,0,NULL,'2020-02-19 09:49:26',NULL,NULL),
(869,45,'Burauen',0,0,NULL,'2020-02-19 09:49:26',NULL,NULL),
(870,45,'Calubian',0,0,NULL,'2020-02-19 09:49:27',NULL,NULL),
(871,45,'Capoocan',0,0,NULL,'2020-02-19 09:49:27',NULL,NULL),
(872,45,'Carigara',0,0,NULL,'2020-02-19 09:49:27',NULL,NULL),
(873,45,'Dagami',0,0,NULL,'2020-02-19 09:49:27',NULL,NULL),
(874,45,'Dulag',0,0,NULL,'2020-02-19 09:49:27',NULL,NULL),
(875,45,'Hilongos',0,0,NULL,'2020-02-19 09:49:27',NULL,NULL),
(876,45,'Hindang',0,0,NULL,'2020-02-19 09:49:27',NULL,NULL),
(877,45,'Inopacan',0,0,NULL,'2020-02-19 09:49:27',NULL,NULL),
(878,45,'Isabel',0,0,NULL,'2020-02-19 09:49:27',NULL,NULL),
(879,45,'Jaro',0,0,NULL,'2020-02-19 09:49:27',NULL,NULL),
(880,45,'Javier (Bugho)',0,0,NULL,'2020-02-19 09:49:27',NULL,NULL),
(881,45,'Julita',0,0,NULL,'2020-02-19 09:49:27',NULL,NULL),
(882,45,'Kananga',0,0,NULL,'2020-02-19 09:49:27',NULL,NULL),
(883,45,'La Paz',0,0,NULL,'2020-02-19 09:49:27',NULL,NULL),
(884,45,'Leyte',0,0,NULL,'2020-02-19 09:49:27',NULL,NULL),
(885,45,'MacArthur',0,0,NULL,'2020-02-19 09:49:27',NULL,NULL),
(886,45,'Mahaplag',0,0,NULL,'2020-02-19 09:49:27',NULL,NULL),
(887,45,'Matag-ob',0,0,NULL,'2020-02-19 09:49:27',NULL,NULL),
(888,45,'Matalom',0,0,NULL,'2020-02-19 09:49:27',NULL,NULL),
(889,45,'Mayorga',0,0,NULL,'2020-02-19 09:49:27',NULL,NULL),
(890,45,'Merida',0,0,NULL,'2020-02-19 09:49:27',NULL,NULL),
(891,45,'Ormoc',0,0,NULL,'2020-02-19 09:49:27',NULL,NULL),
(892,45,'Palo',0,0,NULL,'2020-02-19 09:49:27',NULL,NULL),
(893,45,'Palompon',0,0,NULL,'2020-02-19 09:49:27',NULL,NULL),
(894,45,'Pastrana',0,0,NULL,'2020-02-19 09:49:27',NULL,NULL),
(895,45,'San Isidro',0,0,NULL,'2020-02-19 09:49:27',NULL,NULL),
(896,45,'San Miguel',0,0,NULL,'2020-02-19 09:49:27',NULL,NULL),
(897,45,'Santa Fe',0,0,NULL,'2020-02-19 09:49:28',NULL,NULL),
(898,45,'Tabango',0,0,NULL,'2020-02-19 09:49:28',NULL,NULL),
(899,45,'Tabontabon',0,0,NULL,'2020-02-19 09:49:28',NULL,NULL),
(900,45,'Tacloban',0,0,NULL,'2020-02-19 09:49:28',NULL,NULL),
(901,45,'Tanauan',0,0,NULL,'2020-02-19 09:49:28',NULL,NULL),
(902,45,'Tolosa',0,0,NULL,'2020-02-19 09:49:28',NULL,NULL),
(903,45,'Tunga',0,0,NULL,'2020-02-19 09:49:28',NULL,NULL),
(904,45,'Villaba',0,0,NULL,'2020-02-19 09:49:28',NULL,NULL),
(905,46,'Ampatuan',0,0,NULL,'2020-02-19 09:49:28',NULL,NULL),
(906,46,'Barira',0,0,NULL,'2020-02-19 09:49:28',NULL,NULL),
(907,46,'Buldon',0,0,NULL,'2020-02-19 09:49:28',NULL,NULL),
(908,46,'Buluan',0,0,NULL,'2020-02-19 09:49:28',NULL,NULL),
(909,46,'Cotabato City',0,0,NULL,'2020-02-19 09:49:28',NULL,NULL),
(910,46,'Datu Abdullah Sangki',0,0,NULL,'2020-02-19 09:49:28',NULL,NULL),
(911,46,'Datu Anggal Midtimbang',0,0,NULL,'2020-02-19 09:49:28',NULL,NULL),
(912,46,'Datu Blah T. Sinsuat',0,0,NULL,'2020-02-19 09:49:28',NULL,NULL),
(913,46,'Datu Hoffer Ampatuan',0,0,NULL,'2020-02-19 09:49:28',NULL,NULL),
(914,46,'Datu Montawal (Pagagawan)',0,0,NULL,'2020-02-19 09:49:28',NULL,NULL),
(915,46,'Datu Odin Sinsuat',0,0,NULL,'2020-02-19 09:49:28',NULL,NULL),
(916,46,'Datu Paglas',0,0,NULL,'2020-02-19 09:49:28',NULL,NULL),
(917,46,'Datu Piang (Dulawan)',0,0,NULL,'2020-02-19 09:49:28',NULL,NULL),
(918,46,'Datu Salibo',0,0,NULL,'2020-02-19 09:49:28',NULL,NULL),
(919,46,'Datu Saudi-Ampatuan',0,0,NULL,'2020-02-19 09:49:28',NULL,NULL),
(920,46,'Datu Unsay',0,0,NULL,'2020-02-19 09:49:28',NULL,NULL),
(921,46,'General Salipada K. Pendatun',0,0,NULL,'2020-02-19 09:49:28',NULL,NULL),
(922,46,'Guindulungan',0,0,NULL,'2020-02-19 09:49:28',NULL,NULL),
(923,46,'Kabuntalan',0,0,NULL,'2020-02-19 09:49:28',NULL,NULL),
(924,46,'Mamasapano',0,0,NULL,'2020-02-19 09:49:29',NULL,NULL),
(925,46,'Mangudadatu',0,0,NULL,'2020-02-19 09:49:29',NULL,NULL),
(926,46,'Matanog',0,0,NULL,'2020-02-19 09:49:29',NULL,NULL),
(927,46,'Northern Kabuntalan',0,0,NULL,'2020-02-19 09:49:29',NULL,NULL),
(928,46,'Pagalungan',0,0,NULL,'2020-02-19 09:49:29',NULL,NULL),
(929,46,'Paglat',0,0,NULL,'2020-02-19 09:49:29',NULL,NULL),
(930,46,'Pandag',0,0,NULL,'2020-02-19 09:49:29',NULL,NULL),
(931,46,'Parang',0,0,NULL,'2020-02-19 09:49:29',NULL,NULL),
(932,46,'Rajah Buayan',0,0,NULL,'2020-02-19 09:49:29',NULL,NULL),
(933,46,'Shariff Aguak (Maganoy)',0,0,NULL,'2020-02-19 09:49:29',NULL,NULL),
(934,46,'Shariff Saydona Mustapha',0,0,NULL,'2020-02-19 09:49:29',NULL,NULL),
(935,46,'South Upi',0,0,NULL,'2020-02-19 09:49:29',NULL,NULL),
(936,46,'Sultan Kudarat (Nuling)',0,0,NULL,'2020-02-19 09:49:29',NULL,NULL),
(937,46,'Sultan Mastura',0,0,NULL,'2020-02-19 09:49:29',NULL,NULL),
(938,46,'Sultan sa Barongis (Lambayong)',0,0,NULL,'2020-02-19 09:49:29',NULL,NULL),
(939,46,'Sultan Sumagka (Talitay)',0,0,NULL,'2020-02-19 09:49:29',NULL,NULL),
(940,46,'Talayan',0,0,NULL,'2020-02-19 09:49:29',NULL,NULL),
(941,46,'Upi',0,0,NULL,'2020-02-19 09:49:29',NULL,NULL),
(942,47,'Boac',0,0,NULL,'2020-02-19 09:49:29',NULL,NULL),
(943,47,'Buenavista',0,0,NULL,'2020-02-19 09:49:29',NULL,NULL),
(944,47,'Gasan',0,0,NULL,'2020-02-19 09:49:29',NULL,NULL),
(945,47,'Mogpog',0,0,NULL,'2020-02-19 09:49:29',NULL,NULL),
(946,47,'Santa Cruz',0,0,NULL,'2020-02-19 09:49:29',NULL,NULL),
(947,47,'Torrijos',0,0,NULL,'2020-02-19 09:49:29',NULL,NULL),
(948,48,'Aroroy',0,0,NULL,'2020-02-19 09:49:29',NULL,NULL),
(949,48,'Baleno',0,0,NULL,'2020-02-19 09:49:30',NULL,NULL),
(950,48,'Balud',0,0,NULL,'2020-02-19 09:49:30',NULL,NULL),
(951,48,'Batuan',0,0,NULL,'2020-02-19 09:49:30',NULL,NULL),
(952,48,'Cataingan',0,0,NULL,'2020-02-19 09:49:30',NULL,NULL),
(953,48,'Cawayan',0,0,NULL,'2020-02-19 09:49:30',NULL,NULL),
(954,48,'Claveria',0,0,NULL,'2020-02-19 09:49:30',NULL,NULL),
(955,48,'Dimasalang',0,0,NULL,'2020-02-19 09:49:30',NULL,NULL),
(956,48,'Esperanza',0,0,NULL,'2020-02-19 09:49:30',NULL,NULL),
(957,48,'Mandaon',0,0,NULL,'2020-02-19 09:49:30',NULL,NULL),
(958,48,'Masbate City',0,0,NULL,'2020-02-19 09:49:30',NULL,NULL),
(959,48,'Milagros',0,0,NULL,'2020-02-19 09:49:30',NULL,NULL),
(960,48,'Mobo',0,0,NULL,'2020-02-19 09:49:30',NULL,NULL),
(961,48,'Monreal',0,0,NULL,'2020-02-19 09:49:30',NULL,NULL),
(962,48,'Palanas',0,0,NULL,'2020-02-19 09:49:30',NULL,NULL),
(963,48,'Pio V. Corpuz',0,0,NULL,'2020-02-19 09:49:30',NULL,NULL),
(964,48,'Placer',0,0,NULL,'2020-02-19 09:49:30',NULL,NULL),
(965,48,'San Fernando',0,0,NULL,'2020-02-19 09:49:30',NULL,NULL),
(966,48,'San Jacinto',0,0,NULL,'2020-02-19 09:49:30',NULL,NULL),
(967,48,'San Pascual',0,0,NULL,'2020-02-19 09:49:30',NULL,NULL),
(968,48,'Uson',0,0,NULL,'2020-02-19 09:49:30',NULL,NULL),
(969,49,'Caloocan City',0,0,NULL,'2020-02-19 09:49:30',NULL,NULL),
(970,49,'Las Pias City',0,0,NULL,'2020-02-19 09:49:30',NULL,NULL),
(971,49,'Makati City',1,0,NULL,'2020-02-19 09:49:30',NULL,NULL),
(972,49,'Malabon City',0,0,NULL,'2020-02-19 09:49:30',NULL,NULL),
(973,49,'Mandaluyong City',0,0,NULL,'2020-02-19 09:49:30',NULL,NULL),
(974,49,'City of Manila',0,0,NULL,'2020-02-19 09:49:30',NULL,NULL),
(975,49,'Marikina City',0,0,NULL,'2020-02-19 09:49:30',NULL,NULL),
(976,49,'Muntinlupa City',0,0,NULL,'2020-02-19 09:49:30',NULL,NULL),
(977,49,'Navotas City',0,0,NULL,'2020-02-19 09:49:31',NULL,NULL),
(978,49,'Paraaque City',0,0,NULL,'2020-02-19 09:49:31',NULL,NULL),
(979,49,'Pasay City',0,0,NULL,'2020-02-19 09:49:31',NULL,NULL),
(980,49,'Pasig City',0,0,NULL,'2020-02-19 09:49:31',NULL,NULL),
(981,49,'Pateros',0,0,NULL,'2020-02-19 09:49:31',NULL,NULL),
(982,49,'Quezon City',0,0,NULL,'2020-02-19 09:49:31',NULL,NULL),
(983,49,'San Juan City',0,0,NULL,'2020-02-19 09:49:31',NULL,NULL),
(984,49,'Taguig City',1,0,NULL,'2020-02-19 09:49:31',NULL,NULL),
(985,49,'Valenzuela',0,0,NULL,'2020-02-19 09:49:31',NULL,NULL),
(986,50,'Aloran',0,0,NULL,'2020-02-19 09:49:31',NULL,NULL),
(987,50,'Baliangao',0,0,NULL,'2020-02-19 09:49:31',NULL,NULL),
(988,50,'Bonifacio',0,0,NULL,'2020-02-19 09:49:31',NULL,NULL),
(989,50,'Calamba',0,0,NULL,'2020-02-19 09:49:31',NULL,NULL),
(990,50,'Clarin',0,0,NULL,'2020-02-19 09:49:31',NULL,NULL),
(991,50,'Concepcion',0,0,NULL,'2020-02-19 09:49:31',NULL,NULL),
(992,50,'Don Victoriano Chiongbian (Don Mariano Marcos)',0,0,NULL,'2020-02-19 09:49:31',NULL,NULL),
(993,50,'Jimenez',0,0,NULL,'2020-02-19 09:49:31',NULL,NULL),
(994,50,'Lopez Jaena',0,0,NULL,'2020-02-19 09:49:31',NULL,NULL),
(995,50,'Oroquieta',0,0,NULL,'2020-02-19 09:49:31',NULL,NULL),
(996,50,'Ozamiz',0,0,NULL,'2020-02-19 09:49:31',NULL,NULL),
(997,50,'Panaon',0,0,NULL,'2020-02-19 09:49:31',NULL,NULL),
(998,50,'Plaridel',0,0,NULL,'2020-02-19 09:49:31',NULL,NULL),
(999,50,'Sapang Dalaga',0,0,NULL,'2020-02-19 09:49:31',NULL,NULL),
(1000,50,'Sinacaban',0,0,NULL,'2020-02-19 09:49:31',NULL,NULL),
(1001,50,'Tangub',0,0,NULL,'2020-02-19 09:49:31',NULL,NULL),
(1002,50,'Tudela',0,0,NULL,'2020-02-19 09:49:31',NULL,NULL),
(1003,51,'Alubijid',0,0,NULL,'2020-02-19 09:49:32',NULL,NULL),
(1004,51,'Balingasag',0,0,NULL,'2020-02-19 09:49:32',NULL,NULL),
(1005,51,'Balingoan',0,0,NULL,'2020-02-19 09:49:32',NULL,NULL),
(1006,51,'Binuangan',0,0,NULL,'2020-02-19 09:49:32',NULL,NULL),
(1007,51,'Cagayan de Oro',0,0,NULL,'2020-02-19 09:49:32',NULL,NULL),
(1008,51,'Claveria',0,0,NULL,'2020-02-19 09:49:32',NULL,NULL),
(1009,51,'El Salvador',0,0,NULL,'2020-02-19 09:49:32',NULL,NULL),
(1010,51,'Gingoog',0,0,NULL,'2020-02-19 09:49:32',NULL,NULL),
(1011,51,'Gitagum',0,0,NULL,'2020-02-19 09:49:32',NULL,NULL),
(1012,51,'Initao',0,0,NULL,'2020-02-19 09:49:32',NULL,NULL),
(1013,51,'Jasaan',0,0,NULL,'2020-02-19 09:49:32',NULL,NULL),
(1014,51,'Kinoguitan',0,0,NULL,'2020-02-19 09:49:32',NULL,NULL),
(1015,51,'Lagonglong',0,0,NULL,'2020-02-19 09:49:32',NULL,NULL),
(1016,51,'Laguindingan',0,0,NULL,'2020-02-19 09:49:32',NULL,NULL),
(1017,51,'Libertad',0,0,NULL,'2020-02-19 09:49:32',NULL,NULL),
(1018,51,'Lugait',0,0,NULL,'2020-02-19 09:49:32',NULL,NULL),
(1019,51,'Magsaysay',0,0,NULL,'2020-02-19 09:49:32',NULL,NULL),
(1020,51,'Manticao',0,0,NULL,'2020-02-19 09:49:32',NULL,NULL),
(1021,51,'Medina',0,0,NULL,'2020-02-19 09:49:32',NULL,NULL),
(1022,51,'Naawan',0,0,NULL,'2020-02-19 09:49:32',NULL,NULL),
(1023,51,'Opol',0,0,NULL,'2020-02-19 09:49:33',NULL,NULL),
(1024,51,'Salay',0,0,NULL,'2020-02-19 09:49:33',NULL,NULL),
(1025,51,'Sugbongcogon',0,0,NULL,'2020-02-19 09:49:33',NULL,NULL),
(1026,51,'Tagoloan',0,0,NULL,'2020-02-19 09:49:33',NULL,NULL),
(1027,51,'Talisayan',0,0,NULL,'2020-02-19 09:49:33',NULL,NULL),
(1028,51,'Villanueva',0,0,NULL,'2020-02-19 09:49:33',NULL,NULL),
(1029,52,'Barlig',0,0,NULL,'2020-02-19 09:49:33',NULL,NULL),
(1030,52,'Bauko',0,0,NULL,'2020-02-19 09:49:33',NULL,NULL),
(1031,52,'Besao',0,0,NULL,'2020-02-19 09:49:33',NULL,NULL),
(1032,52,'Bontoc',0,0,NULL,'2020-02-19 09:49:33',NULL,NULL),
(1033,52,'Natonin',0,0,NULL,'2020-02-19 09:49:33',NULL,NULL),
(1034,52,'Paracelis',0,0,NULL,'2020-02-19 09:49:33',NULL,NULL),
(1035,52,'Sabangan',0,0,NULL,'2020-02-19 09:49:33',NULL,NULL),
(1036,52,'Sadanga',0,0,NULL,'2020-02-19 09:49:33',NULL,NULL),
(1037,52,'Sagada',0,0,NULL,'2020-02-19 09:49:33',NULL,NULL),
(1038,52,'Tadian',0,0,NULL,'2020-02-19 09:49:33',NULL,NULL),
(1039,53,'Bacolod',0,0,NULL,'2020-02-19 09:49:33',NULL,NULL),
(1040,53,'Bago',0,0,NULL,'2020-02-19 09:49:34',NULL,NULL),
(1041,53,'Binalbagan',0,0,NULL,'2020-02-19 09:49:34',NULL,NULL),
(1042,53,'Cadiz',0,0,NULL,'2020-02-19 09:49:34',NULL,NULL),
(1043,53,'Calatrava',0,0,NULL,'2020-02-19 09:49:34',NULL,NULL),
(1044,53,'Candoni',0,0,NULL,'2020-02-19 09:49:34',NULL,NULL),
(1045,53,'Cauayan',0,0,NULL,'2020-02-19 09:49:34',NULL,NULL),
(1046,53,'Enrique B. Magalona (Saravia)',0,0,NULL,'2020-02-19 09:49:34',NULL,NULL),
(1047,53,'Escalante',0,0,NULL,'2020-02-19 09:49:34',NULL,NULL),
(1048,53,'Himamaylan',0,0,NULL,'2020-02-19 09:49:34',NULL,NULL),
(1049,53,'Hinigaran',0,0,NULL,'2020-02-19 09:49:34',NULL,NULL),
(1050,53,'Hinoba-an (Asia)',0,0,NULL,'2020-02-19 09:49:34',NULL,NULL),
(1051,53,'Ilog',0,0,NULL,'2020-02-19 09:49:34',NULL,NULL),
(1052,53,'Isabela',0,0,NULL,'2020-02-19 09:49:34',NULL,NULL),
(1053,53,'Kabankalan',0,0,NULL,'2020-02-19 09:49:34',NULL,NULL),
(1054,53,'La Carlota',0,0,NULL,'2020-02-19 09:49:34',NULL,NULL),
(1055,53,'La Castellana',0,0,NULL,'2020-02-19 09:49:34',NULL,NULL),
(1056,53,'Manapla',0,0,NULL,'2020-02-19 09:49:34',NULL,NULL),
(1057,53,'Moises Padilla (Magallon)',0,0,NULL,'2020-02-19 09:49:34',NULL,NULL),
(1058,53,'Murcia',0,0,NULL,'2020-02-19 09:49:34',NULL,NULL),
(1059,53,'Pontevedra',0,0,NULL,'2020-02-19 09:49:34',NULL,NULL),
(1060,53,'Pulupandan',0,0,NULL,'2020-02-19 09:49:34',NULL,NULL),
(1061,53,'Sagay',0,0,NULL,'2020-02-19 09:49:34',NULL,NULL),
(1062,53,'Salvador Benedicto',0,0,NULL,'2020-02-19 09:49:34',NULL,NULL),
(1063,53,'San Carlos',0,0,NULL,'2020-02-19 09:49:34',NULL,NULL),
(1064,53,'San Enrique',0,0,NULL,'2020-02-19 09:49:34',NULL,NULL),
(1065,53,'Silay',0,0,NULL,'2020-02-19 09:49:35',NULL,NULL),
(1066,53,'Sipalay',0,0,NULL,'2020-02-19 09:49:35',NULL,NULL),
(1067,53,'Talisay',0,0,NULL,'2020-02-19 09:49:35',NULL,NULL),
(1068,53,'Toboso',0,0,NULL,'2020-02-19 09:49:35',NULL,NULL),
(1069,53,'Valladolid',0,0,NULL,'2020-02-19 09:49:35',NULL,NULL),
(1070,53,'Victorias',0,0,NULL,'2020-02-19 09:49:35',NULL,NULL),
(1071,54,'Amlan (Ayuquitan)',0,0,NULL,'2020-02-19 09:49:35',NULL,NULL),
(1072,54,'Ayungon',0,0,NULL,'2020-02-19 09:49:35',NULL,NULL),
(1073,54,'Bacong',0,0,NULL,'2020-02-19 09:49:35',NULL,NULL),
(1074,54,'Bais',0,0,NULL,'2020-02-19 09:49:35',NULL,NULL),
(1075,54,'Basay',0,0,NULL,'2020-02-19 09:49:35',NULL,NULL),
(1076,54,'Bayawan (Tulong)',0,0,NULL,'2020-02-19 09:49:35',NULL,NULL),
(1077,54,'Bindoy (Payabon)',0,0,NULL,'2020-02-19 09:49:35',NULL,NULL),
(1078,54,'Canlaon',0,0,NULL,'2020-02-19 09:49:35',NULL,NULL),
(1079,54,'Dauin',0,0,NULL,'2020-02-19 09:49:35',NULL,NULL),
(1080,54,'Dumaguete',0,0,NULL,'2020-02-19 09:49:35',NULL,NULL),
(1081,54,'Guihulngan',0,0,NULL,'2020-02-19 09:49:35',NULL,NULL),
(1082,54,'Jimalalud',0,0,NULL,'2020-02-19 09:49:35',NULL,NULL),
(1083,54,'La Libertad',0,0,NULL,'2020-02-19 09:49:35',NULL,NULL),
(1084,54,'Mabinay',0,0,NULL,'2020-02-19 09:49:35',NULL,NULL),
(1085,54,'Manjuyod',0,0,NULL,'2020-02-19 09:49:35',NULL,NULL),
(1086,54,'Pamplona',0,0,NULL,'2020-02-19 09:49:35',NULL,NULL),
(1087,54,'San Jose',0,0,NULL,'2020-02-19 09:49:35',NULL,NULL),
(1088,54,'Santa Catalina',0,0,NULL,'2020-02-19 09:49:35',NULL,NULL),
(1089,54,'Siaton',0,0,NULL,'2020-02-19 09:49:35',NULL,NULL),
(1090,54,'Sibulan',0,0,NULL,'2020-02-19 09:49:35',NULL,NULL),
(1091,54,'Tanjay',0,0,NULL,'2020-02-19 09:49:36',NULL,NULL),
(1092,54,'Tayasan',0,0,NULL,'2020-02-19 09:49:36',NULL,NULL),
(1093,54,'Valencia (Luzurriaga)',0,0,NULL,'2020-02-19 09:49:36',NULL,NULL),
(1094,54,'Vallehermoso',0,0,NULL,'2020-02-19 09:49:36',NULL,NULL),
(1095,54,'Zamboanguita',0,0,NULL,'2020-02-19 09:49:36',NULL,NULL),
(1096,55,'Allen',0,0,NULL,'2020-02-19 09:49:36',NULL,NULL),
(1097,55,'Biri',0,0,NULL,'2020-02-19 09:49:36',NULL,NULL),
(1098,55,'Bobon',0,0,NULL,'2020-02-19 09:49:36',NULL,NULL),
(1099,55,'Capul',0,0,NULL,'2020-02-19 09:49:36',NULL,NULL),
(1100,55,'Catarman',0,0,NULL,'2020-02-19 09:49:36',NULL,NULL),
(1101,55,'Catubig',0,0,NULL,'2020-02-19 09:49:36',NULL,NULL),
(1102,55,'Gamay',0,0,NULL,'2020-02-19 09:49:36',NULL,NULL),
(1103,55,'Laoang',0,0,NULL,'2020-02-19 09:49:36',NULL,NULL),
(1104,55,'Lapinig',0,0,NULL,'2020-02-19 09:49:36',NULL,NULL),
(1105,55,'Las Navas',0,0,NULL,'2020-02-19 09:49:36',NULL,NULL),
(1106,55,'Lavezares',0,0,NULL,'2020-02-19 09:49:36',NULL,NULL),
(1107,55,'Lope de Vega',0,0,NULL,'2020-02-19 09:49:36',NULL,NULL),
(1108,55,'Mapanas',0,0,NULL,'2020-02-19 09:49:36',NULL,NULL),
(1109,55,'Mondragon',0,0,NULL,'2020-02-19 09:49:36',NULL,NULL),
(1110,55,'Palapag',0,0,NULL,'2020-02-19 09:49:36',NULL,NULL),
(1111,55,'Pambujan',0,0,NULL,'2020-02-19 09:49:36',NULL,NULL),
(1112,55,'Rosario',0,0,NULL,'2020-02-19 09:49:36',NULL,NULL),
(1113,55,'San Antonio',0,0,NULL,'2020-02-19 09:49:36',NULL,NULL),
(1114,55,'San Isidro',0,0,NULL,'2020-02-19 09:49:36',NULL,NULL),
(1115,55,'San Jose',0,0,NULL,'2020-02-19 09:49:37',NULL,NULL),
(1116,55,'San Roque',0,0,NULL,'2020-02-19 09:49:37',NULL,NULL),
(1117,55,'San Vicente',0,0,NULL,'2020-02-19 09:49:37',NULL,NULL),
(1118,55,'Silvino Lobos',0,0,NULL,'2020-02-19 09:49:37',NULL,NULL),
(1119,55,'Victoria',0,0,NULL,'2020-02-19 09:49:37',NULL,NULL),
(1120,56,'Aliaga',0,0,NULL,'2020-02-19 09:49:37',NULL,NULL),
(1121,56,'Bongabon',0,0,NULL,'2020-02-19 09:49:37',NULL,NULL),
(1122,56,'Cabanatuan',0,0,NULL,'2020-02-19 09:49:37',NULL,NULL),
(1123,56,'Cabiao',0,0,NULL,'2020-02-19 09:49:37',NULL,NULL),
(1124,56,'Carranglan',0,0,NULL,'2020-02-19 09:49:37',NULL,NULL),
(1125,56,'Cuyapo',0,0,NULL,'2020-02-19 09:49:37',NULL,NULL),
(1126,56,'Gabaldon (Bitulok & Sabani)',0,0,NULL,'2020-02-19 09:49:37',NULL,NULL),
(1127,56,'Gapan',0,0,NULL,'2020-02-19 09:49:37',NULL,NULL),
(1128,56,'General Mamerto Natividad',0,0,NULL,'2020-02-19 09:49:37',NULL,NULL),
(1129,56,'General Tinio (Papaya)',0,0,NULL,'2020-02-19 09:49:37',NULL,NULL),
(1130,56,'Guimba',0,0,NULL,'2020-02-19 09:49:37',NULL,NULL),
(1131,56,'Jaen',0,0,NULL,'2020-02-19 09:49:37',NULL,NULL),
(1132,56,'Laur',0,0,NULL,'2020-02-19 09:49:37',NULL,NULL),
(1133,56,'Licab',0,0,NULL,'2020-02-19 09:49:37',NULL,NULL),
(1134,56,'Llanera',0,0,NULL,'2020-02-19 09:49:37',NULL,NULL),
(1135,56,'Lupao',0,0,NULL,'2020-02-19 09:49:37',NULL,NULL),
(1136,56,'Muoz',0,0,NULL,'2020-02-19 09:49:38',NULL,NULL),
(1137,56,'Nampicuan',0,0,NULL,'2020-02-19 09:49:38',NULL,NULL),
(1138,56,'Palayan',0,0,NULL,'2020-02-19 09:49:38',NULL,NULL),
(1139,56,'Pantabangan',0,0,NULL,'2020-02-19 09:49:38',NULL,NULL),
(1140,56,'Pearanda',0,0,NULL,'2020-02-19 09:49:38',NULL,NULL),
(1141,56,'Quezon',0,0,NULL,'2020-02-19 09:49:38',NULL,NULL),
(1142,56,'Rizal',0,0,NULL,'2020-02-19 09:49:38',NULL,NULL),
(1143,56,'San Antonio',0,0,NULL,'2020-02-19 09:49:38',NULL,NULL),
(1144,56,'San Isidro',0,0,NULL,'2020-02-19 09:49:38',NULL,NULL),
(1145,56,'San Jose (Cabaritan)',0,0,NULL,'2020-02-19 09:49:38',NULL,NULL),
(1146,56,'San Leonardo',0,0,NULL,'2020-02-19 09:49:38',NULL,NULL),
(1147,56,'Santa Rosa',0,0,NULL,'2020-02-19 09:49:38',NULL,NULL),
(1148,56,'Santo Domingo',0,0,NULL,'2020-02-19 09:49:38',NULL,NULL),
(1149,56,'Talavera',0,0,NULL,'2020-02-19 09:49:38',NULL,NULL),
(1150,56,'Talugtug',0,0,NULL,'2020-02-19 09:49:38',NULL,NULL),
(1151,56,'Zaragoza',0,0,NULL,'2020-02-19 09:49:38',NULL,NULL),
(1152,57,'Alfonso Castaeda',0,0,NULL,'2020-02-19 09:49:38',NULL,NULL),
(1153,57,'Ambaguio',0,0,NULL,'2020-02-19 09:49:39',NULL,NULL),
(1154,57,'Aritao',0,0,NULL,'2020-02-19 09:49:39',NULL,NULL),
(1155,57,'Bagabag',0,0,NULL,'2020-02-19 09:49:39',NULL,NULL),
(1156,57,'Bambang',0,0,NULL,'2020-02-19 09:49:39',NULL,NULL),
(1157,57,'Bayombong',0,0,NULL,'2020-02-19 09:49:39',NULL,NULL),
(1158,57,'Diadi',0,0,NULL,'2020-02-19 09:49:39',NULL,NULL),
(1159,57,'Dupax del Norte',0,0,NULL,'2020-02-19 09:49:39',NULL,NULL),
(1160,57,'Dupax del Sur',0,0,NULL,'2020-02-19 09:49:39',NULL,NULL),
(1161,57,'Kasibu',0,0,NULL,'2020-02-19 09:49:39',NULL,NULL),
(1162,57,'Kayapa',0,0,NULL,'2020-02-19 09:49:39',NULL,NULL),
(1163,57,'Quezon',0,0,NULL,'2020-02-19 09:49:39',NULL,NULL),
(1164,57,'Santa Fe (Imugan)',0,0,NULL,'2020-02-19 09:49:39',NULL,NULL),
(1165,57,'Solano',0,0,NULL,'2020-02-19 09:49:39',NULL,NULL),
(1166,57,'Villaverde (Ibung)',0,0,NULL,'2020-02-19 09:49:39',NULL,NULL),
(1167,58,'Abra de Ilog',0,0,NULL,'2020-02-19 09:49:39',NULL,NULL),
(1168,58,'Calintaan',0,0,NULL,'2020-02-19 09:49:39',NULL,NULL),
(1169,58,'Looc',0,0,NULL,'2020-02-19 09:49:39',NULL,NULL),
(1170,58,'Lubang',0,0,NULL,'2020-02-19 09:49:39',NULL,NULL),
(1171,58,'Magsaysay',0,0,NULL,'2020-02-19 09:49:39',NULL,NULL),
(1172,58,'Mamburao',0,0,NULL,'2020-02-19 09:49:39',NULL,NULL),
(1173,58,'Paluan',0,0,NULL,'2020-02-19 09:49:39',NULL,NULL),
(1174,58,'Rizal',0,0,NULL,'2020-02-19 09:49:40',NULL,NULL),
(1175,58,'Sablayan',0,0,NULL,'2020-02-19 09:49:40',NULL,NULL),
(1176,58,'San Jose',0,0,NULL,'2020-02-19 09:49:40',NULL,NULL),
(1177,58,'Santa Cruz',0,0,NULL,'2020-02-19 09:49:40',NULL,NULL),
(1178,59,'Baco',0,0,NULL,'2020-02-19 09:49:40',NULL,NULL),
(1179,59,'Bansud',0,0,NULL,'2020-02-19 09:49:40',NULL,NULL),
(1180,59,'Bongabong',0,0,NULL,'2020-02-19 09:49:40',NULL,NULL),
(1181,59,'Bulalacao (San Pedro)',0,0,NULL,'2020-02-19 09:49:40',NULL,NULL),
(1182,59,'Calapan',0,0,NULL,'2020-02-19 09:49:40',NULL,NULL),
(1183,59,'Gloria',0,0,NULL,'2020-02-19 09:49:40',NULL,NULL),
(1184,59,'Mansalay',0,0,NULL,'2020-02-19 09:49:40',NULL,NULL),
(1185,59,'Naujan',0,0,NULL,'2020-02-19 09:49:40',NULL,NULL),
(1186,59,'Pinamalayan',0,0,NULL,'2020-02-19 09:49:40',NULL,NULL),
(1187,59,'Pola',0,0,NULL,'2020-02-19 09:49:40',NULL,NULL),
(1188,59,'Puerto Galera',0,0,NULL,'2020-02-19 09:49:40',NULL,NULL),
(1189,59,'Roxas',0,0,NULL,'2020-02-19 09:49:40',NULL,NULL),
(1190,59,'San Teodoro',0,0,NULL,'2020-02-19 09:49:40',NULL,NULL),
(1191,59,'Socorro',0,0,NULL,'2020-02-19 09:49:40',NULL,NULL),
(1192,60,'Aborlan',0,0,NULL,'2020-02-19 09:49:40',NULL,NULL),
(1193,60,'Agutaya',0,0,NULL,'2020-02-19 09:49:40',NULL,NULL),
(1194,60,'Araceli',0,0,NULL,'2020-02-19 09:49:41',NULL,NULL),
(1195,60,'Balabac',0,0,NULL,'2020-02-19 09:49:41',NULL,NULL),
(1196,60,'Bataraza',0,0,NULL,'2020-02-19 09:49:41',NULL,NULL),
(1197,60,'Brooke\'s Point',0,0,NULL,'2020-02-19 09:49:41',NULL,NULL),
(1198,60,'Busuanga',0,0,NULL,'2020-02-19 09:49:41',NULL,NULL),
(1199,60,'Cagayancillo',0,0,NULL,'2020-02-19 09:49:41',NULL,NULL),
(1200,60,'Coron',0,0,NULL,'2020-02-19 09:49:41',NULL,NULL),
(1201,60,'Culion',0,0,NULL,'2020-02-19 09:49:41',NULL,NULL),
(1202,60,'Cuyo',0,0,NULL,'2020-02-19 09:49:41',NULL,NULL),
(1203,60,'Dumaran',0,0,NULL,'2020-02-19 09:49:41',NULL,NULL),
(1204,60,'El Nido',0,0,NULL,'2020-02-19 09:49:41',NULL,NULL),
(1205,60,'Kalayaan',0,0,NULL,'2020-02-19 09:49:41',NULL,NULL),
(1206,60,'Linapacan',0,0,NULL,'2020-02-19 09:49:41',NULL,NULL),
(1207,60,'Magsaysay',0,0,NULL,'2020-02-19 09:49:41',NULL,NULL),
(1208,60,'Narra',0,0,NULL,'2020-02-19 09:49:41',NULL,NULL),
(1209,60,'Puerto Princesa',0,0,NULL,'2020-02-19 09:49:41',NULL,NULL),
(1210,60,'Quezon',0,0,NULL,'2020-02-19 09:49:41',NULL,NULL),
(1211,60,'Rizal',0,0,NULL,'2020-02-19 09:49:41',NULL,NULL),
(1212,60,'Roxas',0,0,NULL,'2020-02-19 09:49:41',NULL,NULL),
(1213,60,'San Vicente',0,0,NULL,'2020-02-19 09:49:41',NULL,NULL),
(1214,60,'Sofronio Espaola',0,0,NULL,'2020-02-19 09:49:41',NULL,NULL),
(1215,60,'Taytay',0,0,NULL,'2020-02-19 09:49:41',NULL,NULL),
(1216,61,'Angeles',0,0,NULL,'2020-02-19 09:49:41',NULL,NULL),
(1217,61,'Apalit',0,0,NULL,'2020-02-19 09:49:41',NULL,NULL),
(1218,61,'Arayat',0,0,NULL,'2020-02-19 09:49:41',NULL,NULL),
(1219,61,'Bacolor',0,0,NULL,'2020-02-19 09:49:41',NULL,NULL),
(1220,61,'Candaba',0,0,NULL,'2020-02-19 09:49:42',NULL,NULL),
(1221,61,'Floridablanca',0,0,NULL,'2020-02-19 09:49:42',NULL,NULL),
(1222,61,'Guagua',0,0,NULL,'2020-02-19 09:49:42',NULL,NULL),
(1223,61,'Lubao',0,0,NULL,'2020-02-19 09:49:42',NULL,NULL),
(1224,61,'Mabalacat',0,0,NULL,'2020-02-19 09:49:42',NULL,NULL),
(1225,61,'Macabebe',0,0,NULL,'2020-02-19 09:49:42',NULL,NULL),
(1226,61,'Magalang',0,0,NULL,'2020-02-19 09:49:42',NULL,NULL),
(1227,61,'Masantol',0,0,NULL,'2020-02-19 09:49:42',NULL,NULL),
(1228,61,'Mexico',0,0,NULL,'2020-02-19 09:49:42',NULL,NULL),
(1229,61,'Minalin',0,0,NULL,'2020-02-19 09:49:42',NULL,NULL),
(1230,61,'Porac',0,0,NULL,'2020-02-19 09:49:42',NULL,NULL),
(1231,61,'San Fernando',0,0,NULL,'2020-02-19 09:49:42',NULL,NULL),
(1232,61,'San Luis',0,0,NULL,'2020-02-19 09:49:42',NULL,NULL),
(1233,61,'San Simon',0,0,NULL,'2020-02-19 09:49:42',NULL,NULL),
(1234,61,'Santa Ana',0,0,NULL,'2020-02-19 09:49:42',NULL,NULL),
(1235,61,'Santa Rita',0,0,NULL,'2020-02-19 09:49:42',NULL,NULL),
(1236,61,'Santo Tomas',0,0,NULL,'2020-02-19 09:49:42',NULL,NULL),
(1237,61,'Sasmuan',0,0,NULL,'2020-02-19 09:49:42',NULL,NULL),
(1238,62,'Agno',0,0,NULL,'2020-02-19 09:49:42',NULL,NULL),
(1239,62,'Aguilar',0,0,NULL,'2020-02-19 09:49:42',NULL,NULL),
(1240,62,'Alaminos',0,0,NULL,'2020-02-19 09:49:42',NULL,NULL),
(1241,62,'Alcala',0,0,NULL,'2020-02-19 09:49:42',NULL,NULL),
(1242,62,'Anda',0,0,NULL,'2020-02-19 09:49:42',NULL,NULL),
(1243,62,'Asingan',0,0,NULL,'2020-02-19 09:49:42',NULL,NULL),
(1244,62,'Balungao',0,0,NULL,'2020-02-19 09:49:42',NULL,NULL),
(1245,62,'Bani',0,0,NULL,'2020-02-19 09:49:42',NULL,NULL),
(1246,62,'Basista',0,0,NULL,'2020-02-19 09:49:42',NULL,NULL),
(1247,62,'Bautista',0,0,NULL,'2020-02-19 09:49:42',NULL,NULL),
(1248,62,'Bayambang',0,0,NULL,'2020-02-19 09:49:43',NULL,NULL),
(1249,62,'Binalonan',0,0,NULL,'2020-02-19 09:49:43',NULL,NULL),
(1250,62,'Binmaley',0,0,NULL,'2020-02-19 09:49:43',NULL,NULL),
(1251,62,'Bolinao',0,0,NULL,'2020-02-19 09:49:43',NULL,NULL),
(1252,62,'Bugallon',0,0,NULL,'2020-02-19 09:49:43',NULL,NULL),
(1253,62,'Burgos',0,0,NULL,'2020-02-19 09:49:43',NULL,NULL),
(1254,62,'Calasiao',0,0,NULL,'2020-02-19 09:49:43',NULL,NULL),
(1255,62,'Dagupan',0,0,NULL,'2020-02-19 09:49:43',NULL,NULL),
(1256,62,'Dasol',0,0,NULL,'2020-02-19 09:49:43',NULL,NULL),
(1257,62,'Infanta',0,0,NULL,'2020-02-19 09:49:43',NULL,NULL),
(1258,62,'Labrador',0,0,NULL,'2020-02-19 09:49:43',NULL,NULL),
(1259,62,'Laoac',0,0,NULL,'2020-02-19 09:49:43',NULL,NULL),
(1260,62,'Lingayen',0,0,NULL,'2020-02-19 09:49:43',NULL,NULL),
(1261,62,'Mabini',0,0,NULL,'2020-02-19 09:49:43',NULL,NULL),
(1262,62,'Malasiqui',0,0,NULL,'2020-02-19 09:49:43',NULL,NULL),
(1263,62,'Manaoag',0,0,NULL,'2020-02-19 09:49:43',NULL,NULL),
(1264,62,'Mangaldan',0,0,NULL,'2020-02-19 09:49:43',NULL,NULL),
(1265,62,'Mangatarem',0,0,NULL,'2020-02-19 09:49:43',NULL,NULL),
(1266,62,'Mapandan',0,0,NULL,'2020-02-19 09:49:43',NULL,NULL),
(1267,62,'Natividad',0,0,NULL,'2020-02-19 09:49:43',NULL,NULL),
(1268,62,'Pozorrubio',0,0,NULL,'2020-02-19 09:49:43',NULL,NULL),
(1269,62,'Rosales',0,0,NULL,'2020-02-19 09:49:43',NULL,NULL),
(1270,62,'San Carlos',0,0,NULL,'2020-02-19 09:49:43',NULL,NULL),
(1271,62,'San Fabian',0,0,NULL,'2020-02-19 09:49:43',NULL,NULL),
(1272,62,'San Jacinto',0,0,NULL,'2020-02-19 09:49:43',NULL,NULL),
(1273,62,'San Manuel',0,0,NULL,'2020-02-19 09:49:43',NULL,NULL),
(1274,62,'San Nicolas',0,0,NULL,'2020-02-19 09:49:43',NULL,NULL),
(1275,62,'San Quintin',0,0,NULL,'2020-02-19 09:49:43',NULL,NULL),
(1276,62,'Santa Barbara',0,0,NULL,'2020-02-19 09:49:44',NULL,NULL),
(1277,62,'Santa Maria',0,0,NULL,'2020-02-19 09:49:44',NULL,NULL),
(1278,62,'Santo Tomas',0,0,NULL,'2020-02-19 09:49:44',NULL,NULL),
(1279,62,'Sison',0,0,NULL,'2020-02-19 09:49:44',NULL,NULL),
(1280,62,'Sual',0,0,NULL,'2020-02-19 09:49:44',NULL,NULL),
(1281,62,'Tayug',0,0,NULL,'2020-02-19 09:49:44',NULL,NULL),
(1282,62,'Umingan',0,0,NULL,'2020-02-19 09:49:44',NULL,NULL),
(1283,62,'Urbiztondo',0,0,NULL,'2020-02-19 09:49:44',NULL,NULL),
(1284,62,'Urdaneta',0,0,NULL,'2020-02-19 09:49:44',NULL,NULL),
(1285,62,'Villasis',0,0,NULL,'2020-02-19 09:49:44',NULL,NULL),
(1286,63,'Agdangan',0,0,NULL,'2020-02-19 09:49:44',NULL,NULL),
(1287,63,'Alabat',0,0,NULL,'2020-02-19 09:49:44',NULL,NULL),
(1288,63,'Atimonan',0,0,NULL,'2020-02-19 09:49:44',NULL,NULL),
(1289,63,'Buenavista',0,0,NULL,'2020-02-19 09:49:44',NULL,NULL),
(1290,63,'Burdeos',0,0,NULL,'2020-02-19 09:49:44',NULL,NULL),
(1291,63,'Calauag',0,0,NULL,'2020-02-19 09:49:44',NULL,NULL),
(1292,63,'Candelaria',0,0,NULL,'2020-02-19 09:49:44',NULL,NULL),
(1293,63,'Catanauan',0,0,NULL,'2020-02-19 09:49:44',NULL,NULL),
(1294,63,'Dolores',0,0,NULL,'2020-02-19 09:49:44',NULL,NULL),
(1295,63,'General Luna',0,0,NULL,'2020-02-19 09:49:44',NULL,NULL),
(1296,63,'General Nakar',0,0,NULL,'2020-02-19 09:49:45',NULL,NULL),
(1297,63,'Guinayangan',0,0,NULL,'2020-02-19 09:49:45',NULL,NULL),
(1298,63,'Gumaca',0,0,NULL,'2020-02-19 09:49:45',NULL,NULL),
(1299,63,'Infanta',0,0,NULL,'2020-02-19 09:49:45',NULL,NULL),
(1300,63,'Jomalig',0,0,NULL,'2020-02-19 09:49:45',NULL,NULL),
(1301,63,'Lopez',0,0,NULL,'2020-02-19 09:49:45',NULL,NULL),
(1302,63,'Lucban',0,0,NULL,'2020-02-19 09:49:45',NULL,NULL),
(1303,63,'Lucena',0,0,NULL,'2020-02-19 09:49:45',NULL,NULL),
(1304,63,'Macalelon',0,0,NULL,'2020-02-19 09:49:45',NULL,NULL),
(1305,63,'Mauban',0,0,NULL,'2020-02-19 09:49:45',NULL,NULL),
(1306,63,'Mulanay',0,0,NULL,'2020-02-19 09:49:45',NULL,NULL),
(1307,63,'Padre Burgos',0,0,NULL,'2020-02-19 09:49:45',NULL,NULL),
(1308,63,'Pagbilao',0,0,NULL,'2020-02-19 09:49:45',NULL,NULL),
(1309,63,'Panukulan',0,0,NULL,'2020-02-19 09:49:45',NULL,NULL),
(1310,63,'Patnanungan',0,0,NULL,'2020-02-19 09:49:45',NULL,NULL),
(1311,63,'Perez',0,0,NULL,'2020-02-19 09:49:45',NULL,NULL),
(1312,63,'Pitogo',0,0,NULL,'2020-02-19 09:49:45',NULL,NULL),
(1313,63,'Plaridel',0,0,NULL,'2020-02-19 09:49:45',NULL,NULL),
(1314,63,'Polillo',0,0,NULL,'2020-02-19 09:49:45',NULL,NULL),
(1315,63,'Quezon',0,0,NULL,'2020-02-19 09:49:45',NULL,NULL),
(1316,63,'Real',0,0,NULL,'2020-02-19 09:49:45',NULL,NULL),
(1317,63,'Sampaloc',0,0,NULL,'2020-02-19 09:49:45',NULL,NULL),
(1318,63,'San Andres',0,0,NULL,'2020-02-19 09:49:45',NULL,NULL),
(1319,63,'San Antonio',0,0,NULL,'2020-02-19 09:49:45',NULL,NULL),
(1320,63,'San Francisco',0,0,NULL,'2020-02-19 09:49:45',NULL,NULL),
(1321,63,'San Narciso',0,0,NULL,'2020-02-19 09:49:45',NULL,NULL),
(1322,63,'Sariaya',0,0,NULL,'2020-02-19 09:49:45',NULL,NULL),
(1323,63,'Tagkawayan',0,0,NULL,'2020-02-19 09:49:45',NULL,NULL),
(1324,63,'Tayabas',0,0,NULL,'2020-02-19 09:49:46',NULL,NULL),
(1325,63,'Tiaong',0,0,NULL,'2020-02-19 09:49:46',NULL,NULL),
(1326,63,'Unisan',0,0,NULL,'2020-02-19 09:49:46',NULL,NULL),
(1327,64,'Aglipay',0,0,NULL,'2020-02-19 09:49:46',NULL,NULL),
(1328,64,'Cabarroguis',0,0,NULL,'2020-02-19 09:49:46',NULL,NULL),
(1329,64,'Diffun',0,0,NULL,'2020-02-19 09:49:46',NULL,NULL),
(1330,64,'Maddela',0,0,NULL,'2020-02-19 09:49:46',NULL,NULL),
(1331,64,'Nagtipunan',0,0,NULL,'2020-02-19 09:49:46',NULL,NULL),
(1332,64,'Saguday',0,0,NULL,'2020-02-19 09:49:46',NULL,NULL),
(1333,65,'Angono',0,0,NULL,'2020-02-19 09:49:46',NULL,NULL),
(1334,65,'Antipolo',0,0,NULL,'2020-02-19 09:49:46',NULL,NULL),
(1335,65,'Baras',0,0,NULL,'2020-02-19 09:49:46',NULL,NULL),
(1336,65,'Binangonan',0,0,NULL,'2020-02-19 09:49:46',NULL,NULL),
(1337,65,'Cainta',0,0,NULL,'2020-02-19 09:49:46',NULL,NULL),
(1338,65,'Cardona',0,0,NULL,'2020-02-19 09:49:46',NULL,NULL),
(1339,65,'Jalajala',0,0,NULL,'2020-02-19 09:49:46',NULL,NULL),
(1340,65,'Morong',0,0,NULL,'2020-02-19 09:49:46',NULL,NULL),
(1341,65,'Pililla',0,0,NULL,'2020-02-19 09:49:46',NULL,NULL),
(1342,65,'Rodriguez',0,0,NULL,'2020-02-19 09:49:46',NULL,NULL),
(1343,65,'San Mateo',0,0,NULL,'2020-02-19 09:49:46',NULL,NULL),
(1344,65,'Tanay',0,0,NULL,'2020-02-19 09:49:46',NULL,NULL),
(1345,65,'Taytay',0,0,NULL,'2020-02-19 09:49:46',NULL,NULL),
(1346,65,'Teresa',0,0,NULL,'2020-02-19 09:49:46',NULL,NULL),
(1347,66,'Alcantara',0,0,NULL,'2020-02-19 09:49:46',NULL,NULL),
(1348,66,'Banton (Jones)',0,0,NULL,'2020-02-19 09:49:46',NULL,NULL),
(1349,66,'Cajidiocan',0,0,NULL,'2020-02-19 09:49:46',NULL,NULL),
(1350,66,'Calatrava',0,0,NULL,'2020-02-19 09:49:47',NULL,NULL),
(1351,66,'Concepcion',0,0,NULL,'2020-02-19 09:49:47',NULL,NULL),
(1352,66,'Corcuera',0,0,NULL,'2020-02-19 09:49:47',NULL,NULL),
(1353,66,'Ferrol',0,0,NULL,'2020-02-19 09:49:47',NULL,NULL),
(1354,66,'Looc',0,0,NULL,'2020-02-19 09:49:47',NULL,NULL),
(1355,66,'Magdiwang',0,0,NULL,'2020-02-19 09:49:47',NULL,NULL),
(1356,66,'Odiongan',0,0,NULL,'2020-02-19 09:49:47',NULL,NULL),
(1357,66,'Romblon',0,0,NULL,'2020-02-19 09:49:47',NULL,NULL),
(1358,66,'San Agustin',0,0,NULL,'2020-02-19 09:49:47',NULL,NULL),
(1359,66,'San Andres',0,0,NULL,'2020-02-19 09:49:47',NULL,NULL),
(1360,66,'San Fernando',0,0,NULL,'2020-02-19 09:49:47',NULL,NULL),
(1361,66,'San Jose',0,0,NULL,'2020-02-19 09:49:47',NULL,NULL),
(1362,66,'Santa Fe',0,0,NULL,'2020-02-19 09:49:47',NULL,NULL),
(1363,66,'Santa Maria (Imelda)',0,0,NULL,'2020-02-19 09:49:47',NULL,NULL),
(1364,67,'Almagro',0,0,NULL,'2020-02-19 09:49:47',NULL,NULL),
(1365,67,'Basey',0,0,NULL,'2020-02-19 09:49:47',NULL,NULL),
(1366,67,'Calbayog',0,0,NULL,'2020-02-19 09:49:47',NULL,NULL),
(1367,67,'Calbiga',0,0,NULL,'2020-02-19 09:49:47',NULL,NULL),
(1368,67,'Catbalogan',0,0,NULL,'2020-02-19 09:49:47',NULL,NULL),
(1369,67,'Daram',0,0,NULL,'2020-02-19 09:49:47',NULL,NULL),
(1370,67,'Gandara',0,0,NULL,'2020-02-19 09:49:47',NULL,NULL),
(1371,67,'Hinabangan',0,0,NULL,'2020-02-19 09:49:47',NULL,NULL),
(1372,67,'Jiabong',0,0,NULL,'2020-02-19 09:49:47',NULL,NULL),
(1373,67,'Marabut',0,0,NULL,'2020-02-19 09:49:47',NULL,NULL),
(1374,67,'Matuguinao',0,0,NULL,'2020-02-19 09:49:47',NULL,NULL),
(1375,67,'Motiong',0,0,NULL,'2020-02-19 09:49:47',NULL,NULL),
(1376,67,'Pagsanghan',0,0,NULL,'2020-02-19 09:49:47',NULL,NULL),
(1377,67,'Paranas (Wright)',0,0,NULL,'2020-02-19 09:49:47',NULL,NULL),
(1378,67,'Pinabacdao',0,0,NULL,'2020-02-19 09:49:47',NULL,NULL),
(1379,67,'San Jorge',0,0,NULL,'2020-02-19 09:49:48',NULL,NULL),
(1380,67,'San Jose de Buan',0,0,NULL,'2020-02-19 09:49:48',NULL,NULL),
(1381,67,'San Sebastian',0,0,NULL,'2020-02-19 09:49:48',NULL,NULL),
(1382,67,'Santa Margarita',0,0,NULL,'2020-02-19 09:49:48',NULL,NULL),
(1383,67,'Santa Rita',0,0,NULL,'2020-02-19 09:49:48',NULL,NULL),
(1384,67,'Santo Nio',0,0,NULL,'2020-02-19 09:49:48',NULL,NULL),
(1385,67,'Tagapul-an',0,0,NULL,'2020-02-19 09:49:48',NULL,NULL),
(1386,67,'Talalora',0,0,NULL,'2020-02-19 09:49:48',NULL,NULL),
(1387,67,'Tarangnan',0,0,NULL,'2020-02-19 09:49:48',NULL,NULL),
(1388,67,'Villareal',0,0,NULL,'2020-02-19 09:49:48',NULL,NULL),
(1389,67,'Zumarraga',0,0,NULL,'2020-02-19 09:49:48',NULL,NULL),
(1390,68,'Alabel',0,0,NULL,'2020-02-19 09:49:48',NULL,NULL),
(1391,68,'Glan',0,0,NULL,'2020-02-19 09:49:48',NULL,NULL),
(1392,68,'Kiamba',0,0,NULL,'2020-02-19 09:49:48',NULL,NULL),
(1393,68,'Maasim',0,0,NULL,'2020-02-19 09:49:48',NULL,NULL),
(1394,68,'Maitum',0,0,NULL,'2020-02-19 09:49:48',NULL,NULL),
(1395,68,'Malapatan',0,0,NULL,'2020-02-19 09:49:48',NULL,NULL),
(1396,68,'Malungon',0,0,NULL,'2020-02-19 09:49:48',NULL,NULL),
(1397,69,'Enrique Villanueva',0,0,NULL,'2020-02-19 09:49:48',NULL,NULL),
(1398,69,'Larena',0,0,NULL,'2020-02-19 09:49:48',NULL,NULL),
(1399,69,'Lazi',0,0,NULL,'2020-02-19 09:49:48',NULL,NULL),
(1400,69,'Maria',0,0,NULL,'2020-02-19 09:49:48',NULL,NULL),
(1401,69,'San Juan',0,0,NULL,'2020-02-19 09:49:48',NULL,NULL),
(1402,69,'Siquijor',0,0,NULL,'2020-02-19 09:49:48',NULL,NULL),
(1403,70,'Barcelona',0,0,NULL,'2020-02-19 09:49:48',NULL,NULL),
(1404,70,'Bulan',0,0,NULL,'2020-02-19 09:49:48',NULL,NULL),
(1405,70,'Bulusan',0,0,NULL,'2020-02-19 09:49:48',NULL,NULL),
(1406,70,'Casiguran',0,0,NULL,'2020-02-19 09:49:48',NULL,NULL),
(1407,70,'Castilla',0,0,NULL,'2020-02-19 09:49:49',NULL,NULL),
(1408,70,'Donsol',0,0,NULL,'2020-02-19 09:49:49',NULL,NULL),
(1409,70,'Gubat',0,0,NULL,'2020-02-19 09:49:49',NULL,NULL),
(1410,70,'Irosin',0,0,NULL,'2020-02-19 09:49:49',NULL,NULL),
(1411,70,'Juban',0,0,NULL,'2020-02-19 09:49:49',NULL,NULL),
(1412,70,'Magallanes',0,0,NULL,'2020-02-19 09:49:49',NULL,NULL),
(1413,70,'Matnog',0,0,NULL,'2020-02-19 09:49:49',NULL,NULL),
(1414,70,'Pilar',0,0,NULL,'2020-02-19 09:49:49',NULL,NULL),
(1415,70,'Prieto Diaz',0,0,NULL,'2020-02-19 09:49:49',NULL,NULL),
(1416,70,'Santa Magdalena',0,0,NULL,'2020-02-19 09:49:49',NULL,NULL),
(1417,70,'Sorsogon City',0,0,NULL,'2020-02-19 09:49:49',NULL,NULL),
(1418,71,'Banga',0,0,NULL,'2020-02-19 09:49:49',NULL,NULL),
(1419,71,'General Santos',0,0,NULL,'2020-02-19 09:49:49',NULL,NULL),
(1420,71,'Koronadal',0,0,NULL,'2020-02-19 09:49:49',NULL,NULL),
(1421,71,'Lake Sebu',0,0,NULL,'2020-02-19 09:49:49',NULL,NULL),
(1422,71,'Norala',0,0,NULL,'2020-02-19 09:49:49',NULL,NULL),
(1423,71,'Polomolok',0,0,NULL,'2020-02-19 09:49:49',NULL,NULL),
(1424,71,'Santo Nio',0,0,NULL,'2020-02-19 09:49:49',NULL,NULL),
(1425,71,'Surallah',0,0,NULL,'2020-02-19 09:49:49',NULL,NULL),
(1426,71,'T\'Boli',0,0,NULL,'2020-02-19 09:49:49',NULL,NULL),
(1427,71,'Tampakan',0,0,NULL,'2020-02-19 09:49:49',NULL,NULL),
(1428,71,'Tantangan',0,0,NULL,'2020-02-19 09:49:49',NULL,NULL),
(1429,71,'Tupi',0,0,NULL,'2020-02-19 09:49:49',NULL,NULL),
(1430,72,'Anahawan',0,0,NULL,'2020-02-19 09:49:50',NULL,NULL),
(1431,72,'Bontoc',0,0,NULL,'2020-02-19 09:49:50',NULL,NULL),
(1432,72,'Hinunangan',0,0,NULL,'2020-02-19 09:49:50',NULL,NULL),
(1433,72,'Hinundayan',0,0,NULL,'2020-02-19 09:49:50',NULL,NULL),
(1434,72,'Libagon',0,0,NULL,'2020-02-19 09:49:50',NULL,NULL),
(1435,72,'Liloan',0,0,NULL,'2020-02-19 09:49:50',NULL,NULL),
(1436,72,'Limasawa',0,0,NULL,'2020-02-19 09:49:50',NULL,NULL),
(1437,72,'Maasin',0,0,NULL,'2020-02-19 09:49:50',NULL,NULL),
(1438,72,'Macrohon',0,0,NULL,'2020-02-19 09:49:50',NULL,NULL),
(1439,72,'Malitbog',0,0,NULL,'2020-02-19 09:49:50',NULL,NULL),
(1440,72,'Padre Burgos',0,0,NULL,'2020-02-19 09:49:50',NULL,NULL),
(1441,72,'Pintuyan',0,0,NULL,'2020-02-19 09:49:50',NULL,NULL),
(1442,72,'Saint Bernard',0,0,NULL,'2020-02-19 09:49:50',NULL,NULL),
(1443,72,'San Francisco',0,0,NULL,'2020-02-19 09:49:50',NULL,NULL),
(1444,72,'San Juan (Cabalian)',0,0,NULL,'2020-02-19 09:49:50',NULL,NULL),
(1445,72,'San Ricardo',0,0,NULL,'2020-02-19 09:49:50',NULL,NULL),
(1446,72,'Silago',0,0,NULL,'2020-02-19 09:49:50',NULL,NULL),
(1447,72,'Sogod',0,0,NULL,'2020-02-19 09:49:50',NULL,NULL),
(1448,72,'Tomas Oppus',0,0,NULL,'2020-02-19 09:49:50',NULL,NULL),
(1449,73,'Bagumbayan',0,0,NULL,'2020-02-19 09:49:50',NULL,NULL),
(1450,73,'Columbio',0,0,NULL,'2020-02-19 09:49:51',NULL,NULL),
(1451,73,'Esperanza',0,0,NULL,'2020-02-19 09:49:51',NULL,NULL),
(1452,73,'Isulan',0,0,NULL,'2020-02-19 09:49:51',NULL,NULL),
(1453,73,'Kalamansig',0,0,NULL,'2020-02-19 09:49:51',NULL,NULL),
(1454,73,'Lambayong (Mariano Marcos)	',0,0,NULL,'2020-02-19 09:49:51',NULL,NULL),
(1455,73,'Lebak',0,0,NULL,'2020-02-19 09:49:51',NULL,NULL),
(1456,73,'Lutayan',0,0,NULL,'2020-02-19 09:49:51',NULL,NULL),
(1457,73,'Palimbang',0,0,NULL,'2020-02-19 09:49:51',NULL,NULL),
(1458,73,'President Quirino',0,0,NULL,'2020-02-19 09:49:51',NULL,NULL),
(1459,73,'Senator Ninoy Aquino',0,0,NULL,'2020-02-19 09:49:51',NULL,NULL),
(1460,73,'Tacurong',0,0,NULL,'2020-02-19 09:49:51',NULL,NULL),
(1461,74,'Banguingui',0,0,NULL,'2020-02-19 09:49:51',NULL,NULL),
(1462,74,'Hadji Panglima Tahil',0,0,NULL,'2020-02-19 09:49:51',NULL,NULL),
(1463,74,'Indanan',0,0,NULL,'2020-02-19 09:49:51',NULL,NULL),
(1464,74,'Jolo',0,0,NULL,'2020-02-19 09:49:51',NULL,NULL),
(1465,74,'Kalingalan Caluang',0,0,NULL,'2020-02-19 09:49:51',NULL,NULL),
(1466,74,'Lugus',0,0,NULL,'2020-02-19 09:49:51',NULL,NULL),
(1467,74,'Luuk',0,0,NULL,'2020-02-19 09:49:51',NULL,NULL),
(1468,74,'Maimbung',0,0,NULL,'2020-02-19 09:49:51',NULL,NULL),
(1469,74,'Old Panamao',0,0,NULL,'2020-02-19 09:49:51',NULL,NULL),
(1470,74,'Omar',0,0,NULL,'2020-02-19 09:49:51',NULL,NULL),
(1471,74,'Pandami',0,0,NULL,'2020-02-19 09:49:51',NULL,NULL),
(1472,74,'Panglima Estino',0,0,NULL,'2020-02-19 09:49:51',NULL,NULL),
(1473,74,'Pangutaran',0,0,NULL,'2020-02-19 09:49:51',NULL,NULL),
(1474,74,'Parang',0,0,NULL,'2020-02-19 09:49:51',NULL,NULL),
(1475,74,'Pata',0,0,NULL,'2020-02-19 09:49:51',NULL,NULL),
(1476,74,'Patikul',0,0,NULL,'2020-02-19 09:49:51',NULL,NULL),
(1477,74,'Siasi',0,0,NULL,'2020-02-19 09:49:51',NULL,NULL),
(1478,74,'Talipao',0,0,NULL,'2020-02-19 09:49:51',NULL,NULL),
(1479,74,'Tapul',0,0,NULL,'2020-02-19 09:49:52',NULL,NULL),
(1480,75,'Alegria',0,0,NULL,'2020-02-19 09:49:52',NULL,NULL),
(1481,75,'Bacuag',0,0,NULL,'2020-02-19 09:49:52',NULL,NULL),
(1482,75,'Burgos',0,0,NULL,'2020-02-19 09:49:52',NULL,NULL),
(1483,75,'Claver',0,0,NULL,'2020-02-19 09:49:52',NULL,NULL),
(1484,75,'Dapa',0,0,NULL,'2020-02-19 09:49:52',NULL,NULL),
(1485,75,'Del Carmen',0,0,NULL,'2020-02-19 09:49:52',NULL,NULL),
(1486,75,'General Luna',0,0,NULL,'2020-02-19 09:49:52',NULL,NULL),
(1487,75,'Gigaquit',0,0,NULL,'2020-02-19 09:49:52',NULL,NULL),
(1488,75,'Mainit',0,0,NULL,'2020-02-19 09:49:52',NULL,NULL),
(1489,75,'Malimono',0,0,NULL,'2020-02-19 09:49:52',NULL,NULL),
(1490,75,'Pilar',0,0,NULL,'2020-02-19 09:49:52',NULL,NULL),
(1491,75,'Placer',0,0,NULL,'2020-02-19 09:49:52',NULL,NULL),
(1492,75,'San Benito',0,0,NULL,'2020-02-19 09:49:52',NULL,NULL),
(1493,75,'San Francisco (Anao-Aon)',0,0,NULL,'2020-02-19 09:49:52',NULL,NULL),
(1494,75,'San Isidro',0,0,NULL,'2020-02-19 09:49:52',NULL,NULL),
(1495,75,'Santa Monica (Sapao)',0,0,NULL,'2020-02-19 09:49:52',NULL,NULL),
(1496,75,'Sison',0,0,NULL,'2020-02-19 09:49:52',NULL,NULL),
(1497,75,'Socorro',0,0,NULL,'2020-02-19 09:49:52',NULL,NULL),
(1498,75,'Surigao City',0,0,NULL,'2020-02-19 09:49:52',NULL,NULL),
(1499,75,'Tagana-an',0,0,NULL,'2020-02-19 09:49:52',NULL,NULL),
(1500,75,'Tubod',0,0,NULL,'2020-02-19 09:49:52',NULL,NULL),
(1501,76,'Barobo',0,0,NULL,'2020-02-19 09:49:52',NULL,NULL),
(1502,76,'Bayabas',0,0,NULL,'2020-02-19 09:49:52',NULL,NULL),
(1503,76,'Bislig',0,0,NULL,'2020-02-19 09:49:52',NULL,NULL),
(1504,76,'Cagwait',0,0,NULL,'2020-02-19 09:49:52',NULL,NULL),
(1505,76,'Cantilan',0,0,NULL,'2020-02-19 09:49:52',NULL,NULL),
(1506,76,'Carmen',0,0,NULL,'2020-02-19 09:49:52',NULL,NULL),
(1507,76,'Carrascal',0,0,NULL,'2020-02-19 09:49:52',NULL,NULL),
(1508,76,'Cortes',0,0,NULL,'2020-02-19 09:49:52',NULL,NULL),
(1509,76,'Hinatuan',0,0,NULL,'2020-02-19 09:49:53',NULL,NULL),
(1510,76,'Lanuza',0,0,NULL,'2020-02-19 09:49:53',NULL,NULL),
(1511,76,'Lianga',0,0,NULL,'2020-02-19 09:49:53',NULL,NULL),
(1512,76,'Lingig',0,0,NULL,'2020-02-19 09:49:53',NULL,NULL),
(1513,76,'Madrid',0,0,NULL,'2020-02-19 09:49:53',NULL,NULL),
(1514,76,'Marihatag',0,0,NULL,'2020-02-19 09:49:53',NULL,NULL),
(1515,76,'San Agustin',0,0,NULL,'2020-02-19 09:49:53',NULL,NULL),
(1516,76,'San Miguel',0,0,NULL,'2020-02-19 09:49:53',NULL,NULL),
(1517,76,'Tagbina',0,0,NULL,'2020-02-19 09:49:53',NULL,NULL),
(1518,76,'Tago',0,0,NULL,'2020-02-19 09:49:53',NULL,NULL),
(1519,76,'Tandag',0,0,NULL,'2020-02-19 09:49:53',NULL,NULL),
(1520,77,'Anao',0,0,NULL,'2020-02-19 09:49:53',NULL,NULL),
(1521,77,'Bamban',0,0,NULL,'2020-02-19 09:49:53',NULL,NULL),
(1522,77,'Camiling',0,0,NULL,'2020-02-19 09:49:53',NULL,NULL),
(1523,77,'Capas',0,0,NULL,'2020-02-19 09:49:53',NULL,NULL),
(1524,77,'Concepcion',0,0,NULL,'2020-02-19 09:49:53',NULL,NULL),
(1525,77,'Gerona',0,0,NULL,'2020-02-19 09:49:53',NULL,NULL),
(1526,77,'La Paz',0,0,NULL,'2020-02-19 09:49:53',NULL,NULL),
(1527,77,'Mayantoc',0,0,NULL,'2020-02-19 09:49:53',NULL,NULL),
(1528,77,'Moncada',0,0,NULL,'2020-02-19 09:49:53',NULL,NULL),
(1529,77,'Paniqui',0,0,NULL,'2020-02-19 09:49:53',NULL,NULL),
(1530,77,'Pura',0,0,NULL,'2020-02-19 09:49:53',NULL,NULL),
(1531,77,'Ramos',0,0,NULL,'2020-02-19 09:49:53',NULL,NULL),
(1532,77,'San Clemente',0,0,NULL,'2020-02-19 09:49:53',NULL,NULL),
(1533,77,'San Jose',0,0,NULL,'2020-02-19 09:49:53',NULL,NULL),
(1534,77,'San Manuel',0,0,NULL,'2020-02-19 09:49:53',NULL,NULL),
(1535,77,'Santa Ignacia',0,0,NULL,'2020-02-19 09:49:53',NULL,NULL),
(1536,77,'Tarlac City',0,0,NULL,'2020-02-19 09:49:53',NULL,NULL),
(1537,77,'Victoria',0,0,NULL,'2020-02-19 09:49:54',NULL,NULL),
(1538,78,'Bongao',0,0,NULL,'2020-02-19 09:49:54',NULL,NULL),
(1539,78,'Languyan',0,0,NULL,'2020-02-19 09:49:54',NULL,NULL),
(1540,78,'Mapun',0,0,NULL,'2020-02-19 09:49:54',NULL,NULL),
(1541,78,'Panglima Sugala',0,0,NULL,'2020-02-19 09:49:54',NULL,NULL),
(1542,78,'Sapa-Sapa',0,0,NULL,'2020-02-19 09:49:54',NULL,NULL),
(1543,78,'Sibutu',0,0,NULL,'2020-02-19 09:49:54',NULL,NULL),
(1544,78,'Simunul',0,0,NULL,'2020-02-19 09:49:54',NULL,NULL),
(1545,78,'Sitangkai',0,0,NULL,'2020-02-19 09:49:54',NULL,NULL),
(1546,78,'South Ubian',0,0,NULL,'2020-02-19 09:49:54',NULL,NULL),
(1547,78,'Tandubas',0,0,NULL,'2020-02-19 09:49:54',NULL,NULL),
(1548,78,'Turtle Islands',0,0,NULL,'2020-02-19 09:49:54',NULL,NULL),
(1549,79,'Botolan',0,0,NULL,'2020-02-19 09:49:54',NULL,NULL),
(1550,79,'Cabangan',0,0,NULL,'2020-02-19 09:49:54',NULL,NULL),
(1551,79,'Candelaria',0,0,NULL,'2020-02-19 09:49:54',NULL,NULL),
(1552,79,'Castillejos',0,0,NULL,'2020-02-19 09:49:54',NULL,NULL),
(1553,79,'Iba',0,0,NULL,'2020-02-19 09:49:54',NULL,NULL),
(1554,79,'Masinloc',0,0,NULL,'2020-02-19 09:49:54',NULL,NULL),
(1555,79,'Olongapo',0,0,NULL,'2020-02-19 09:49:54',NULL,NULL),
(1556,79,'Palauig',0,0,NULL,'2020-02-19 09:49:55',NULL,NULL),
(1557,79,'San Antonio',0,0,NULL,'2020-02-19 09:49:55',NULL,NULL),
(1558,79,'San Felipe',0,0,NULL,'2020-02-19 09:49:55',NULL,NULL),
(1559,79,'San Marcelino',0,0,NULL,'2020-02-19 09:49:55',NULL,NULL),
(1560,79,'San Narciso',0,0,NULL,'2020-02-19 09:49:55',NULL,NULL),
(1561,79,'Santa Cruz',0,0,NULL,'2020-02-19 09:49:55',NULL,NULL),
(1562,79,'Subic',0,0,NULL,'2020-02-19 09:49:55',NULL,NULL),
(1563,80,'Baliguian',0,0,NULL,'2020-02-19 09:49:55',NULL,NULL),
(1564,80,'Dapitan',0,0,NULL,'2020-02-19 09:49:55',NULL,NULL),
(1565,80,'Dipolog',0,0,NULL,'2020-02-19 09:49:55',NULL,NULL),
(1566,80,'Godod',0,0,NULL,'2020-02-19 09:49:55',NULL,NULL),
(1567,80,'Gutalac',0,0,NULL,'2020-02-19 09:49:55',NULL,NULL),
(1568,80,'Jose Dalman',0,0,NULL,'2020-02-19 09:49:55',NULL,NULL),
(1569,80,'Kalawit',0,0,NULL,'2020-02-19 09:49:55',NULL,NULL),
(1570,80,'Katipunan',0,0,NULL,'2020-02-19 09:49:55',NULL,NULL),
(1571,80,'La Libertad',0,0,NULL,'2020-02-19 09:49:55',NULL,NULL),
(1572,80,'Labason',0,0,NULL,'2020-02-19 09:49:55',NULL,NULL),
(1573,80,'Leon B. Postigo',0,0,NULL,'2020-02-19 09:49:55',NULL,NULL),
(1574,80,'Liloy',0,0,NULL,'2020-02-19 09:49:55',NULL,NULL),
(1575,80,'Manukan',0,0,NULL,'2020-02-19 09:49:55',NULL,NULL),
(1576,80,'Mutia',0,0,NULL,'2020-02-19 09:49:55',NULL,NULL),
(1577,80,'Pian',0,0,NULL,'2020-02-19 09:49:55',NULL,NULL),
(1578,80,'Polanco',0,0,NULL,'2020-02-19 09:49:55',NULL,NULL),
(1579,80,'President Manuel A. Roxas',0,0,NULL,'2020-02-19 09:49:55',NULL,NULL),
(1580,80,'Rizal',0,0,NULL,'2020-02-19 09:49:55',NULL,NULL),
(1581,80,'Salug',0,0,NULL,'2020-02-19 09:49:55',NULL,NULL),
(1582,80,'Sergio Osmea Sr.',0,0,NULL,'2020-02-19 09:49:56',NULL,NULL),
(1583,80,'Siayan',0,0,NULL,'2020-02-19 09:49:56',NULL,NULL),
(1584,80,'Sibuco',0,0,NULL,'2020-02-19 09:49:56',NULL,NULL),
(1585,80,'Sibutad',0,0,NULL,'2020-02-19 09:49:56',NULL,NULL),
(1586,80,'Sindangan',0,0,NULL,'2020-02-19 09:49:56',NULL,NULL),
(1587,80,'Siocon',0,0,NULL,'2020-02-19 09:49:56',NULL,NULL),
(1588,80,'Sirawai',0,0,NULL,'2020-02-19 09:49:56',NULL,NULL),
(1589,80,'Tampilisan',0,0,NULL,'2020-02-19 09:49:56',NULL,NULL),
(1590,81,'Aurora',0,0,NULL,'2020-02-19 09:49:56',NULL,NULL),
(1591,81,'Bayog',0,0,NULL,'2020-02-19 09:49:56',NULL,NULL),
(1592,81,'Dimataling',0,0,NULL,'2020-02-19 09:49:56',NULL,NULL),
(1593,81,'Dinas',0,0,NULL,'2020-02-19 09:49:56',NULL,NULL),
(1594,81,'Dumalinao',0,0,NULL,'2020-02-19 09:49:56',NULL,NULL),
(1595,81,'Dumingag',0,0,NULL,'2020-02-19 09:49:56',NULL,NULL),
(1596,81,'Guipos',0,0,NULL,'2020-02-19 09:49:56',NULL,NULL),
(1597,81,'Josefina',0,0,NULL,'2020-02-19 09:49:56',NULL,NULL),
(1598,81,'Kumalarang',0,0,NULL,'2020-02-19 09:49:56',NULL,NULL),
(1599,81,'Labangan',0,0,NULL,'2020-02-19 09:49:56',NULL,NULL),
(1600,81,'Lakewood',0,0,NULL,'2020-02-19 09:49:56',NULL,NULL),
(1601,81,'Lapuyan',0,0,NULL,'2020-02-19 09:49:56',NULL,NULL),
(1602,81,'Mahayag',0,0,NULL,'2020-02-19 09:49:56',NULL,NULL),
(1603,81,'Margosatubig',0,0,NULL,'2020-02-19 09:49:56',NULL,NULL),
(1604,81,'Midsalip',0,0,NULL,'2020-02-19 09:49:56',NULL,NULL),
(1605,81,'Molave',0,0,NULL,'2020-02-19 09:49:56',NULL,NULL),
(1606,81,'Pagadian',0,0,NULL,'2020-02-19 09:49:56',NULL,NULL),
(1607,81,'Pitogo',0,0,NULL,'2020-02-19 09:49:56',NULL,NULL),
(1608,81,'Ramon Magsaysay (Liargo)',0,0,NULL,'2020-02-19 09:49:56',NULL,NULL),
(1609,81,'San Miguel',0,0,NULL,'2020-02-19 09:49:56',NULL,NULL),
(1610,81,'San Pablo',0,0,NULL,'2020-02-19 09:49:56',NULL,NULL),
(1611,81,'Sominot (Don Mariano Marcos)',0,0,NULL,'2020-02-19 09:49:57',NULL,NULL),
(1612,81,'Tabina',0,0,NULL,'2020-02-19 09:49:57',NULL,NULL),
(1613,81,'Tambulig',0,0,NULL,'2020-02-19 09:49:57',NULL,NULL),
(1614,81,'Tigbao',0,0,NULL,'2020-02-19 09:49:57',NULL,NULL),
(1615,81,'Tukuran',0,0,NULL,'2020-02-19 09:49:57',NULL,NULL),
(1616,81,'Vincenzo A. Sagun',0,0,NULL,'2020-02-19 09:49:57',NULL,NULL),
(1617,81,'Zamboanga City',0,0,NULL,'2020-02-19 09:49:57',NULL,NULL),
(1618,82,'Alicia',0,0,NULL,'2020-02-19 09:49:57',NULL,NULL),
(1619,82,'Buug',0,0,NULL,'2020-02-19 09:49:57',NULL,NULL),
(1620,82,'Diplahan',0,0,NULL,'2020-02-19 09:49:57',NULL,NULL),
(1621,82,'Imelda',0,0,NULL,'2020-02-19 09:49:57',NULL,NULL),
(1622,82,'Ipil',0,0,NULL,'2020-02-19 09:49:57',NULL,NULL),
(1623,82,'Kabasalan',0,0,NULL,'2020-02-19 09:49:57',NULL,NULL),
(1624,82,'Mabuhay',0,0,NULL,'2020-02-19 09:49:57',NULL,NULL),
(1625,82,'Malangas',0,0,NULL,'2020-02-19 09:49:57',NULL,NULL),
(1626,82,'Naga',0,0,NULL,'2020-02-19 09:49:57',NULL,NULL),
(1627,82,'Olutanga',0,0,NULL,'2020-02-19 09:49:57',NULL,NULL),
(1628,82,'Payao',0,0,NULL,'2020-02-19 09:49:57',NULL,NULL),
(1629,82,'Roseller Lim',0,0,NULL,'2020-02-19 09:49:57',NULL,NULL),
(1630,82,'Siay',0,0,NULL,'2020-02-19 09:49:57',NULL,NULL),
(1631,82,'Talusan',0,0,NULL,'2020-02-19 09:49:57',NULL,NULL),
(1632,82,'Titay',0,0,NULL,'2020-02-19 09:49:57',NULL,NULL),
(1633,82,'Tungawan',0,0,NULL,'2020-02-19 09:49:57',NULL,NULL),
(1634,61,'Clark Freeport Zone (CFZ)',1,0,NULL,'0000-00-00 00:00:00',NULL,NULL),
(1635,77,'Clark Special Economic Zone (CSEZ)',0,0,NULL,'0000-00-00 00:00:00',NULL,NULL),
(1636,79,'Subic Bay Freeport Zone (SBFZ)',0,0,NULL,'0000-00-00 00:00:00',NULL,NULL),
(1637,10,'Subic Bay Freeport Zone (SBFZ)',0,0,NULL,'0000-00-00 00:00:00',NULL,NULL),
(1638,2,'aaa',0,0,26,'2020-04-17 07:22:26','2020-04-17 07:29:28','2020-04-17 07:29:28');

/*Table structure for table `oauth_access_tokens` */

DROP TABLE IF EXISTS `oauth_access_tokens`;

CREATE TABLE `oauth_access_tokens` (
  `id` varchar(100) COLLATE utf8mb4_unicode_ci NOT NULL,
  `user_id` bigint(20) DEFAULT NULL,
  `client_id` int(10) unsigned NOT NULL,
  `name` varchar(191) COLLATE utf8mb4_unicode_ci DEFAULT NULL,
  `scopes` text COLLATE utf8mb4_unicode_ci,
  `revoked` tinyint(1) NOT NULL,
  `created_at` timestamp NULL DEFAULT NULL,
  `updated_at` timestamp NULL DEFAULT NULL,
  `expires_at` datetime DEFAULT NULL,
  PRIMARY KEY (`id`),
  KEY `oauth_access_tokens_user_id_index` (`user_id`)
) ENGINE=InnoDB DEFAULT CHARSET=utf8mb4 COLLATE=utf8mb4_unicode_ci;

/*Data for the table `oauth_access_tokens` */

insert  into `oauth_access_tokens`(`id`,`user_id`,`client_id`,`name`,`scopes`,`revoked`,`created_at`,`updated_at`,`expires_at`) values 
('390c5ae036c4a680165a65bc484dca4825ae45db7d89d407c3b075f4ca4ebf9dd84ab82cf4238902',1,1,'Testing','[]',0,'2020-01-12 10:40:12','2020-01-12 10:40:12','2021-01-12 10:40:12');

/*Table structure for table `oauth_auth_codes` */

DROP TABLE IF EXISTS `oauth_auth_codes`;

CREATE TABLE `oauth_auth_codes` (
  `id` varchar(100) COLLATE utf8mb4_unicode_ci NOT NULL,
  `user_id` bigint(20) NOT NULL,
  `client_id` int(10) unsigned NOT NULL,
  `scopes` text COLLATE utf8mb4_unicode_ci,
  `revoked` tinyint(1) NOT NULL,
  `expires_at` datetime DEFAULT NULL,
  PRIMARY KEY (`id`)
) ENGINE=InnoDB DEFAULT CHARSET=utf8mb4 COLLATE=utf8mb4_unicode_ci;

/*Data for the table `oauth_auth_codes` */

/*Table structure for table `oauth_clients` */

DROP TABLE IF EXISTS `oauth_clients`;

CREATE TABLE `oauth_clients` (
  `id` int(10) unsigned NOT NULL AUTO_INCREMENT,
  `user_id` bigint(20) DEFAULT NULL,
  `name` varchar(191) COLLATE utf8mb4_unicode_ci NOT NULL,
  `secret` varchar(100) COLLATE utf8mb4_unicode_ci NOT NULL,
  `redirect` text COLLATE utf8mb4_unicode_ci NOT NULL,
  `personal_access_client` tinyint(1) NOT NULL,
  `password_client` tinyint(1) NOT NULL,
  `revoked` tinyint(1) NOT NULL,
  `created_at` timestamp NULL DEFAULT NULL,
  `updated_at` timestamp NULL DEFAULT NULL,
  PRIMARY KEY (`id`),
  KEY `oauth_clients_user_id_index` (`user_id`)
) ENGINE=InnoDB AUTO_INCREMENT=6 DEFAULT CHARSET=utf8mb4 COLLATE=utf8mb4_unicode_ci;

/*Data for the table `oauth_clients` */

insert  into `oauth_clients`(`id`,`user_id`,`name`,`secret`,`redirect`,`personal_access_client`,`password_client`,`revoked`,`created_at`,`updated_at`) values 
(1,NULL,'Laravel Personal Access Client','MiWkBhQ6KLmNMNTh0yntU4HWGz3UFCIoBIVg9Yt0','http://localhost',1,0,0,'2020-01-12 09:29:53','2020-01-12 09:29:53'),
(2,NULL,'Laravel Password Grant Client','yQKOgwuKjcqu0raTftgXBXthvMDG9VVAe0Ts5IQu','http://localhost',0,1,0,'2020-01-12 09:29:53','2020-01-12 09:29:53'),
(3,1,'Testing','fUuzNrRwoFuO7tHSIkNQvDK1WLC9YN0b673l6za0','testing',0,0,0,'2020-01-12 12:35:22','2020-01-12 12:35:22'),
(4,NULL,'Laravel Personal Access Client','phg3OQ2WB35zeI86ixCVjV3WDi3ZkC5dB57GBmvI','http://localhost',1,0,0,'2020-06-11 15:39:21','2020-06-11 15:39:21'),
(5,NULL,'Laravel Password Grant Client','Y9giwV1ESW1T91CghsLqAcdpIFX3sZ6DbQMnGvyS','http://localhost',0,1,0,'2020-06-11 15:39:21','2020-06-11 15:39:21');

/*Table structure for table `oauth_personal_access_clients` */

DROP TABLE IF EXISTS `oauth_personal_access_clients`;

CREATE TABLE `oauth_personal_access_clients` (
  `id` int(10) unsigned NOT NULL AUTO_INCREMENT,
  `client_id` int(10) unsigned NOT NULL,
  `created_at` timestamp NULL DEFAULT NULL,
  `updated_at` timestamp NULL DEFAULT NULL,
  PRIMARY KEY (`id`),
  KEY `oauth_personal_access_clients_client_id_index` (`client_id`)
) ENGINE=InnoDB AUTO_INCREMENT=3 DEFAULT CHARSET=utf8mb4 COLLATE=utf8mb4_unicode_ci;

/*Data for the table `oauth_personal_access_clients` */

insert  into `oauth_personal_access_clients`(`id`,`client_id`,`created_at`,`updated_at`) values 
(1,1,'2020-01-12 09:29:53','2020-01-12 09:29:53'),
(2,4,'2020-06-11 15:39:21','2020-06-11 15:39:21');

/*Table structure for table `oauth_refresh_tokens` */

DROP TABLE IF EXISTS `oauth_refresh_tokens`;

CREATE TABLE `oauth_refresh_tokens` (
  `id` varchar(100) COLLATE utf8mb4_unicode_ci NOT NULL,
  `access_token_id` varchar(100) COLLATE utf8mb4_unicode_ci NOT NULL,
  `revoked` tinyint(1) NOT NULL,
  `expires_at` datetime DEFAULT NULL,
  PRIMARY KEY (`id`),
  KEY `oauth_refresh_tokens_access_token_id_index` (`access_token_id`)
) ENGINE=InnoDB DEFAULT CHARSET=utf8mb4 COLLATE=utf8mb4_unicode_ci;

/*Data for the table `oauth_refresh_tokens` */

/*Table structure for table `order_categories` */

DROP TABLE IF EXISTS `order_categories`;

CREATE TABLE `order_categories` (
  `id` int(2) NOT NULL AUTO_INCREMENT,
  `order_category_name` varchar(50) NOT NULL,
  `employee_id` int(10) NOT NULL,
  `created_at` datetime NOT NULL,
  `updated_at` datetime DEFAULT NULL,
  `deleted_at` datetime DEFAULT NULL,
  PRIMARY KEY (`id`)
) ENGINE=InnoDB AUTO_INCREMENT=12 DEFAULT CHARSET=utf8;

/*Data for the table `order_categories` */

insert  into `order_categories`(`id`,`order_category_name`,`employee_id`,`created_at`,`updated_at`,`deleted_at`) values 
(1,'Manual',1,'2020-04-21 11:27:34','2020-04-21 11:27:34',NULL),
(2,'Manual (Sheeted)',1,'2020-04-21 11:27:34','2020-04-21 11:27:34',NULL),
(3,'Instruction Sheet',1,'2020-04-21 11:27:34','2020-04-21 11:27:34',NULL),
(4,'Label (Blank)',1,'2020-04-21 11:27:34','2020-04-21 11:27:34',NULL),
(5,'Label (Rolled)',1,'2020-04-21 11:27:34','2020-04-21 11:27:34',NULL),
(6,'Label (Sheeted)',1,'2020-04-21 11:27:34','2020-04-21 11:27:34',NULL),
(7,'Leaflet',1,'2020-04-21 11:27:34','2020-04-21 11:27:34',NULL),
(8,'Continuous Form',1,'2020-04-21 11:27:34','2020-04-21 11:27:34',NULL),
(9,'Envelope (Big)',1,'2020-04-21 11:27:34','2020-04-21 11:27:34',NULL),
(10,'Envelope (Regular)',1,'2020-04-21 11:27:34','2020-04-21 11:27:34',NULL),
(11,'Envelope (Standard)',1,'2020-04-21 11:27:34','2020-04-21 11:27:34',NULL);

/*Table structure for table `order_materials_primary` */

DROP TABLE IF EXISTS `order_materials_primary`;

CREATE TABLE `order_materials_primary` (
  `id` int(10) NOT NULL AUTO_INCREMENT,
  `order_id` int(10) NOT NULL,
  `material_id` int(10) NOT NULL,
  `order_material_length` double NOT NULL,
  `order_material_length_unit` varchar(2) NOT NULL,
  `order_material_width` double NOT NULL,
  `order_material_width_unit` varchar(2) NOT NULL,
  `order_material_margintb` double NOT NULL,
  `order_material_margintb_unit` varchar(2) NOT NULL DEFAULT 'mm',
  `order_material_marginlr` double NOT NULL,
  `order_material_marginlr_unit` varchar(2) NOT NULL DEFAULT 'mm',
  `order_pages` int(3) DEFAULT NULL,
  `order_rolls` int(3) DEFAULT NULL,
  `order_material_cut` int(1) DEFAULT NULL,
  `order_material_slit` int(1) DEFAULT NULL,
  `order_material_cylinder` int(2) DEFAULT NULL,
  `order_material_layout_overlap` double DEFAULT NULL,
  `order_material_layout_overlap_unit` varchar(2) DEFAULT 'mm',
  `order_material_outs` int(2) DEFAULT NULL,
  `employee_id` int(10) NOT NULL,
  `created_at` datetime NOT NULL,
  `updated_at` datetime DEFAULT NULL,
  `deleted_at` datetime DEFAULT NULL,
  PRIMARY KEY (`id`)
) ENGINE=InnoDB AUTO_INCREMENT=47 DEFAULT CHARSET=utf8;

/*Data for the table `order_materials_primary` */

insert  into `order_materials_primary`(`id`,`order_id`,`material_id`,`order_material_length`,`order_material_length_unit`,`order_material_width`,`order_material_width_unit`,`order_material_margintb`,`order_material_margintb_unit`,`order_material_marginlr`,`order_material_marginlr_unit`,`order_pages`,`order_rolls`,`order_material_cut`,`order_material_slit`,`order_material_cylinder`,`order_material_layout_overlap`,`order_material_layout_overlap_unit`,`order_material_outs`,`employee_id`,`created_at`,`updated_at`,`deleted_at`) values 
(20,24,14,1,'mm',2,'m',4,'mm',5,'mm',5,6,7,8,9,1,'mm',2,26,'2020-04-23 09:57:47','2020-04-23 09:57:47',NULL),
(21,25,1,1,'mm',2,'cm',3,'mm',8,'cm',4,8,4,7,5,5,'mm',6,26,'2020-04-24 00:45:07','2020-04-24 05:44:11','2020-04-24 05:44:11'),
(22,26,1,1,'mm',6,'cm',2,'mm',7,'cm',3,8,4,9,5,6,'cm',8,26,'2020-04-24 00:54:35','2020-04-24 00:54:35',NULL),
(23,27,1,1,'mm',3,'cm',3,'mm',5,'cm',1,2,4,5,6,7,'m',7,26,'2020-04-24 00:58:26','2020-04-24 00:58:26',NULL),
(25,25,2,1,'cm',7,'m',2,'cm',8,'cm',3,9,4,1,5,6,'mm',2,26,'2020-04-24 05:42:19','2020-04-24 06:08:52','2020-04-24 06:08:52'),
(26,25,2,1,'cm',7,'m',2,'cm',8,'cm',3,9,4,1,5,6,'mm',2,26,'2020-04-24 05:44:11','2020-04-24 06:08:52','2020-04-24 06:08:52'),
(27,25,132,1,'mm',7,'cm',2,'mm',8,'cm',3,9,4,4,5,6,'mm',2,26,'2020-04-24 06:09:33','2020-04-24 07:08:06',NULL),
(28,25,2,1,'mm',7,'cm',2,'mm',8,'cm',3,5,4,3,5,6,'cm',2,26,'2020-04-24 06:12:46','2020-04-24 07:08:06',NULL),
(29,28,2,1,'mm',7,'cm',2,'mm',8,'mm',3,9,4,1,5,6,'mm',2,26,'2020-04-26 23:54:17','2020-04-26 23:54:17',NULL),
(30,28,2,1,'mm',2,'cm',3,'mm',4,'mm',5,6,7,8,9,2,'mm',1,26,'2020-04-26 23:54:17','2020-04-26 23:54:17',NULL),
(31,28,129,2,'mm',1,'cm',3,'mm',4,'mm',5,6,2,4,2,1,'mm',3,26,'2020-04-26 23:54:17','2020-04-26 23:54:17',NULL),
(32,29,1,1,'mm',6,'cm',2,'mm',3,'mm',3,2,4,4,5,5,'mm',1,26,'2020-04-27 03:46:41','2020-04-27 04:53:31',NULL),
(33,30,125,1,'mm',3,'cm',2,'mm',3,'cm',4,2,3,2,4,5,'mm',3,26,'2020-04-27 06:26:13','2020-04-27 19:05:04','2020-04-27 19:05:04'),
(34,30,125,2,'mm',2,'cm',2,'mm',3,'cm',3,2,2,3,4,2,'mm',3,26,'2020-04-27 06:26:13','2020-04-27 23:20:04',NULL),
(35,30,2,1,'mm',3,'m',2,'mm',4,'mm',3,3,4,2,6,7,'mm',2,26,'2020-04-27 19:06:57','2020-04-27 19:07:59','2020-04-27 19:07:59'),
(36,30,20,1,'mm',2,'cm',2,'mm',1,'mm',3,3,4,2,5,6,'mm',1,26,'2020-04-27 19:06:57','2020-04-27 23:20:04',NULL),
(37,30,2,2,'cm',2,'cm',2,'cm',2,'cm',2,2,2,2,2,2,'cm',2,26,'2020-04-27 19:12:44','2020-04-27 23:20:04',NULL),
(38,31,1,20,'in',20,'in',1,'in',1,'in',100,5,5,5,5,1,'in',100,26,'2020-05-04 08:31:16','2020-05-04 08:31:16',NULL),
(39,31,2,20,'in',20,'in',1,'in',1,'in',100,5,5,5,5,1,'in',5,26,'2020-05-04 08:31:16','2020-05-04 08:31:16',NULL),
(40,32,14,15,'in',15,'in',1,'in',1,'in',2,3,4,5,6,5,'mm',7,26,'2020-05-07 11:58:50','2020-05-07 11:58:50',NULL),
(41,32,25,30,'in',40,'in',1,'in',1,'in',3,4,5,3,4,1,'mm',2,26,'2020-05-07 11:58:50','2020-05-07 11:58:50',NULL),
(42,33,125,5,'in',10,'in',4,'mm',8,'mm',5,6,4,5,3,4,'mm',2,26,'2020-05-13 14:37:17','2020-05-15 09:48:25',NULL),
(43,33,130,5,'in',4,'in',2,'cm',3,'cm',3,3,2,2,2,2,'mm',3,26,'2020-05-13 14:37:17','2020-05-15 09:48:25',NULL),
(44,34,125,120,'in',200,'in',1,'in',1,'in',100,10,10,2,2,1,'mi',200,26,'2020-06-02 10:09:36','2020-06-02 10:09:36',NULL),
(45,35,125,200,'in',200,'in',1,'in',1,'in',100,5,2,1,1,1,'mm',200,26,'2020-06-02 11:27:06','2020-06-02 14:10:23',NULL),
(46,36,125,120,'in',180,'in',2,'in',2,'in',1000,1,2,2,2,1,'mm',1000,26,'2020-06-02 15:24:22','2020-06-02 15:24:22',NULL);

/*Table structure for table `order_materials_secondary` */

DROP TABLE IF EXISTS `order_materials_secondary`;

CREATE TABLE `order_materials_secondary` (
  `id` int(10) NOT NULL AUTO_INCREMENT,
  `order_id` int(10) NOT NULL,
  `material_id` int(10) NOT NULL,
  `order_material_length` double NOT NULL,
  `order_material_length_unit` varchar(2) NOT NULL,
  `order_material_width` double NOT NULL,
  `order_material_width_unit` varchar(2) NOT NULL,
  `employee_id` int(10) NOT NULL,
  `created_at` datetime NOT NULL,
  `updated_at` datetime DEFAULT NULL,
  `deleted_at` datetime DEFAULT NULL,
  PRIMARY KEY (`id`)
) ENGINE=InnoDB AUTO_INCREMENT=23 DEFAULT CHARSET=utf8;

/*Data for the table `order_materials_secondary` */

insert  into `order_materials_secondary`(`id`,`order_id`,`material_id`,`order_material_length`,`order_material_length_unit`,`order_material_width`,`order_material_width_unit`,`employee_id`,`created_at`,`updated_at`,`deleted_at`) values 
(1,25,1,1,'mm',2,'mm',26,'2020-04-23 09:57:47','2020-04-24 07:08:06',NULL),
(2,25,1,1,'mm',2,'mm',26,'2020-04-24 00:45:07','2020-04-24 06:23:09','2020-04-24 06:23:09'),
(3,25,1,1,'mm',2,'mm',26,'2020-04-24 00:54:35','2020-04-24 06:23:09','2020-04-24 06:23:09'),
(4,25,1,1,'mm',2,'mm',26,'2020-04-24 00:58:26','2020-04-24 06:23:09','2020-04-24 06:23:09'),
(5,25,40,1,'mm',2,'m',26,'2020-04-24 06:23:43','2020-04-24 07:08:06',NULL),
(6,28,15,1,'mm',2,'cm',26,'2020-04-26 23:54:17','2020-04-26 23:54:17',NULL),
(7,28,125,1,'mm',2,'cm',26,'2020-04-26 23:54:17','2020-04-26 23:54:17',NULL),
(8,29,1,1,'mm',2,'cm',26,'2020-04-27 03:46:41','2020-04-27 04:53:31',NULL),
(9,30,125,1,'mm',2,'m',26,'2020-04-27 06:26:13','2020-04-27 19:17:16','2020-04-27 19:17:16'),
(10,30,125,2,'mm',2,'cm',26,'2020-04-27 06:26:13','2020-04-27 23:20:04',NULL),
(11,30,2,1,'mm',2,'cm',26,'2020-04-27 19:17:51','2020-04-27 23:20:04',NULL),
(12,29,125,1,'mm',1,'mm',26,'2020-04-28 06:56:13','2020-04-28 06:56:15',NULL),
(13,30,46,2,'mm',3,'cm',26,'2020-04-27 22:57:50','2020-04-27 23:20:04',NULL),
(14,31,1,20,'in',20,'in',26,'2020-05-04 08:31:16','2020-05-04 08:31:16',NULL),
(15,31,2,20,'in',20,'in',26,'2020-05-04 08:31:16','2020-05-04 08:31:16',NULL),
(16,32,2,20,'in',25,'in',26,'2020-05-07 11:58:50','2020-05-07 11:58:50',NULL),
(17,32,10,20,'in',40,'in',26,'2020-05-07 11:58:50','2020-05-07 11:58:50',NULL),
(18,33,1,5,'mm',3,'cm',26,'2020-05-13 14:37:17','2020-05-15 09:48:25',NULL),
(19,33,2,8,'cm',6,'in',26,'2020-05-13 14:37:17','2020-05-15 09:48:25',NULL),
(20,34,1,110,'in',160,'in',26,'2020-06-02 10:09:36','2020-06-02 10:09:36',NULL),
(21,35,1,200,'in',200,'in',26,'2020-06-02 11:27:06','2020-06-02 14:10:23',NULL),
(22,36,1,120,'in',180,'in',26,'2020-06-02 15:24:22','2020-06-02 15:24:22',NULL);

/*Table structure for table `order_materials_subcon` */

DROP TABLE IF EXISTS `order_materials_subcon`;

CREATE TABLE `order_materials_subcon` (
  `id` int(10) NOT NULL AUTO_INCREMENT,
  `order_id` int(10) NOT NULL,
  `material_id` int(10) NOT NULL,
  `order_material_length` double NOT NULL,
  `order_material_length_unit` varchar(2) NOT NULL,
  `order_material_width` double NOT NULL,
  `order_material_width_unit` varchar(2) NOT NULL,
  `employee_id` int(10) NOT NULL,
  `created_at` datetime NOT NULL,
  `updated_at` datetime DEFAULT NULL,
  `deleted_at` datetime DEFAULT NULL,
  PRIMARY KEY (`id`)
) ENGINE=InnoDB AUTO_INCREMENT=14 DEFAULT CHARSET=utf8;

/*Data for the table `order_materials_subcon` */

insert  into `order_materials_subcon`(`id`,`order_id`,`material_id`,`order_material_length`,`order_material_length_unit`,`order_material_width`,`order_material_width_unit`,`employee_id`,`created_at`,`updated_at`,`deleted_at`) values 
(7,30,66,1,'mm',2,'cm',26,'2020-04-27 06:26:13','2020-04-27 23:20:04',NULL),
(8,31,66,20,'in',20,'in',26,'2020-05-04 08:31:16','2020-05-04 08:31:16',NULL),
(9,32,72,25,'in',28,'in',26,'2020-05-07 11:58:50','2020-05-07 11:58:50',NULL),
(10,33,66,6,'in',9,'in',26,'2020-05-13 14:37:17','2020-05-15 09:48:25',NULL),
(11,34,73,130,'in',180,'in',26,'2020-06-02 10:09:36','2020-06-02 10:09:36',NULL),
(12,35,73,200,'in',200,'in',26,'2020-06-02 11:27:06','2020-06-02 14:10:23',NULL),
(13,36,73,120,'in',120,'in',26,'2020-06-02 15:24:22','2020-06-02 15:24:22',NULL);

/*Table structure for table `order_prints` */

DROP TABLE IF EXISTS `order_prints`;

CREATE TABLE `order_prints` (
  `id` int(10) NOT NULL AUTO_INCREMENT,
  `order_id` int(10) NOT NULL,
  `material_id` int(10) NOT NULL,
  `order_print_item` varchar(50) DEFAULT NULL,
  `order_print_machine_id` int(2) DEFAULT NULL,
  `order_print_front` int(1) NOT NULL DEFAULT '0',
  `order_print_front_regular` int(1) NOT NULL DEFAULT '0',
  `order_print_front_special` int(1) NOT NULL DEFAULT '0',
  `order_print_back` int(1) NOT NULL DEFAULT '0',
  `order_print_back_regular` int(1) NOT NULL DEFAULT '0',
  `order_print_back_special` int(1) NOT NULL DEFAULT '0',
  `order_print_regular` int(1) DEFAULT '0',
  `order_print_special` int(1) DEFAULT '0',
  `order_print_cutsize` int(1) DEFAULT '1',
  `order_print_outs` int(11) DEFAULT NULL,
  `order_print_pages` int(3) DEFAULT NULL,
  `order_print_wit` int(1) NOT NULL DEFAULT '0',
  `employee_id` int(10) NOT NULL,
  `created_at` datetime NOT NULL,
  `updated_at` datetime DEFAULT NULL,
  `deleted_at` datetime DEFAULT NULL,
  PRIMARY KEY (`id`)
) ENGINE=InnoDB AUTO_INCREMENT=25 DEFAULT CHARSET=utf8;

/*Data for the table `order_prints` */

insert  into `order_prints`(`id`,`order_id`,`material_id`,`order_print_item`,`order_print_machine_id`,`order_print_front`,`order_print_front_regular`,`order_print_front_special`,`order_print_back`,`order_print_back_regular`,`order_print_back_special`,`order_print_regular`,`order_print_special`,`order_print_cutsize`,`order_print_outs`,`order_print_pages`,`order_print_wit`,`employee_id`,`created_at`,`updated_at`,`deleted_at`) values 
(3,24,1,'GGGG',1,6,4,2,8,5,3,9,5,1,2,3,1,26,'2020-04-23 09:57:47','2020-04-23 09:57:47',NULL),
(4,24,66,'JJJJ',3,6,2,4,8,3,5,5,9,2,3,2,1,26,'2020-04-23 09:57:47','2020-04-23 09:57:47',NULL),
(5,25,1,'RRRR',2,10,4,6,12,5,7,9,13,1,2,3,1,26,'2020-04-24 00:45:07','2020-04-24 07:08:06','2020-04-24 07:08:06'),
(6,25,2,'HHH',2,10,4,6,12,5,7,9,13,1,2,3,1,26,'2020-04-24 00:54:35','2020-04-24 07:08:06',NULL),
(7,27,66,'HHHH',2,11,5,6,11,4,7,9,13,1,2,3,1,26,'2020-04-24 00:58:26','2020-04-24 00:58:26',NULL),
(8,28,3,'ITEM-1234',1,10,4,6,12,5,7,9,13,1,2,3,1,26,'2020-04-26 23:54:17','2020-04-26 23:54:17',NULL),
(9,28,5,'ITEM-124',1,10,4,6,12,5,7,9,13,1,2,3,1,26,'2020-04-26 23:54:17','2020-04-26 23:54:17',NULL),
(10,29,1,'DEWSF',2,11,5,6,6,4,2,9,8,1,2,3,1,26,'2020-04-27 03:46:41','2020-04-27 04:53:31',NULL),
(11,30,1,'DWD',1,5,2,3,5,2,3,4,6,2,2,1,1,26,'2020-04-27 06:26:13','2020-04-27 23:04:17','2020-04-27 23:04:17'),
(12,30,1,'FDDFG',1,3,2,1,5,2,3,4,4,2,2,1,1,26,'2020-04-27 06:26:13','2020-04-27 23:20:04',NULL),
(13,30,3,'AAA',1,2,1,1,2,1,1,2,2,1,1,1,1,26,'2020-04-27 19:25:04','2020-04-27 23:20:04',NULL),
(14,31,1,'ORDER-PRINT-PART',1,8,4,4,8,4,4,8,8,4,200,100,1,26,'2020-05-04 08:31:16','2020-05-04 08:31:16',NULL),
(15,31,2,'ORDER-PRINT-BOOK',1,4,2,2,4,2,2,4,4,2,200,100,1,26,'2020-05-04 08:31:16','2020-05-04 08:31:16',NULL),
(16,32,1,'PRINT-1-4534',1,8,5,3,6,4,2,9,5,3,4,2,1,26,'2020-05-07 11:58:50','2020-05-07 11:58:50',NULL),
(17,32,2,'TEWHB-7632',2,10,4,6,10,5,5,9,11,3,3,2,0,26,'2020-05-07 11:58:50','2020-05-07 11:58:50',NULL),
(18,33,4,'PART-235',1,3,2,1,11,3,8,5,9,5,4,3,1,63,'2020-05-13 14:37:17','2020-05-15 09:48:25','2020-05-15 09:48:25'),
(19,33,66,'PART-836',2,6,3,3,6,2,4,5,7,5,3,2,1,63,'2020-05-13 14:37:17','2020-05-15 09:48:25','2020-05-15 09:48:25'),
(20,33,1,'PRINT-123',1,6,4,2,6,4,2,8,4,4,5,5,1,26,'2020-05-15 09:48:25','2020-05-15 09:48:25',NULL),
(21,33,2,'PART-234',1,4,2,2,4,2,2,4,4,4,3,4,1,26,'2020-05-15 09:48:25','2020-05-15 09:48:25',NULL),
(22,34,1,'PRINTING-ITEM-PART',1,6,4,2,6,4,2,8,4,4,200,100,1,26,'2020-06-02 10:09:36','2020-06-02 10:09:36',NULL),
(23,35,1,'PRINT XXX',1,6,4,2,6,4,2,8,4,4,200,10,1,26,'2020-06-02 11:27:06','2020-06-02 14:10:23',NULL),
(24,36,1,'PRINT XXX',1,6,2,4,6,2,4,4,8,2,100,5,1,26,'2020-06-02 15:24:22','2020-06-02 15:24:22',NULL);

/*Table structure for table `order_processes` */

DROP TABLE IF EXISTS `order_processes`;

CREATE TABLE `order_processes` (
  `id` int(10) NOT NULL AUTO_INCREMENT,
  `order_id` int(10) NOT NULL,
  `order_process_description` varchar(255) DEFAULT NULL,
  `order_process_id` int(10) NOT NULL,
  `order_process_cuts` int(2) DEFAULT NULL,
  `order_process_folds` int(2) DEFAULT NULL,
  `order_process_outs` int(6) DEFAULT NULL,
  `order_process_paper_size` varchar(2) DEFAULT 'na',
  `order_process_signature` varchar(2) DEFAULT NULL,
  `order_process_gsm` int(4) DEFAULT NULL,
  `employee_id` int(10) NOT NULL,
  `created_at` datetime NOT NULL,
  `updated_at` datetime DEFAULT NULL,
  `deleted_at` datetime DEFAULT NULL,
  PRIMARY KEY (`id`)
) ENGINE=InnoDB AUTO_INCREMENT=22 DEFAULT CHARSET=utf8;

/*Data for the table `order_processes` */

insert  into `order_processes`(`id`,`order_id`,`order_process_description`,`order_process_id`,`order_process_cuts`,`order_process_folds`,`order_process_outs`,`order_process_paper_size`,`order_process_signature`,`order_process_gsm`,`employee_id`,`created_at`,`updated_at`,`deleted_at`) values 
(1,24,NULL,2,1,3,2,'4','5',6,26,'2020-04-23 09:57:47','2020-04-23 09:57:47',NULL),
(2,24,NULL,4,2,4,3,'5','6',7,26,'2020-04-23 09:57:47','2020-04-23 09:57:47',NULL),
(3,25,NULL,1,1,3,2,'4','5',6,26,'2020-04-24 00:45:07','2020-04-24 00:45:07',NULL),
(4,25,NULL,1,1,3,2,'4','5',6,26,'2020-04-24 00:45:07','2020-04-24 00:45:07',NULL),
(5,26,NULL,2,1,3,2,'4','5',6,26,'2020-04-24 00:54:35','2020-04-24 00:54:35',NULL),
(6,27,NULL,2,5,7,6,'8','5',3,26,'2020-04-24 00:58:26','2020-04-24 00:58:26',NULL),
(7,28,NULL,1,1,3,2,'4','5',6,26,'2020-04-26 23:54:17','2020-04-26 23:54:17',NULL),
(8,28,NULL,5,1,3,4,'6','5',2,26,'2020-04-26 23:54:17','2020-04-26 23:54:17',NULL),
(9,29,NULL,2,1,3,2,'3','5',4,26,'2020-04-27 03:46:42','2020-04-27 04:53:31','2020-04-27 04:53:31'),
(10,30,'d',6,1,3,2,'4','5',6,26,'2020-04-27 04:53:31','2020-04-27 23:12:59','2020-04-27 23:12:59'),
(11,30,'f',1,1,3,2,'2','1',2,26,'2020-04-27 06:26:13','2020-04-27 23:20:04',NULL),
(12,30,'g',4,1,1,1,'1','1',1,26,'2020-04-27 23:12:59','2020-04-27 23:20:04',NULL),
(13,31,NULL,1,4,50,100,'4','4',4,26,'2020-05-04 08:31:16','2020-05-04 08:31:16',NULL),
(14,31,NULL,2,2,2,2,'2','2',2,26,'2020-05-04 08:31:16','2020-05-04 08:31:16',NULL),
(15,32,NULL,5,3,3,4,'2','4',3,26,'2020-05-07 11:58:50','2020-05-07 11:58:50',NULL),
(16,32,NULL,6,7,6,5,'4','5',2,26,'2020-05-07 11:58:50','2020-05-07 11:58:50',NULL),
(17,33,'DESC-832',2,4,2,3,'1','4',2,26,'2020-05-13 14:37:17','2020-05-15 09:48:25',NULL),
(18,33,'DESC-863',4,4,4,2,'7','6',2,26,'2020-05-13 14:37:17','2020-05-15 09:48:25',NULL),
(19,34,'PROCESS-DESCRIPTION-DIE CUTTING',1,2,4,200,'5','10',25,26,'2020-06-02 10:09:36','2020-06-02 10:09:36',NULL),
(20,35,'DIE CUT XXX',1,2,5,200,'10','10',120,26,'2020-06-02 11:27:06','2020-06-02 14:10:23',NULL),
(21,36,'DIE CUT XXX',1,4,2,100,'2','5',8,26,'2020-06-02 15:24:22','2020-06-02 15:24:22',NULL);

/*Table structure for table `order_processes_subcon` */

DROP TABLE IF EXISTS `order_processes_subcon`;

CREATE TABLE `order_processes_subcon` (
  `id` int(10) NOT NULL AUTO_INCREMENT,
  `order_id` int(10) NOT NULL,
  `order_process_subcon` varchar(50) NOT NULL,
  `order_process_subcon_description` text,
  `employee_id` int(10) NOT NULL,
  `created_at` datetime NOT NULL,
  `updated_at` datetime DEFAULT NULL,
  `deleted_at` datetime DEFAULT NULL,
  PRIMARY KEY (`id`)
) ENGINE=InnoDB AUTO_INCREMENT=22 DEFAULT CHARSET=utf8;

/*Data for the table `order_processes_subcon` */

insert  into `order_processes_subcon`(`id`,`order_id`,`order_process_subcon`,`order_process_subcon_description`,`employee_id`,`created_at`,`updated_at`,`deleted_at`) values 
(1,24,'HHHH','DDDD',26,'2020-04-23 09:57:47','2020-04-23 09:57:47',NULL),
(2,24,'HHHH','DDDD',26,'2020-04-23 09:57:47','2020-04-23 09:57:47',NULL),
(3,25,'RRR','RRRRTTT',26,'2020-04-24 00:45:07','2020-04-24 00:45:07',NULL),
(4,25,'RRR','RRRRTTT',26,'2020-04-24 00:45:07','2020-04-24 00:45:07',NULL),
(5,26,'KKKK','LLL',26,'2020-04-24 00:54:35','2020-04-24 00:54:35',NULL),
(6,26,'KKKK','LLL',26,'2020-04-24 00:54:35','2020-04-24 00:54:35',NULL),
(7,27,'VVV','DDD',26,'2020-04-24 00:58:26','2020-04-24 00:58:26',NULL),
(8,27,'VVV','DDD',26,'2020-04-24 00:58:26','2020-04-24 00:58:26',NULL),
(9,1,'PROCESS-125','DESC-2673',26,'2020-04-26 23:54:18','2020-04-26 23:54:18',NULL),
(10,1,'PROCESS-9372','DESC-827',26,'2020-04-26 23:54:18','2020-04-26 23:54:18',NULL),
(11,29,'DFGH','WWETF',26,'2020-04-27 03:46:42','2020-04-27 23:20:05',NULL),
(12,30,'DF','DFG',26,'2020-04-27 06:26:13','2020-04-27 23:20:05',NULL),
(13,30,'AFA','SEEW',26,'2020-04-27 23:20:05','2020-04-27 23:20:05',NULL),
(14,31,'SUBC-PROCESS','SUBC-PROCESS-DESC',26,'2020-05-04 08:31:16','2020-05-04 08:31:16',NULL),
(15,32,'FGDGFD','EERR',26,'2020-05-07 11:58:50','2020-05-07 11:58:50',NULL),
(16,32,'EWERW','DSF',26,'2020-05-07 11:58:50','2020-05-07 11:58:50',NULL),
(17,33,'NAME-726','DESC-872',26,'2020-05-13 14:37:17','2020-05-15 09:48:25',NULL),
(18,33,'PROCESS-73662','DESC-736',26,'2020-05-13 14:37:17','2020-05-15 09:48:25',NULL),
(19,34,'SUBCON-PROCESS-NAME','SUBCON PROCESS DESCRIPTION',26,'2020-06-02 10:09:36','2020-06-02 10:09:36',NULL),
(20,35,'SUBCON PROCESS XXXX','SUBCON PROCESS DESCRIPTION',26,'2020-06-02 11:27:06','2020-06-02 14:10:23',NULL),
(21,36,'SUBCON PROCESS XXX','SUBCON PROCESS DESCRIPTION XXXX',26,'2020-06-02 15:24:22','2020-06-02 15:24:22',NULL);

/*Table structure for table `orders` */

DROP TABLE IF EXISTS `orders`;

CREATE TABLE `orders` (
  `id` int(10) NOT NULL AUTO_INCREMENT,
  `order_item_code` varchar(13) DEFAULT NULL,
  `order_item_description` varchar(30) NOT NULL,
  `order_part_number` varchar(20) NOT NULL,
  `order_category` int(2) DEFAULT NULL,
  `order_currency` varchar(3) NOT NULL,
  `order_item_type_code` int(2) NOT NULL,
  `order_item_classification` int(2) DEFAULT NULL,
  `order_length` double NOT NULL,
  `order_length_unit` varchar(2) NOT NULL,
  `order_width` double NOT NULL,
  `order_width_unit` varchar(2) NOT NULL,
  `order_gaplr` double NOT NULL,
  `order_gaplr_unit` varchar(2) NOT NULL DEFAULT 'mm',
  `order_gaptb` double NOT NULL,
  `order_gaptb_unit` varchar(2) NOT NULL DEFAULT 'mm',
  `order_remarks` varchar(191) DEFAULT NULL,
  `employee_id` int(10) NOT NULL,
  `created_at` datetime NOT NULL,
  `updated_at` datetime DEFAULT NULL,
  `deleted_at` datetime DEFAULT NULL,
  PRIMARY KEY (`id`)
) ENGINE=InnoDB AUTO_INCREMENT=37 DEFAULT CHARSET=utf8;

/*Data for the table `orders` */

insert  into `orders`(`id`,`order_item_code`,`order_item_description`,`order_part_number`,`order_category`,`order_currency`,`order_item_type_code`,`order_item_classification`,`order_length`,`order_length_unit`,`order_width`,`order_width_unit`,`order_gaplr`,`order_gaplr_unit`,`order_gaptb`,`order_gaptb_unit`,`order_remarks`,`employee_id`,`created_at`,`updated_at`,`deleted_at`) values 
(24,'AD1-LB0000001','DDDD','RRRR',3,'',4,4,1,'mm',3,'cm',4,'mm',5,'cm','SS',26,'2020-04-23 09:57:47','2020-04-30 12:56:41','2020-04-30 12:56:41'),
(25,'AD1-LB0000002','WWWWXX','QQQAXX',3,'',9,11,2,'cm',2,'m',3,'mm',3,'m','DDXX',26,'2020-04-24 00:45:07','2020-04-30 12:56:45','2020-04-30 12:56:45'),
(26,'AD1-LB0000003','JJ','HHH',2,'',4,4,1,'mm',3,'m',2,'mm',4,'m','GG',26,'2020-04-24 00:54:35','2020-04-26 23:41:54','2020-04-26 23:41:54'),
(27,'AD1-EN0000004','DD','FF',1,'',2,16,1,'mm',2,'cm',3,'m',4,'cm','FF',26,'2020-04-24 00:58:26','2020-04-30 12:56:37','2020-04-30 12:56:37'),
(28,'AD1-LB0000005','DESC-123','PART-123',3,'',4,4,1,'mm',3,'cm',2,'mm',4,'cm','REM-2711',26,'2020-04-26 23:54:17','2020-05-07 08:37:52','2020-05-07 08:37:52'),
(29,'AD1-LB0000006','DFSFDS','GDGHSHSA',2,'',4,4,1,'mm',3,'cm',2,'mm',4,'mm','RTTRD',26,'2020-04-27 03:46:41','2020-05-07 08:38:02','2020-05-07 08:38:02'),
(30,'AD1-LB0000007','SSE','GSGS',13,'',4,4,1,'mm',1,'cm',2,'mm',2,'mm','BCFGD',26,'2020-04-27 06:26:13','2020-05-13 14:50:44','2020-05-13 14:50:44'),
(31,'AD2-EN0000008','ORDER-DESC','ORDER-1234',1,'',2,16,10,'in',8,'in',0.5,'in',0.5,'in','ORDER-ONLY',26,'2020-05-04 08:31:16','2020-05-13 14:50:49','2020-05-13 14:50:49'),
(32,'AD2-EN0000009','OR-JSG-332','ORDER-678',6,'',2,16,20,'in',30,'in',0.5,'in',1,'in','FGFDGFDSG',26,'2020-05-07 11:58:50','2020-05-13 14:50:41','2020-05-13 14:50:41'),
(33,'AD2-LL0000010','ORDER-DESCRIPTION','PART-789',1,'',5,14,10,'in',15,'in',2,'cm',5,'mm','REMARKS',26,'2020-05-13 14:37:17','2020-06-02 11:23:01','2020-06-02 11:23:01'),
(34,'AD2-EN0000011','ORDER DESCRIPTION TEST','PART-0602-AIKAWA',1,'',2,16,100,'in',150,'in',1,'in',1,'in','ORDER REMARKS',26,'2020-06-02 10:09:36','2020-06-02 11:23:04','2020-06-02 11:23:04'),
(35,'AD2-EN0000001','ORDER XXX','ORDER-0602',1,'USD',2,16,100,'in',150,'in',1,'in',1,'in','ORDER REMARKS',26,'2020-06-02 11:27:06','2020-06-02 14:11:26','2020-06-02 14:11:26'),
(36,'AD2-EN0000001','ORDER XXX','PART-XX-0602',1,'USD',2,16,150,'in',200,'in',1,'in',1,'in','REMARKS XXXX',26,'2020-06-02 15:24:22','2020-06-02 15:24:22',NULL);

/*Table structure for table `password_resets` */

DROP TABLE IF EXISTS `password_resets`;

CREATE TABLE `password_resets` (
  `email` varchar(191) COLLATE utf8mb4_unicode_ci NOT NULL,
  `token` varchar(191) COLLATE utf8mb4_unicode_ci NOT NULL,
  `created_at` timestamp NULL DEFAULT NULL,
  KEY `password_resets_email_index` (`email`)
) ENGINE=InnoDB DEFAULT CHARSET=utf8mb4 COLLATE=utf8mb4_unicode_ci;

/*Data for the table `password_resets` */

/*Table structure for table `permissions_department` */

DROP TABLE IF EXISTS `permissions_department`;

CREATE TABLE `permissions_department` (
  `id` int(10) NOT NULL AUTO_INCREMENT,
  `department_id` int(10) NOT NULL,
  `department_code` varchar(4) DEFAULT NULL,
  `item_id` varchar(10) NOT NULL,
  `category` varchar(191) NOT NULL,
  `description` varchar(191) NOT NULL,
  `created_at` datetime NOT NULL,
  `updated_at` datetime DEFAULT NULL,
  `deleted_at` datetime DEFAULT NULL,
  PRIMARY KEY (`id`)
) ENGINE=InnoDB AUTO_INCREMENT=91 DEFAULT CHARSET=latin1;

/*Data for the table `permissions_department` */

insert  into `permissions_department`(`id`,`department_id`,`department_code`,`item_id`,`category`,`description`,`created_at`,`updated_at`,`deleted_at`) values 
(1,29,NULL,'A0','Department Permissions','Department Permissions','2020-02-05 09:15:14','2020-02-05 09:15:14',NULL),
(2,29,NULL,'A1','Department Permissions','Create new department','2020-02-05 09:15:14','2020-02-05 09:15:14',NULL),
(3,29,NULL,'A2','Department Permissions','View department list','2020-02-05 09:15:14','2020-02-05 09:15:14',NULL),
(4,29,NULL,'A3','Department Permissions','View department details','2020-02-05 09:15:14','2020-02-05 09:15:14',NULL),
(5,29,NULL,'A4','Department Permissions','Edit department','2020-02-05 09:15:14','2020-02-05 09:15:14',NULL),
(6,30,NULL,'I0','Quotation Permissions','Quotation Permissions','2020-02-05 09:16:31','2020-02-05 09:16:31',NULL),
(7,30,NULL,'I1','Quotation Permissions','Create new quotation','2020-02-05 09:16:31','2020-02-05 09:16:31',NULL),
(8,30,NULL,'I2','Quotation Permissions','Manual entry for quotation','2020-02-05 09:16:31','2020-02-05 09:16:31',NULL),
(9,30,NULL,'I3','Quotation Permissions','View quotation list','2020-02-05 09:16:31','2020-02-05 09:16:31',NULL),
(10,30,NULL,'I4','Quotation Permissions','View quotation details','2020-02-05 09:16:31','2020-02-05 09:16:31',NULL),
(11,30,NULL,'K0','Sales Sheet Permissions','Sales Sheet Permissions','2020-02-05 09:16:31','2020-02-05 09:16:31',NULL),
(12,30,NULL,'K2','Sales Sheet Permissions','Manual entry for sales sheet','2020-02-05 09:16:31','2020-02-05 09:16:31',NULL),
(13,30,NULL,'K3','Sales Sheet Permissions','View sales sheet list','2020-02-05 09:16:31','2020-02-05 09:16:31',NULL),
(14,30,NULL,'K4','Sales Sheet Permissions','View closed sales sheet list','2020-02-05 09:16:31','2020-02-05 09:16:31',NULL),
(15,30,NULL,'K5','Sales Sheet Permissions','View deleted sales sheet list','2020-02-05 09:16:31','2020-02-05 09:16:31',NULL),
(16,2,NULL,'A0','Department Permissions','Department Permissions','2020-02-05 09:51:59','2020-02-05 09:51:59',NULL),
(17,2,NULL,'A1','Department Permissions','Create new department','2020-02-05 09:51:59','2020-02-05 09:51:59',NULL),
(18,2,NULL,'A2','Department Permissions','View department list','2020-02-05 09:51:59','2020-02-05 09:51:59',NULL),
(19,2,NULL,'A3','Department Permissions','View department details','2020-02-05 09:51:59','2020-02-05 09:51:59',NULL),
(20,2,NULL,'A4','Department Permissions','Edit department','2020-02-05 09:51:59','2020-02-05 09:51:59',NULL),
(22,2,NULL,'B0','Employee Permissions','Employee Permissions','2020-02-06 01:58:09','2020-02-06 01:58:09',NULL),
(23,2,NULL,'B1','Employee Permissions','Register new employee','2020-02-06 01:58:09','2020-02-06 01:58:09',NULL),
(24,2,NULL,'B2','Employee Permissions','View employee list','2020-02-06 01:58:09','2020-02-06 01:58:09',NULL),
(25,1,NULL,'H0','Computation Sheet Permissions','Computation Sheet Permissions','2020-02-06 02:04:18','2020-02-06 02:04:18',NULL),
(26,1,NULL,'H1','Computation Sheet Permissions','Create new computation sheet','2020-02-06 02:04:18','2020-02-06 02:04:18',NULL),
(27,1,NULL,'H2','Computation Sheet Permissions','Manual entry for computation sheet','2020-02-06 02:04:18','2020-02-06 02:04:18',NULL),
(28,1,NULL,'H3','Computation Sheet Permissions','View all computation sheet list','2020-02-06 02:04:18','2020-02-06 02:04:18',NULL),
(29,1,NULL,'H4','Computation Sheet Permissions','View valid computation sheet list','2020-02-06 02:04:18','2020-02-06 02:04:18',NULL),
(30,1,NULL,'H5','Computation Sheet Permissions','View latest version of valid computations sheet list','2020-02-06 02:04:18','2020-02-06 02:04:18',NULL),
(31,1,NULL,'H6','Computation Sheet Permissions','View all computation sheet details','2020-02-06 02:04:18','2020-02-06 02:04:18',NULL),
(32,1,NULL,'H7','Computation Sheet Permissions','View valid computations sheet details only','2020-02-06 02:04:18','2020-02-06 02:04:18',NULL),
(33,1,NULL,'H8','Computation Sheet Permissions','View latest version of valid computation sheet only','2020-02-06 02:04:18','2020-02-06 02:04:18',NULL),
(34,1,NULL,'H9','Computation Sheet Permissions','Edit all computation sheet details','2020-02-06 02:04:18','2020-02-06 02:04:18',NULL),
(35,1,NULL,'H10','Computation Sheet Permissions','Edit valid computations sheet details only','2020-02-06 02:04:18','2020-02-06 02:04:18',NULL),
(36,1,NULL,'H11','Computation Sheet Permissions','Edit latest version of valid computation sheet only','2020-02-06 02:04:18','2020-02-06 02:04:18',NULL),
(37,1,NULL,'H12','Computation Sheet Permissions','Delete all computation sheet details','2020-02-06 02:04:18','2020-02-06 02:04:18',NULL),
(38,1,NULL,'H13','Computation Sheet Permissions','Delete valid computations sheet details only','2020-02-06 02:04:18','2020-02-06 02:04:18',NULL),
(39,1,NULL,'H14','Computation Sheet Permissions','Delete latest version of valid computation sheet only','2020-02-06 02:04:18','2020-02-06 02:04:18',NULL),
(40,1,NULL,'H15','Computation Sheet Permissions','Restore deleted computation sheet','2020-02-06 02:04:18','2020-02-06 02:04:18',NULL),
(41,1,NULL,'H16','Computation Sheet Permissions','Computation sheet evaluator (Checker)','2020-02-06 02:04:18','2020-02-06 02:04:18',NULL),
(42,1,NULL,'H17','Computation Sheet Permissions','Computation sheet evaluator (Approver)','2020-02-06 02:04:18','2020-02-06 02:04:18',NULL),
(43,3,NULL,'A0','Department Permissions','Department Permissions','2020-02-06 02:04:58','2020-02-06 02:04:58',NULL),
(44,3,NULL,'A1','Department Permissions','Create new department','2020-02-06 02:04:58','2020-02-06 02:04:58',NULL),
(45,3,NULL,'A2','Department Permissions','View department list','2020-02-06 02:04:58','2020-02-06 02:04:58',NULL),
(46,3,NULL,'A3','Department Permissions','View department details','2020-02-06 02:04:58','2020-02-06 02:04:58',NULL),
(47,3,NULL,'A4','Department Permissions','Edit department','2020-02-06 02:04:58','2020-02-06 02:04:58',NULL),
(48,3,NULL,'A5','Department Permissions','Delete department','2020-02-06 02:04:58','2020-02-06 02:04:58',NULL),
(49,3,NULL,'A6','Department Permissions','Restore deleted department','2020-02-06 02:04:58','2020-02-06 02:04:58',NULL),
(50,3,NULL,'H0','Computation Sheet Permissions','Computation Sheet Permissions','2020-02-06 02:04:58','2020-02-06 02:04:58',NULL),
(51,3,NULL,'H9','Computation Sheet Permissions','Edit all computation sheet details','2020-02-06 02:04:58','2020-02-06 02:04:58',NULL),
(52,3,NULL,'H10','Computation Sheet Permissions','Edit valid computations sheet details only','2020-02-06 02:04:58','2020-02-06 02:04:58',NULL),
(53,3,NULL,'H11','Computation Sheet Permissions','Edit latest version of valid computation sheet only','2020-02-06 02:04:58','2020-02-06 02:04:58',NULL),
(54,3,NULL,'H12','Computation Sheet Permissions','Delete all computation sheet details','2020-02-06 02:04:58','2020-02-06 02:04:58',NULL),
(55,3,NULL,'H13','Computation Sheet Permissions','Delete valid computations sheet details only','2020-02-06 02:04:58','2020-02-06 02:04:58',NULL),
(56,3,NULL,'H14','Computation Sheet Permissions','Delete latest version of valid computation sheet only','2020-02-06 02:04:58','2020-02-06 02:04:58',NULL),
(57,3,NULL,'H15','Computation Sheet Permissions','Restore deleted computation sheet','2020-02-06 02:04:58','2020-02-06 02:04:58',NULL),
(58,3,NULL,'H16','Computation Sheet Permissions','Computation sheet evaluator (Checker)','2020-02-06 02:04:58','2020-02-06 02:04:58',NULL),
(59,3,NULL,'H17','Computation Sheet Permissions','Computation sheet evaluator (Approver)','2020-02-06 02:04:58','2020-02-06 02:04:58',NULL),
(60,1,NULL,'A0','Department Permissions','Department Permissions','2020-02-27 06:14:10','2020-02-27 06:14:10',NULL),
(61,1,NULL,'A1','Department Permissions','Create new department','2020-02-27 06:14:10','2020-02-27 06:14:10',NULL),
(62,1,NULL,'A2','Department Permissions','View department list','2020-02-27 06:14:10','2020-02-27 06:14:10',NULL),
(63,1,NULL,'A3','Department Permissions','View department details','2020-02-27 06:14:10','2020-02-27 06:14:10',NULL),
(64,1,NULL,'A4','Department Permissions','Edit department','2020-02-27 06:14:10','2020-02-27 06:14:10',NULL),
(65,1,NULL,'A5','Department Permissions','Delete department','2020-02-27 06:14:10','2020-02-27 06:14:10',NULL),
(66,1,NULL,'B0','Employee Permissions','Employee Permissions','2020-02-27 06:14:10','2020-02-27 06:14:10',NULL),
(67,1,NULL,'B1','Employee Permissions','Register new employee','2020-02-27 06:14:10','2020-02-27 06:14:10',NULL),
(68,1,NULL,'B2','Employee Permissions','View employee list','2020-02-27 06:14:10','2020-02-27 06:14:10',NULL),
(69,1,NULL,'B3','Employee Permissions','View employee details','2020-02-27 06:14:10','2020-02-27 06:14:10',NULL),
(70,1,NULL,'B4','Employee Permissions','Edit employee','2020-02-27 06:14:10','2020-02-27 06:14:10',NULL),
(71,1,NULL,'B5','Employee Permissions','Delete employee','2020-02-27 06:14:10','2020-02-27 06:14:10',NULL),
(72,2,NULL,'A0','Department Permissions','Department Permissions','2020-02-27 06:15:47','2020-02-27 06:15:47',NULL),
(73,2,NULL,'A1','Department Permissions','Create new department','2020-02-27 06:15:47','2020-02-27 06:15:47',NULL),
(74,2,NULL,'A2','Department Permissions','View department list','2020-02-27 06:15:47','2020-02-27 06:15:47',NULL),
(75,2,NULL,'A3','Department Permissions','View department details','2020-02-27 06:15:47','2020-02-27 06:15:47',NULL),
(76,2,NULL,'B0','Employee Permissions','Employee Permissions','2020-02-27 06:15:47','2020-02-27 06:15:47',NULL),
(77,2,NULL,'B1','Employee Permissions','Register new employee','2020-02-27 06:15:47','2020-02-27 06:15:47',NULL),
(78,2,NULL,'B2','Employee Permissions','View employee list','2020-02-27 06:15:47','2020-02-27 06:15:47',NULL),
(79,2,NULL,'B3','Employee Permissions','View employee details','2020-02-27 06:15:47','2020-02-27 06:15:47',NULL),
(80,2,NULL,'B4','Employee Permissions','Edit employee','2020-02-27 06:15:47','2020-02-27 06:15:47',NULL),
(81,3,NULL,'A0','Department Permissions','Department Permissions','2020-02-27 06:16:14','2020-02-27 06:16:14',NULL),
(82,3,NULL,'A1','Department Permissions','Create new department','2020-02-27 06:16:14','2020-02-27 06:16:14',NULL),
(83,3,NULL,'A2','Department Permissions','View department list','2020-02-27 06:16:14','2020-02-27 06:16:14',NULL),
(84,3,NULL,'A3','Department Permissions','View department details','2020-02-27 06:16:14','2020-02-27 06:16:14',NULL),
(85,3,NULL,'A4','Department Permissions','Edit department','2020-02-27 06:16:14','2020-02-27 06:16:14',NULL),
(86,3,NULL,'B0','Employee Permissions','Employee Permissions','2020-02-27 06:16:14','2020-02-27 06:16:14',NULL),
(87,3,NULL,'B1','Employee Permissions','Register new employee','2020-02-27 06:16:14','2020-02-27 06:16:14',NULL),
(88,3,NULL,'B2','Employee Permissions','View employee list','2020-02-27 06:16:14','2020-02-27 06:16:14',NULL),
(89,3,NULL,'B3','Employee Permissions','View employee details','2020-02-27 06:16:14','2020-02-27 06:16:14',NULL),
(90,3,NULL,'B4','Employee Permissions','Edit employee','2020-02-27 06:16:14','2020-02-27 06:16:14',NULL);

/*Table structure for table `permissions_user` */

DROP TABLE IF EXISTS `permissions_user`;

CREATE TABLE `permissions_user` (
  `id` int(10) NOT NULL AUTO_INCREMENT,
  `user_id` int(10) NOT NULL,
  `item_id` varchar(5) NOT NULL,
  `category` varchar(191) NOT NULL,
  `description` varchar(191) NOT NULL,
  `created_at` datetime NOT NULL,
  `updated_at` datetime DEFAULT NULL,
  `deleted_at` datetime DEFAULT NULL,
  PRIMARY KEY (`id`)
) ENGINE=InnoDB AUTO_INCREMENT=353 DEFAULT CHARSET=latin1;

/*Data for the table `permissions_user` */

insert  into `permissions_user`(`id`,`user_id`,`item_id`,`category`,`description`,`created_at`,`updated_at`,`deleted_at`) values 
(298,63,'A0','Department Permissions','Department Permissions','2020-04-30 09:38:16','2020-04-30 09:38:16',NULL),
(299,63,'A1','Department Permissions','Create new department','2020-04-30 09:38:16','2020-04-30 09:38:16',NULL),
(300,63,'A2','Department Permissions','View department list','2020-04-30 09:38:16','2020-04-30 09:38:16',NULL),
(301,63,'A3','Department Permissions','View department details','2020-04-30 09:38:16','2020-04-30 09:38:16',NULL),
(302,63,'A4','Department Permissions','Edit department','2020-04-30 09:38:16','2020-04-30 09:38:16',NULL),
(303,63,'A5','Department Permissions','Delete department','2020-04-30 09:38:16','2020-04-30 09:38:16',NULL),
(304,63,'A6','Department Permissions','Restore deleted department','2020-04-30 09:38:16','2020-04-30 09:38:16',NULL),
(305,0,'A0','Department Permissions','Department Permissions','2020-04-30 10:54:07','2020-04-30 10:54:07',NULL),
(306,0,'A1','Department Permissions','Create new department','2020-04-30 10:54:07','2020-04-30 10:54:07',NULL),
(307,0,'A2','Department Permissions','View department list','2020-04-30 10:54:07','2020-04-30 10:54:07',NULL),
(308,0,'A3','Department Permissions','View department details','2020-04-30 10:54:07','2020-04-30 10:54:07',NULL),
(309,0,'A4','Department Permissions','Edit department','2020-04-30 10:54:07','2020-04-30 10:54:07',NULL),
(310,0,'A0','Department Permissions','Department Permissions','2020-04-30 10:55:04','2020-04-30 10:55:04',NULL),
(311,0,'A1','Department Permissions','Create new department','2020-04-30 10:55:04','2020-04-30 10:55:04',NULL),
(312,0,'A2','Department Permissions','View department list','2020-04-30 10:55:04','2020-04-30 10:55:04',NULL),
(313,0,'A3','Department Permissions','View department details','2020-04-30 10:55:04','2020-04-30 10:55:04',NULL),
(314,0,'A4','Department Permissions','Edit department','2020-04-30 10:55:04','2020-04-30 10:55:04',NULL),
(315,0,'A0','Department Permissions','Department Permissions','2020-05-06 10:09:25','2020-05-06 10:09:25',NULL),
(316,0,'A1','Department Permissions','Create new department','2020-05-06 10:09:25','2020-05-06 10:09:25',NULL),
(317,0,'A2','Department Permissions','View department list','2020-05-06 10:09:25','2020-05-06 10:09:25',NULL),
(318,0,'A0','Department Permissions','Department Permissions','2020-05-06 10:25:08','2020-05-06 10:25:08',NULL),
(319,0,'A1','Department Permissions','Create new department','2020-05-06 10:25:08','2020-05-06 10:25:08',NULL),
(320,0,'A0','Department Permissions','Department Permissions','2020-05-06 16:30:09','2020-05-06 16:30:09',NULL),
(321,0,'A1','Department Permissions','Create new department','2020-05-06 16:30:09','2020-05-06 16:30:09',NULL),
(322,0,'A2','Department Permissions','View department list','2020-05-06 16:30:09','2020-05-06 16:30:09',NULL),
(323,66,'A0','Department Permissions','Department Permissions','2020-05-08 14:19:15','2020-05-08 14:19:15',NULL),
(324,66,'A1','Department Permissions','Create new department','2020-05-08 14:19:15','2020-05-08 14:19:15',NULL),
(325,66,'A2','Department Permissions','View department list','2020-05-08 14:19:15','2020-05-08 14:19:15',NULL),
(326,66,'A3','Department Permissions','View department details','2020-05-08 14:19:15','2020-05-08 14:19:15',NULL),
(327,66,'A4','Department Permissions','Edit department','2020-05-08 14:19:15','2020-05-08 14:19:15',NULL),
(328,68,'A0','Department Permissions','Department Permissions','2020-05-08 14:20:26','2020-05-08 14:20:26',NULL),
(329,68,'A1','Department Permissions','Create new department','2020-05-08 14:20:26','2020-05-08 14:20:26',NULL),
(330,68,'A2','Department Permissions','View department list','2020-05-08 14:20:26','2020-05-08 14:20:26',NULL),
(331,68,'A3','Department Permissions','View department details','2020-05-08 14:20:26','2020-05-08 14:20:26',NULL),
(332,68,'A4','Department Permissions','Edit department','2020-05-08 14:20:26','2020-05-08 14:20:26',NULL),
(333,67,'A0','Department Permissions','Department Permissions','2020-05-08 14:21:22','2020-05-08 14:21:22',NULL),
(334,67,'A1','Department Permissions','Create new department','2020-05-08 14:21:22','2020-05-08 14:21:22',NULL),
(335,67,'A2','Department Permissions','View department list','2020-05-08 14:21:22','2020-05-08 14:21:22',NULL),
(336,67,'A3','Department Permissions','View department details','2020-05-08 14:21:22','2020-05-08 14:21:22',NULL),
(337,67,'A4','Department Permissions','Edit department','2020-05-08 14:21:22','2020-05-08 14:21:22',NULL),
(338,64,'A0','Department Permissions','Department Permissions','2020-05-08 14:22:53','2020-05-08 14:22:53',NULL),
(339,64,'A1','Department Permissions','Create new department','2020-05-08 14:22:53','2020-05-08 14:22:53',NULL),
(340,64,'A2','Department Permissions','View department list','2020-05-08 14:22:53','2020-05-08 14:22:53',NULL),
(341,64,'A3','Department Permissions','View department details','2020-05-08 14:22:53','2020-05-08 14:22:53',NULL),
(342,64,'B0','Employee Permissions','Employee Permissions','2020-05-08 14:22:53','2020-05-08 14:22:53',NULL),
(343,64,'B1','Employee Permissions','Register new employee','2020-05-08 14:22:53','2020-05-08 14:22:53',NULL),
(344,64,'B2','Employee Permissions','View employee list','2020-05-08 14:22:53','2020-05-08 14:22:53',NULL),
(345,65,'A0','Department Permissions','Department Permissions','2020-05-08 14:25:34','2020-05-08 14:25:34',NULL),
(346,65,'A1','Department Permissions','Create new department','2020-05-08 14:25:34','2020-05-08 14:25:34',NULL),
(347,65,'A2','Department Permissions','View department list','2020-05-08 14:25:34','2020-05-08 14:25:34',NULL),
(348,65,'A3','Department Permissions','View department details','2020-05-08 14:25:34','2020-05-08 14:25:34',NULL),
(349,26,'A0','Department Permissions','Department Permissions','2020-06-11 12:13:53','2020-06-11 12:13:53',NULL),
(350,26,'A1','Department Permissions','Create new department','2020-06-11 12:13:53','2020-06-11 12:13:53',NULL),
(351,26,'A2','Department Permissions','View department list','2020-06-11 12:13:53','2020-06-11 12:13:53',NULL),
(352,26,'A3','Department Permissions','View department details','2020-06-11 12:13:53','2020-06-11 12:13:53',NULL);

/*Table structure for table `process` */

DROP TABLE IF EXISTS `process`;

CREATE TABLE `process` (
  `id` int(4) NOT NULL AUTO_INCREMENT,
  `name` varchar(255) NOT NULL,
  `description` text,
  `bundle` int(1) NOT NULL,
  `source_table` varchar(30) NOT NULL,
  `employee_id` int(10) DEFAULT NULL,
  `created_at` datetime DEFAULT NULL,
  `updated_at` datetime DEFAULT NULL,
  `deleted_at` datetime DEFAULT NULL,
  PRIMARY KEY (`id`)
) ENGINE=InnoDB AUTO_INCREMENT=29 DEFAULT CHARSET=latin1;

/*Data for the table `process` */

insert  into `process`(`id`,`name`,`description`,`bundle`,`source_table`,`employee_id`,`created_at`,`updated_at`,`deleted_at`) values 
(1,'Die Cutting','cutting',1,'matrix_diecut',NULL,NULL,'2019-07-15 09:43:58',NULL),
(2,'Die Cutting (Label)',NULL,1,'matrix_diecut_label',NULL,NULL,NULL,NULL),
(3,'Die Cutting and Lamination (Label)',NULL,1,'matrix_diecut_label',NULL,NULL,NULL,NULL),
(4,'Final Cutting (Book)',NULL,1,'matrix_cutting_book',NULL,'2019-07-17 21:30:21','2019-07-17 21:30:21',NULL),
(5,'Final Cutting (Sheet)',NULL,1,'matrix_cutting_sheet',NULL,NULL,NULL,NULL),
(6,'Gathering',NULL,1,'matrix_gathering',NULL,'2019-07-17 21:28:49','2019-07-17 21:28:49',NULL),
(7,'Inspection',NULL,1,'matrix_inspection',NULL,'2019-07-17 21:31:05','2019-07-17 21:31:05',NULL),
(8,'Machine Folding',NULL,1,'matrix_folding_machine',NULL,'2019-07-17 21:28:25','2019-07-17 21:28:25',NULL),
(9,'Manual Folding',NULL,1,'matrix_folding_manual',NULL,NULL,NULL,NULL),
(10,'Perfect Binding',NULL,1,'matrix_binding',NULL,NULL,NULL,NULL),
(11,'Pre-Cutting',NULL,1,'matrix_cutting_sheet',NULL,'2019-07-17 21:28:14','2019-07-17 21:28:14',NULL),
(12,'Stitching',NULL,1,'matrix_stitching',NULL,'2019-07-17 21:29:59','2019-07-17 21:29:59',NULL),
(13,'Numbering',NULL,1,'matrix_independent',NULL,NULL,NULL,NULL),
(14,'File Holing',NULL,1,'matrix_independent',NULL,NULL,NULL,NULL),
(15,'Crimping',NULL,1,'matrix_independent',NULL,NULL,NULL,NULL),
(16,'Attach Adhesive to Sofron, Attach Adhesive with Sofron to Envelope',NULL,2,'matrix_bundled',NULL,NULL,NULL,NULL),
(17,'Slashing, Gathering (Continuous Form)',NULL,2,'matrix_bundled',NULL,NULL,NULL,NULL),
(18,'Crimping, File Holing, Numbering',NULL,3,'matrix_bundled',NULL,NULL,NULL,NULL),
(19,'Perforation',NULL,1,'matrix_independent',NULL,NULL,NULL,NULL),
(20,'Attach Adhesive to Sofron',NULL,1,'matrix_independent',NULL,NULL,NULL,NULL),
(21,'Attach Adhesive with Sofron to Envelope',NULL,1,'matrix_independent',NULL,NULL,NULL,NULL),
(22,'Gluing',NULL,1,'matrix_independent',NULL,NULL,NULL,NULL),
(23,'Scoring',NULL,1,'matrix_independent',NULL,NULL,NULL,NULL),
(24,'sample 1',NULL,1,'matrix_independent',NULL,'2019-07-16 06:33:05','2019-07-16 06:33:05',NULL),
(25,'sample 2, sample 3',NULL,2,'matrix_bundled',NULL,'2019-07-16 07:04:47','2019-07-16 07:04:47',NULL),
(26,'sample 4, sample 5',NULL,2,'matrix_bundled',NULL,'2019-07-16 07:10:47','2019-07-16 07:10:47',NULL),
(27,'sample 2, sample 5',NULL,2,'matrix_bundled',NULL,'2019-07-30 11:47:27','2019-07-30 11:47:27',NULL),
(28,'sample 2, sample 6',NULL,2,'matrix_bundled',NULL,'2019-07-30 11:57:36','2019-07-30 11:57:36',NULL);

/*Table structure for table `process_reference` */

DROP TABLE IF EXISTS `process_reference`;

CREATE TABLE `process_reference` (
  `id` int(10) NOT NULL AUTO_INCREMENT,
  `process_id` int(10) NOT NULL,
  `ref_id` int(10) NOT NULL,
  `employee_id` int(10) NOT NULL,
  `created_at` datetime NOT NULL,
  `updated_at` datetime DEFAULT NULL,
  `deleted_at` datetime DEFAULT NULL,
  PRIMARY KEY (`id`)
) ENGINE=InnoDB AUTO_INCREMENT=32 DEFAULT CHARSET=latin1;

/*Data for the table `process_reference` */

insert  into `process_reference`(`id`,`process_id`,`ref_id`,`employee_id`,`created_at`,`updated_at`,`deleted_at`) values 
(1,1,1,0,'0000-00-00 00:00:00',NULL,NULL),
(2,2,2,0,'0000-00-00 00:00:00',NULL,NULL),
(3,3,3,0,'0000-00-00 00:00:00',NULL,NULL),
(4,4,4,0,'0000-00-00 00:00:00',NULL,NULL),
(5,5,5,0,'0000-00-00 00:00:00',NULL,NULL),
(6,6,6,0,'0000-00-00 00:00:00',NULL,NULL),
(7,7,7,0,'0000-00-00 00:00:00',NULL,NULL),
(8,8,8,0,'0000-00-00 00:00:00',NULL,NULL),
(9,9,9,0,'0000-00-00 00:00:00',NULL,NULL),
(10,10,10,0,'0000-00-00 00:00:00',NULL,NULL),
(11,11,11,0,'0000-00-00 00:00:00',NULL,NULL),
(12,12,12,0,'0000-00-00 00:00:00',NULL,NULL),
(13,13,13,0,'0000-00-00 00:00:00',NULL,NULL),
(14,14,14,0,'0000-00-00 00:00:00',NULL,NULL),
(15,15,15,0,'0000-00-00 00:00:00',NULL,NULL),
(16,16,13,0,'0000-00-00 00:00:00',NULL,NULL),
(17,16,14,0,'0000-00-00 00:00:00',NULL,NULL),
(18,17,22,0,'0000-00-00 00:00:00',NULL,NULL),
(19,17,17,0,'0000-00-00 00:00:00',NULL,NULL),
(20,18,15,0,'0000-00-00 00:00:00',NULL,NULL),
(21,18,16,0,'0000-00-00 00:00:00',NULL,NULL),
(22,18,19,0,'0000-00-00 00:00:00',NULL,NULL),
(23,19,21,0,'0000-00-00 00:00:00',NULL,NULL),
(24,20,13,0,'0000-00-00 00:00:00',NULL,NULL),
(25,21,14,0,'0000-00-00 00:00:00',NULL,NULL),
(26,22,18,0,'0000-00-00 00:00:00',NULL,NULL),
(27,24,25,0,'2019-07-16 06:33:05','2019-07-16 06:33:05',NULL),
(28,25,26,0,'2019-07-16 07:04:47','2019-07-16 07:04:47',NULL),
(29,25,26,0,'2019-07-16 07:04:47','2019-07-16 07:04:47',NULL),
(30,26,27,0,'2019-07-16 07:10:47','2019-07-16 07:10:47',NULL),
(31,26,28,0,'2019-07-16 07:10:48','2019-07-16 07:10:48',NULL);

/*Table structure for table `product_tracking` */

DROP TABLE IF EXISTS `product_tracking`;

CREATE TABLE `product_tracking` (
  `id` int(10) NOT NULL AUTO_INCREMENT,
  `product_id` int(10) NOT NULL,
  `product_flow` int(1) NOT NULL DEFAULT '0',
  `product_quantity` int(7) NOT NULL,
  `employee_id` int(10) NOT NULL,
  `created_at` datetime NOT NULL,
  `updated_at` datetime DEFAULT NULL,
  `deleted_at` datetime DEFAULT NULL,
  PRIMARY KEY (`id`)
) ENGINE=InnoDB AUTO_INCREMENT=3 DEFAULT CHARSET=utf8;

/*Data for the table `product_tracking` */

insert  into `product_tracking`(`id`,`product_id`,`product_flow`,`product_quantity`,`employee_id`,`created_at`,`updated_at`,`deleted_at`) values 
(1,4,1,100,26,'2020-04-07 23:28:56','2020-04-07 23:28:56',NULL),
(2,5,1,50,26,'2020-04-07 23:29:45','2020-04-07 23:29:45',NULL);

/*Table structure for table `products` */

DROP TABLE IF EXISTS `products`;

CREATE TABLE `products` (
  `id` int(10) NOT NULL AUTO_INCREMENT,
  `ss_reference_no` varchar(191) NOT NULL,
  `order_item_code` varchar(191) NOT NULL,
  `product_code` varchar(13) DEFAULT NULL,
  `product_part_number` varchar(20) DEFAULT NULL,
  `product_name` varchar(30) NOT NULL,
  `product_category_id` int(2) NOT NULL,
  `product_type_code_id` int(2) NOT NULL,
  `product_classification_id` int(2) DEFAULT NULL,
  `product_stock_quantity` int(7) NOT NULL,
  `product_stock_quantity_unit` int(1) NOT NULL,
  `product_customer` int(1) NOT NULL,
  `product_location` text,
  `product_last_in` datetime DEFAULT NULL,
  `product_last_out` datetime DEFAULT NULL,
  `employee_id` int(10) NOT NULL,
  `created_at` datetime NOT NULL,
  `updated_at` datetime DEFAULT NULL,
  `deleted_at` datetime DEFAULT NULL,
  PRIMARY KEY (`id`)
) ENGINE=InnoDB AUTO_INCREMENT=9 DEFAULT CHARSET=utf8;

/*Data for the table `products` */

insert  into `products`(`id`,`ss_reference_no`,`order_item_code`,`product_code`,`product_part_number`,`product_name`,`product_category_id`,`product_type_code_id`,`product_classification_id`,`product_stock_quantity`,`product_stock_quantity_unit`,`product_customer`,`product_location`,`product_last_in`,`product_last_out`,`employee_id`,`created_at`,`updated_at`,`deleted_at`) values 
(6,'SSH-37376AA','ORDER-83622AA','AD1-EN0000001','PART-37652','NAME-87632',1,2,16,500,1,1,'RACK-3632','2020-04-08 03:29:09',NULL,26,'2020-04-08 03:29:10','2020-04-08 03:30:28',NULL),
(7,'FDGFDG-763232','FRFES-23EWDF','AD1-LB0000002','FDSFDS','DSFFDS',1,4,4,400,1,2,'FDSFDS','2020-04-08 03:45:16',NULL,26,'2020-04-08 03:45:16','2020-04-08 03:45:16',NULL),
(8,'GHJH','JHGH','AD1-EN0000003','HJJH','JHJH',1,2,16,600,1,4,'JGJG','2020-04-08 03:46:40',NULL,26,'2020-04-08 03:46:40','2020-04-08 03:54:06',NULL);

/*Table structure for table `provinces` */

DROP TABLE IF EXISTS `provinces`;

CREATE TABLE `provinces` (
  `id` int(3) NOT NULL AUTO_INCREMENT,
  `province_name` varchar(50) NOT NULL,
  `is_customer_active` int(1) NOT NULL DEFAULT '0',
  `is_supplier_active` int(1) NOT NULL DEFAULT '0',
  `employee_id` int(10) DEFAULT NULL,
  `created_at` datetime DEFAULT NULL,
  `updated_at` datetime DEFAULT NULL,
  `deleted_at` datetime DEFAULT NULL,
  PRIMARY KEY (`id`)
) ENGINE=InnoDB AUTO_INCREMENT=85 DEFAULT CHARSET=utf8;

/*Data for the table `provinces` */

insert  into `provinces`(`id`,`province_name`,`is_customer_active`,`is_supplier_active`,`employee_id`,`created_at`,`updated_at`,`deleted_at`) values 
(1,'Abra',1,1,NULL,'2020-02-17 12:58:16','2020-05-13 16:06:25',NULL),
(2,'Agusan del Norte',0,0,26,'2020-02-17 12:58:16','2020-04-17 07:29:41',NULL),
(3,'Agusan del Sur',0,0,NULL,'2020-02-17 12:58:16',NULL,NULL),
(4,'Aklan',0,0,NULL,'2020-02-17 12:58:16',NULL,NULL),
(5,'Albay',0,0,NULL,'2020-02-17 12:58:16',NULL,NULL),
(6,'Antique',1,0,NULL,'2020-02-17 12:58:16','2020-05-29 15:32:08',NULL),
(7,'Apayao',0,0,NULL,'2020-02-17 12:58:16',NULL,NULL),
(8,'Aurora',0,0,NULL,'2020-02-17 12:58:16',NULL,NULL),
(9,'Basilan',0,0,NULL,'2020-02-17 12:58:17',NULL,NULL),
(10,'Bataan',1,0,NULL,'2020-02-17 12:58:17',NULL,NULL),
(11,'Batanes',0,0,NULL,'2020-02-17 12:58:17',NULL,NULL),
(12,'Batangas',1,1,NULL,'2020-02-17 12:58:17','2020-06-02 15:40:24',NULL),
(13,'Benguet',0,0,NULL,'2020-02-17 12:58:17',NULL,NULL),
(14,'Biliran',0,0,NULL,'2020-02-17 12:58:17',NULL,NULL),
(15,'Bohol',0,0,NULL,'2020-02-17 12:58:17',NULL,NULL),
(16,'Bukidnon',0,0,NULL,'2020-02-17 12:58:17',NULL,NULL),
(17,'Bulacan',0,0,NULL,'2020-02-17 12:58:17',NULL,NULL),
(18,'Cagayan',0,0,NULL,'2020-02-17 12:58:17',NULL,NULL),
(19,'Camarines Norte',0,0,NULL,'2020-02-17 12:58:17',NULL,NULL),
(20,'Camarines Sur',0,0,NULL,'2020-02-17 12:58:17',NULL,NULL),
(21,'Camiguin',0,0,NULL,'2020-02-17 12:58:17',NULL,NULL),
(22,'Capiz',0,0,NULL,'2020-02-17 12:58:17',NULL,NULL),
(23,'Catanduanes',0,0,NULL,'2020-02-17 12:58:17',NULL,NULL),
(24,'Cavite',1,0,NULL,'2020-02-17 12:58:17',NULL,NULL),
(25,'Cebu',1,0,NULL,'2020-02-17 12:58:17',NULL,NULL),
(26,'Cotabato',0,0,NULL,'2020-02-17 12:58:17',NULL,NULL),
(27,'Davao de Oro',0,0,NULL,'2020-02-17 12:58:17',NULL,NULL),
(28,'Davao del Norte',0,0,NULL,'2020-02-17 12:58:17',NULL,NULL),
(29,'Davao del Sur',0,0,NULL,'2020-02-17 12:58:17',NULL,NULL),
(30,'Davao Occidental',0,0,NULL,'2020-02-17 12:58:17',NULL,NULL),
(31,'Davao Oriental',0,0,NULL,'2020-02-17 12:58:17',NULL,NULL),
(32,'Dinagat Islands',0,0,NULL,'2020-02-17 12:58:17',NULL,NULL),
(33,'Eastern Samar',0,0,NULL,'2020-02-17 12:58:17',NULL,NULL),
(34,'Guimaras',0,0,NULL,'2020-02-17 12:58:17',NULL,NULL),
(35,'Ifugao',0,0,NULL,'2020-02-17 12:58:17',NULL,NULL),
(36,'Ilocos Norte',0,0,NULL,'2020-02-17 12:58:17',NULL,NULL),
(37,'Ilocos Sur',0,0,NULL,'2020-02-17 12:58:18',NULL,NULL),
(38,'Iloilo',0,0,NULL,'2020-02-17 12:58:18',NULL,NULL),
(39,'Isabela',0,0,NULL,'2020-02-17 12:58:18',NULL,NULL),
(40,'Kalinga',0,0,NULL,'2020-02-17 12:58:18',NULL,NULL),
(41,'La Union',0,0,NULL,'2020-02-17 12:58:18',NULL,NULL),
(42,'Laguna',1,1,NULL,'2020-02-17 12:58:18','2020-06-01 16:46:11',NULL),
(43,'Lanao del Norte',0,0,NULL,'2020-02-17 12:58:18',NULL,NULL),
(44,'Lanao del Sur',0,0,NULL,'2020-02-17 12:58:18',NULL,NULL),
(45,'Leyte',0,0,NULL,'2020-02-17 12:58:18',NULL,NULL),
(46,'Maguindanao',0,0,NULL,'2020-02-17 12:58:18',NULL,NULL),
(47,'Marinduque',0,0,NULL,'2020-02-17 12:58:18',NULL,NULL),
(48,'Masbate',0,0,NULL,'2020-02-17 12:58:18',NULL,NULL),
(49,'Metro Manila',1,1,NULL,'2020-02-17 12:58:18',NULL,NULL),
(50,'Misamis Occidental',0,0,NULL,'2020-02-17 12:58:18',NULL,NULL),
(51,'Misamis Oriental',0,0,NULL,'2020-02-17 12:58:18',NULL,NULL),
(52,'Mountain Province',0,0,NULL,'2020-02-17 12:58:18',NULL,NULL),
(53,'Negros Occidental',0,0,NULL,'2020-02-17 12:58:18',NULL,NULL),
(54,'Negros Oriental',0,0,NULL,'2020-02-17 12:58:18',NULL,NULL),
(55,'Northern Samar',0,0,NULL,'2020-02-17 12:58:18',NULL,NULL),
(56,'Nueva Ecija',0,0,NULL,'2020-02-17 12:58:18',NULL,NULL),
(57,'Nueva Vizcaya',0,0,NULL,'2020-02-17 12:58:18',NULL,NULL),
(58,'Occidental Mindoro',0,0,NULL,'2020-02-17 12:58:18',NULL,NULL),
(59,'Oriental Mindoro',0,0,NULL,'2020-02-17 12:58:18',NULL,NULL),
(60,'Palawan',0,0,NULL,'2020-02-17 12:58:18',NULL,NULL),
(61,'Pampanga',1,0,NULL,'2020-02-17 12:58:18',NULL,NULL),
(62,'Pangasinan',0,0,NULL,'2020-02-17 12:58:19',NULL,NULL),
(63,'Quezon',0,0,NULL,'2020-02-17 12:58:19',NULL,NULL),
(64,'Quirino',0,0,NULL,'2020-02-17 12:58:19',NULL,NULL),
(65,'Rizal',0,0,NULL,'2020-02-17 12:58:19',NULL,NULL),
(66,'Romblon',0,0,NULL,'2020-02-17 12:58:19',NULL,NULL),
(67,'Samar',0,0,NULL,'2020-02-17 12:58:19',NULL,NULL),
(68,'Sarangani',0,0,NULL,'2020-02-17 12:58:19',NULL,NULL),
(69,'Siquijor',0,0,NULL,'2020-02-17 12:58:19',NULL,NULL),
(70,'Sorsogon',0,0,NULL,'2020-02-17 12:58:19',NULL,NULL),
(71,'South Cotabato',0,0,NULL,'2020-02-17 12:58:19',NULL,NULL),
(72,'Southern Leyte',0,0,NULL,'2020-02-17 12:58:19',NULL,NULL),
(73,'Sultan Kudarat',0,0,NULL,'2020-02-17 12:58:19',NULL,NULL),
(74,'Sulu',0,0,NULL,'2020-02-17 12:58:19',NULL,NULL),
(75,'Surigao del Norte',0,0,NULL,'2020-02-17 12:58:19',NULL,NULL),
(76,'Surigao del Sur',0,0,NULL,'2020-02-17 12:58:19',NULL,NULL),
(77,'Tarlac',0,0,NULL,'2020-02-17 12:58:19',NULL,NULL),
(78,'Tawi-Tawi',0,0,NULL,'2020-02-17 12:58:19',NULL,NULL),
(79,'Zambales',1,0,NULL,'2020-02-17 12:58:19',NULL,NULL),
(80,'Zamboanga del Norte',0,0,NULL,'2020-02-17 12:58:19',NULL,NULL),
(81,'Zamboanga del Sur',0,0,NULL,'2020-02-17 12:58:19',NULL,NULL),
(82,'Zamboanga Sibugay',0,0,NULL,'2020-02-17 12:58:19',NULL,NULL),
(83,'sfdsdsf',0,0,26,'2020-04-17 00:19:48','2020-04-17 00:19:48',NULL),
(84,'aa',0,0,26,'2020-04-17 00:22:54','2020-04-17 02:21:45','2020-04-17 02:21:45');

/*Table structure for table `quotation` */

DROP TABLE IF EXISTS `quotation`;

CREATE TABLE `quotation` (
  `id` int(10) NOT NULL AUTO_INCREMENT,
  `quotation_number` varchar(11) NOT NULL,
  `client_id` int(10) NOT NULL,
  `order_id` int(10) NOT NULL,
  `client_pic_id` int(10) NOT NULL,
  `order_qty_per_quotation_unit` int(10) NOT NULL,
  `quotation_qty_unit` int(1) NOT NULL,
  `quotation_specs` varchar(100) DEFAULT NULL,
  `quotation_approved_date` date DEFAULT NULL,
  `quotation_status` int(1) NOT NULL DEFAULT '1',
  `quotation_is_valid` int(1) NOT NULL DEFAULT '1',
  `remarks` varchar(255) DEFAULT NULL,
  `employee_id` int(10) NOT NULL,
  `created_at` datetime NOT NULL,
  `updated_at` datetime DEFAULT NULL,
  `deleted_at` datetime DEFAULT NULL,
  PRIMARY KEY (`id`)
) ENGINE=InnoDB AUTO_INCREMENT=21 DEFAULT CHARSET=utf8;

/*Data for the table `quotation` */

insert  into `quotation`(`id`,`quotation_number`,`client_id`,`order_id`,`client_pic_id`,`order_qty_per_quotation_unit`,`quotation_qty_unit`,`quotation_specs`,`quotation_approved_date`,`quotation_status`,`quotation_is_valid`,`remarks`,`employee_id`,`created_at`,`updated_at`,`deleted_at`) values 
(10,'AICI-000001',6,36,56,1,1,'TEST',NULL,1,1,'QUOTATION XXXX',26,'2020-06-02 16:34:34','2020-06-02 16:34:34',NULL),
(11,'AICI-000002',6,36,57,1,1,'TEST',NULL,1,1,'QUOTATION XXX',26,'2020-06-02 16:37:54','2020-06-02 16:37:54',NULL),
(12,'AICI-000003',6,36,57,1,1,'TEST',NULL,1,1,'QUOTATION WWWW',26,'2020-06-02 16:43:48','2020-06-02 16:43:48',NULL),
(13,'AICI-000004',6,36,56,1,1,'TEST',NULL,1,1,'HHHH',26,'2020-06-02 16:45:55','2020-06-02 16:45:55',NULL),
(14,'AICI-000005',6,36,56,1,1,'TEST',NULL,1,1,'FFFF',26,'2020-06-02 16:46:46','2020-06-02 16:46:46',NULL),
(15,'AICI-000006',6,36,56,1,1,'TEST',NULL,1,1,'WWWW',26,'2020-06-02 16:56:45','2020-06-02 16:56:45',NULL),
(16,'AICI-000007',6,36,56,1,1,'TEST',NULL,1,1,'QQQQ',26,'2020-06-02 16:58:38','2020-06-02 16:58:38',NULL),
(17,'AICI-000008',6,36,56,500,2,'TEST',NULL,1,1,'XXXX',26,'2020-06-03 11:27:03','2020-06-03 11:27:03',NULL),
(18,'AICI-000009',6,36,56,100,2,'TEST',NULL,1,1,'RRRR',26,'2020-06-03 14:42:55','2020-06-03 14:42:55',NULL),
(19,'AICI-000010',6,36,56,1,1,'TEST',NULL,1,1,'RRRR',26,'2020-06-03 14:46:10','2020-06-03 14:46:10',NULL),
(20,'AICI-000011',6,36,56,1,1,'TEST',NULL,1,1,'XXXX',26,'2020-06-03 15:05:31','2020-06-03 15:05:31',NULL);

/*Table structure for table `quotation_cs` */

DROP TABLE IF EXISTS `quotation_cs`;

CREATE TABLE `quotation_cs` (
  `id` int(10) NOT NULL AUTO_INCREMENT,
  `quotation_id` int(10) NOT NULL,
  `cs_control_no` varchar(16) NOT NULL,
  `cs_id` int(10) NOT NULL,
  `cs_qty` int(7) NOT NULL,
  `cs_unit_amount` decimal(14,4) DEFAULT NULL,
  `cs_unit_amount_currency` varchar(3) DEFAULT 'PHP',
  `cs_unit_amount_php` decimal(14,4) DEFAULT NULL,
  `employee_id` int(10) NOT NULL,
  `created_at` datetime NOT NULL,
  `updated_at` datetime DEFAULT NULL,
  `deleted_at` datetime DEFAULT NULL,
  PRIMARY KEY (`id`)
) ENGINE=InnoDB AUTO_INCREMENT=36 DEFAULT CHARSET=utf8;

/*Data for the table `quotation_cs` */

insert  into `quotation_cs`(`id`,`quotation_id`,`cs_control_no`,`cs_id`,`cs_qty`,`cs_unit_amount`,`cs_unit_amount_currency`,`cs_unit_amount_php`,`employee_id`,`created_at`,`updated_at`,`deleted_at`) values 
(4,4,'20200522-003-002',32,500,1.0000,'PHP',2105.0755,26,'2020-05-28 14:15:24','2020-05-28 14:15:24',NULL),
(5,5,'20200522-003-002',32,500,1.0000,'PHP',2105.0755,26,'2020-05-28 14:19:12','2020-05-28 14:19:12',NULL),
(6,5,'20200522-003-001',31,500,1.0000,'PHP',1596.0755,26,'2020-05-28 14:19:12','2020-05-28 14:19:12',NULL),
(7,6,'20200522-003-001',31,500,1.0000,'PHP',1596.0755,26,'2020-05-28 14:20:38','2020-05-28 14:20:38',NULL),
(8,7,'20200522-002-001',30,300,1.0000,'PHP',1596.0755,1,'2020-05-28 14:50:30','2020-05-28 14:50:30',NULL),
(9,7,'20200522-003-001',31,500,1.0000,'PHP',1596.0755,1,'2020-05-28 14:50:30','2020-05-28 14:50:30',NULL),
(10,7,'20200521-008-003',29,300,1.0000,'PHP',1596.0755,1,'2020-05-28 14:50:30','2020-05-28 14:50:30',NULL),
(11,7,'20200522-003-002',32,500,1.0000,'PHP',2105.0755,1,'2020-05-28 14:50:30','2020-05-28 14:50:30',NULL),
(12,8,'20200522-003-002',32,500,1.0000,'PHP',2105.0755,26,'2020-05-29 15:57:02','2020-05-29 15:57:02',NULL),
(13,8,'20200522-003-001',31,500,1.0000,'PHP',1596.0755,26,'2020-05-29 15:57:02','2020-05-29 15:57:02',NULL),
(14,8,'20200522-002-001',30,300,1.0000,'PHP',1596.0755,26,'2020-05-29 15:57:02','2020-05-29 15:57:02',NULL),
(15,9,'20200521-008-001',20,300,1.0000,'PHP',1596.0755,26,'2020-05-29 16:26:28','2020-05-29 16:26:28',NULL),
(16,9,'20200521-008-002',24,300,1.0000,'PHP',1596.0755,26,'2020-05-29 16:26:28','2020-05-29 16:26:28',NULL),
(17,10,'20200602-003-001',35,2000,1.0000,'USD',89.8600,26,'2020-06-02 16:34:34','2020-06-02 16:34:34',NULL),
(18,10,'20200602-004-001',36,1000,1.0000,'USD',37.5000,26,'2020-06-02 16:34:34','2020-06-02 16:34:34',NULL),
(19,11,'20200602-004-001',36,1000,1.0000,'USD',37.5000,26,'2020-06-02 16:37:54','2020-06-02 16:37:54',NULL),
(20,11,'20200602-006-003',40,3100,1.0000,'USD',84.2800,26,'2020-06-02 16:37:54','2020-06-02 16:37:54',NULL),
(21,12,'20200602-005-003',42,3000,1.0000,'USD',84.2800,26,'2020-06-02 16:43:48','2020-06-02 16:43:48',NULL),
(22,13,'20200602-003-001',35,2000,1.0000,'USD',89.8600,26,'2020-06-02 16:45:55','2020-06-02 16:45:55',NULL),
(23,14,'20200602-006-003',40,3100,1.0000,'USD',84.2800,26,'2020-06-02 16:46:46','2020-06-02 16:46:46',NULL),
(24,15,'20200602-006-003',40,3100,1.0000,'USD',84.2800,26,'2020-06-02 16:56:45','2020-06-02 16:56:45',NULL),
(25,16,'20200602-003-001',35,2000,1.0000,'USD',89.8600,26,'2020-06-02 16:58:38','2020-06-02 16:58:38',NULL),
(26,17,'20200602-003-001',35,4,1.0000,'USD',89.8600,26,'2020-06-03 11:27:03','2020-06-03 11:27:03',NULL),
(27,17,'20200602-004-001',36,2,1.0000,'USD',37.5000,26,'2020-06-03 11:27:04','2020-06-03 11:27:04',NULL),
(28,18,'20200602-003-001',35,20,1.0000,'USD',89.8600,26,'2020-06-03 14:42:55','2020-06-03 14:42:55',NULL),
(29,18,'20200602-004-001',36,10,1.0000,'USD',37.5000,26,'2020-06-03 14:42:55','2020-06-03 14:42:55',NULL),
(30,19,'20200602-006-003',40,3100,1.0000,'USD',84.2800,26,'2020-06-03 14:46:10','2020-06-03 14:46:10',NULL),
(31,19,'20200602-005-003',42,3000,1.0000,'USD',84.2800,26,'2020-06-03 14:46:10','2020-06-03 14:46:10',NULL),
(32,20,'20200602-003-001',35,2000,1.0000,'USD',89.8600,26,'2020-06-03 15:05:31','2020-06-03 15:05:31',NULL),
(33,20,'20200602-004-001',36,1000,1.0000,'USD',37.5000,26,'2020-06-03 15:05:31','2020-06-03 15:05:31',NULL),
(34,20,'20200602-006-003',40,3100,1.0000,'USD',84.2800,26,'2020-06-03 15:05:31','2020-06-03 15:05:31',NULL),
(35,20,'20200602-005-003',42,3000,1.0000,'USD',84.2800,26,'2020-06-03 15:05:31','2020-06-03 15:05:31',NULL);

/*Table structure for table `quotation_evaluation` */

DROP TABLE IF EXISTS `quotation_evaluation`;

CREATE TABLE `quotation_evaluation` (
  `id` int(10) NOT NULL AUTO_INCREMENT,
  `quotation_id` int(10) NOT NULL,
  `evaluator_id` int(10) NOT NULL,
  `evaluation_type` int(1) NOT NULL,
  `evaluator_remarks` text,
  `evaluation_status` int(1) NOT NULL,
  `employee_id` int(10) NOT NULL,
  `created_at` datetime NOT NULL,
  `updated_at` datetime DEFAULT NULL,
  `deleted_at` datetime DEFAULT NULL,
  PRIMARY KEY (`id`)
) ENGINE=InnoDB AUTO_INCREMENT=48 DEFAULT CHARSET=utf8 COMMENT='			';

/*Data for the table `quotation_evaluation` */

insert  into `quotation_evaluation`(`id`,`quotation_id`,`evaluator_id`,`evaluation_type`,`evaluator_remarks`,`evaluation_status`,`employee_id`,`created_at`,`updated_at`,`deleted_at`) values 
(1,4,64,1,NULL,1,26,'2020-05-28 14:15:24','2020-05-28 14:15:24',NULL),
(2,4,68,1,NULL,1,26,'2020-05-28 14:15:24','2020-05-28 14:15:24',NULL),
(3,4,66,2,NULL,1,26,'2020-05-28 14:15:24','2020-05-28 14:15:24',NULL),
(4,4,63,2,NULL,1,26,'2020-05-28 14:15:24','2020-05-28 14:15:24',NULL),
(5,5,1,1,NULL,1,26,'2020-05-28 14:19:12','2020-05-28 14:34:11',NULL),
(6,5,65,2,NULL,1,26,'2020-05-28 14:19:12','2020-05-28 14:34:11','2020-05-28 14:34:11'),
(7,6,68,1,NULL,1,26,'2020-05-28 14:20:38','2020-05-28 14:20:38',NULL),
(8,6,65,2,NULL,1,26,'2020-05-28 14:20:38','2020-05-28 14:20:38',NULL),
(9,6,64,2,NULL,1,26,'2020-05-28 14:20:38','2020-05-28 14:20:38',NULL),
(10,5,65,2,NULL,1,26,'2020-05-28 14:34:11','2020-05-28 14:34:11',NULL),
(11,7,26,1,NULL,1,1,'2020-05-28 14:50:30','2020-05-28 14:50:30',NULL),
(12,7,65,1,NULL,1,1,'2020-05-28 14:50:30','2020-05-28 14:50:30',NULL),
(13,7,64,2,NULL,1,1,'2020-05-28 14:50:30','2020-05-28 14:50:30',NULL),
(14,7,66,2,NULL,1,1,'2020-05-28 14:50:30','2020-05-28 14:50:30',NULL),
(15,8,63,1,NULL,1,26,'2020-05-29 15:57:02','2020-05-29 15:57:02',NULL),
(16,8,65,2,NULL,1,26,'2020-05-29 15:57:02','2020-05-29 15:57:02',NULL),
(17,9,63,1,NULL,1,26,'2020-05-29 16:26:28','2020-05-29 16:26:28',NULL),
(18,9,66,1,NULL,1,26,'2020-05-29 16:26:28','2020-05-29 16:26:28',NULL),
(19,9,67,2,NULL,1,26,'2020-05-29 16:26:28','2020-05-29 16:26:28',NULL),
(20,10,1,1,NULL,1,26,'2020-06-02 16:34:34','2020-06-02 16:34:34',NULL),
(21,10,63,1,NULL,1,26,'2020-06-02 16:34:34','2020-06-02 16:34:34',NULL),
(22,10,64,2,NULL,3,26,'2020-06-02 16:34:34','2020-06-02 16:34:34',NULL),
(23,10,65,2,NULL,3,26,'2020-06-02 16:34:34','2020-06-02 16:34:34',NULL),
(24,11,1,1,NULL,1,26,'2020-06-02 16:37:54','2020-06-02 16:37:54',NULL),
(25,11,63,1,NULL,1,26,'2020-06-02 16:37:54','2020-06-02 16:37:54',NULL),
(26,11,66,2,NULL,3,26,'2020-06-02 16:37:54','2020-06-02 16:37:54',NULL),
(27,12,63,1,NULL,1,26,'2020-06-02 16:43:48','2020-06-02 16:43:48',NULL),
(28,12,67,2,NULL,3,26,'2020-06-02 16:43:48','2020-06-02 16:43:48',NULL),
(29,13,65,1,NULL,1,26,'2020-06-02 16:45:55','2020-06-02 16:45:55',NULL),
(30,13,66,2,NULL,3,26,'2020-06-02 16:45:55','2020-06-02 16:45:55',NULL),
(31,14,1,1,NULL,1,26,'2020-06-02 16:46:46','2020-06-02 16:46:46',NULL),
(32,14,65,2,NULL,3,26,'2020-06-02 16:46:46','2020-06-02 16:46:46',NULL),
(33,15,1,1,NULL,1,26,'2020-06-02 16:56:45','2020-06-02 16:56:45',NULL),
(34,15,64,1,NULL,1,26,'2020-06-02 16:56:45','2020-06-02 16:56:45',NULL),
(35,15,65,2,NULL,3,26,'2020-06-02 16:56:45','2020-06-02 16:56:45',NULL),
(36,15,66,2,NULL,3,26,'2020-06-02 16:56:45','2020-06-02 16:56:45',NULL),
(37,16,66,1,NULL,1,26,'2020-06-02 16:58:38','2020-06-02 16:58:38',NULL),
(38,16,64,2,NULL,3,26,'2020-06-02 16:58:38','2020-06-02 16:58:38',NULL),
(39,17,1,1,NULL,1,26,'2020-06-03 11:27:04','2020-06-03 11:27:04',NULL),
(40,17,64,1,NULL,1,26,'2020-06-03 11:27:04','2020-06-03 11:27:04',NULL),
(41,17,65,2,NULL,3,26,'2020-06-03 11:27:04','2020-06-03 11:27:04',NULL),
(42,18,1,1,NULL,1,26,'2020-06-03 14:42:55','2020-06-03 14:42:55',NULL),
(43,18,65,2,NULL,3,26,'2020-06-03 14:42:55','2020-06-03 14:42:55',NULL),
(44,19,65,1,NULL,1,26,'2020-06-03 14:46:10','2020-06-03 14:46:10',NULL),
(45,19,67,2,NULL,3,26,'2020-06-03 14:46:10','2020-06-03 14:46:10',NULL),
(46,20,66,1,NULL,1,26,'2020-06-03 15:05:31','2020-06-03 15:05:31',NULL),
(47,20,65,2,NULL,3,26,'2020-06-03 15:05:31','2020-06-03 15:05:31',NULL);

/*Table structure for table `quotation_initial_charge` */

DROP TABLE IF EXISTS `quotation_initial_charge`;

CREATE TABLE `quotation_initial_charge` (
  `id` int(10) NOT NULL AUTO_INCREMENT,
  `quotation_id` int(10) NOT NULL,
  `item_name` varchar(50) DEFAULT NULL,
  `item_qty` int(7) NOT NULL DEFAULT '0',
  `item_unit_amt` double NOT NULL DEFAULT '0',
  `item_total_amt` double NOT NULL DEFAULT '0',
  `employee_id` int(10) NOT NULL,
  `created_at` datetime NOT NULL,
  `updated_at` datetime DEFAULT NULL,
  `deleted_at` datetime DEFAULT NULL,
  PRIMARY KEY (`id`)
) ENGINE=InnoDB AUTO_INCREMENT=27 DEFAULT CHARSET=utf8;

/*Data for the table `quotation_initial_charge` */

insert  into `quotation_initial_charge`(`id`,`quotation_id`,`item_name`,`item_qty`,`item_unit_amt`,`item_total_amt`,`employee_id`,`created_at`,`updated_at`,`deleted_at`) values 
(3,4,'SFSDGFD',56,35.8764,2009.0784,26,'2020-05-28 14:15:24','2020-05-28 14:15:24',NULL),
(4,4,'FDDG',45,23.774,1069.83,26,'2020-05-28 14:15:24','2020-05-28 14:15:24',NULL),
(5,5,'FFFF',100,10,1000,26,'2020-05-28 14:19:12','2020-05-28 14:34:11',NULL),
(6,5,'GGG',200,5,1000,26,'2020-05-28 14:19:12','2020-05-28 14:34:11','2020-05-28 14:34:11'),
(7,6,'XXX',200,10,2000,26,'2020-05-28 14:20:38','2020-05-28 14:20:38',NULL),
(8,5,'GGG',200,5,1000,26,'2020-05-28 14:34:11','2020-05-28 14:34:11',NULL),
(9,7,'QQQQ',400,5,2000,1,'2020-05-28 14:50:30','2020-05-28 14:50:30',NULL),
(10,7,'XXXX',200,7,1400,1,'2020-05-28 14:50:30','2020-05-28 14:50:30',NULL),
(11,8,'dfgsds',100,10,1000,26,'2020-05-29 15:57:02','2020-05-29 15:57:02',NULL),
(12,8,'gdsdgs',200,10,2000,26,'2020-05-29 15:57:02','2020-05-29 15:57:02',NULL),
(13,9,'ggeges',400,15,6000,26,'2020-05-29 16:26:28','2020-05-29 16:26:28',NULL),
(14,10,'INITIAL ITEM XXX',2000,0.005,10,26,'2020-06-02 16:34:34','2020-06-02 16:34:34',NULL),
(15,10,'INITIAL ITEM WWW',1500,0.004,6,26,'2020-06-02 16:34:34','2020-06-02 16:34:34',NULL),
(16,11,'INITIAL XXXX',4000,0.005,20,26,'2020-06-02 16:37:54','2020-06-02 16:37:54',NULL),
(17,12,'XXXX',2000,0.004,8,26,'2020-06-02 16:43:48','2020-06-02 16:43:48',NULL),
(18,12,'FFFF',1000,0.005,5,26,'2020-06-02 16:43:48','2020-06-02 16:43:48',NULL),
(19,13,'GGGG',500,0.005,2.5,26,'2020-06-02 16:45:55','2020-06-02 16:45:55',NULL),
(20,14,'JJJJ',900,0.005,4.5,26,'2020-06-02 16:46:46','2020-06-02 16:46:46',NULL),
(21,15,'RRRR',1000,0.005,5,26,'2020-06-02 16:56:45','2020-06-02 16:56:45',NULL),
(22,16,'GGGG',4000,0.005,20,26,'2020-06-02 16:58:38','2020-06-02 16:58:38',NULL),
(23,17,'XXX',120,1.5,180,26,'2020-06-03 11:27:04','2020-06-03 11:27:04',NULL),
(24,18,'HHHH',300,0.04,12,26,'2020-06-03 14:42:55','2020-06-03 14:42:55',NULL),
(25,19,'QQQ',1000,0.05,50,26,'2020-06-03 14:46:10','2020-06-03 14:46:10',NULL),
(26,20,'XXXX',1000,0.05,50,26,'2020-06-03 15:05:31','2020-06-03 15:05:31',NULL);

/*Table structure for table `rm_items` */

DROP TABLE IF EXISTS `rm_items`;

CREATE TABLE `rm_items` (
  `id` int(11) DEFAULT NULL,
  `item_code` varchar(13) CHARACTER SET utf8 DEFAULT NULL,
  `client` varchar(16) CHARACTER SET utf8 DEFAULT NULL,
  `material_description` varchar(49) CHARACTER SET utf8 DEFAULT NULL,
  `dimension` varchar(25) CHARACTER SET utf8 DEFAULT NULL,
  `material_classification` varchar(14) CHARACTER SET utf8 DEFAULT NULL,
  `type_code` varchar(2) CHARACTER SET utf8 DEFAULT NULL,
  `length` varchar(50) DEFAULT NULL,
  `length_unit` varchar(10) DEFAULT NULL,
  `width` varchar(50) DEFAULT NULL,
  `width_unit` varchar(10) DEFAULT NULL,
  `thickness` varchar(50) DEFAULT NULL,
  `thickness_unit` varchar(10) DEFAULT NULL
) ENGINE=InnoDB DEFAULT CHARSET=latin1;

/*Data for the table `rm_items` */

insert  into `rm_items`(`id`,`item_code`,`client`,`material_description`,`dimension`,`material_classification`,`type_code`,`length`,`length_unit`,`width`,`width_unit`,`thickness`,`thickness_unit`) values 
(1,'AD2-RP0000001','GENNEX SINGAPORE','3M 9888T DOUDLE COATED TISSUE TAPE','170mmx50m','ROLL','RP','170','mm','50','m',NULL,NULL),
(2,'AD2-SP0000002','TRIPLEX','BOOK # 40 ','25inx38in','SHEETED','SP','25','in','38','in',NULL,NULL),
(3,'AD2-SP0000003','TRIPLEX','BOOK # 40 ','34inx43in','SHEETED','SP','34','in','43','in',NULL,NULL),
(4,'AD2-SP0000004','TRIFLEX','BOOK # 40     ','26inx38in','SHEETED','SP','26','in','38','in',NULL,NULL),
(5,'AD2-SP0000005','WANYE','BOOK # 40   ','31inx43in','SHEETED','SP','31','in','43','in',NULL,NULL),
(6,'AD2-SP0000006','NAPPCO','BOOK # 40    ','26inx38in','SHEETED','SP','26','in','38','in',NULL,NULL),
(7,'AD2-SP0000007','NAPPCO','BOOK # 40    ','25inx38in','SHEETED','SP','25','in','38','in',NULL,NULL),
(8,'AD2-RP0000008','NAPPCO','BOOK # 50 ','9.5inx6000m','ROLL-BIG','RP','9.5','in','6000','m',NULL,NULL),
(9,'AD2-SP0000009','NAPPCO','BOOK # 50 ','26inx38in','SHEETED','SP','26','in','38','in',NULL,NULL),
(10,'AD2-SP0000010','NAPPCO','BOOK # 50 ','28inx43in','SHEETED','SP','28','in','43','in',NULL,NULL),
(11,'AD2-SP0000011','NAPPCO','BOOK # 50 ','25inx38in','SHEETED','SP','25','in','38','in',NULL,NULL),
(12,'AD2-SP0000012','WANYE','BOOK # 50   ','31inx43in','SHEETED','SP','31','in','43','in',NULL,NULL),
(13,'AD2-SP0000013','TRIPLEX','BOOK # 50   ','26inx38in','SHEETED','SP','26','in','38','in',NULL,NULL),
(14,'AD2-SP0000014','TRIPLEX','BOOK # 50','25inx38in','SHEETED','SP','25','in','38','in',NULL,NULL),
(15,'AD2-SP0000015','TRIPLEX','BOOK # 60','25inx38in','SHEETED','SP','25','in','38','in',NULL,NULL),
(16,'AD2-SP0000016','TRIPLEX','BOOK # 60','26inx38in','SHEETED','SP','26','in','38','in',NULL,NULL),
(17,'AD2-SP0000017','NAPPCO','BOOK # 60   ','26inx38in','SHEETED','SP','26','in','38','in',NULL,NULL),
(18,'AD2-SP0000018','NAPPCO','BOOK # 60   ','25inx38in','SHEETED','SP','25','in','38','in',NULL,NULL),
(19,'AD2-SP0000019','WANYE','BOOK # 60','31inx43in','SHEETED','SP','31','in','43','in',NULL,NULL),
(20,'AD2-SP0000020','TRIPLEX','BOOK # 70 ','25inx38in','SHEETED','SP','25','in','38','in',NULL,NULL),
(21,'AD2-SP0000021','TRIPLEX','BOOK # 70 ','26inx38in','SHEETED','SP','26','in','38','in',NULL,NULL),
(22,'AD2-SP0000022','NAPPCO','BOOK # 70   ','25inx38in','SHEETED','SP','25','in','38','in',NULL,NULL),
(23,'AD2-SP0000023','NAPPCO','BOOK # 70   ','26inx38in','SHEETED','SP','26','in','38','in',NULL,NULL),
(24,'D2-RP00000002','G & J PAPER','BOOK # 70 ','17.5inx6500m','ROLL-BIG','RP','17.5','in','6500','m',NULL,NULL),
(25,'AD2-SP0000025','WANYE','BOOK # 70   ','31inx43in','SHEETED','SP','31','in','43','in',NULL,NULL),
(26,'AD2-SP0000026','TRIPLEX','BOOK # 80   ','25inx38in','SHEETED','SP','25','in','38','in',NULL,NULL),
(27,'AD2-RP0000027','YUNITRADE','BOOK ADHESIVE blue back','70mmx600m','ROLL','RP','70','mm','600','m',NULL,NULL),
(28,'AD2-RP0000028','YUNITRADE','BOOK ADHESIVE blue back','80mmx600m','ROLL','RP','80','mm','600','m',NULL,NULL),
(29,'AD2-RP0000029','YUNITRADE','BOOK ADHESIVE blue back','90mmx600m','ROLL','RP','90','mm','600','m',NULL,NULL),
(30,'AD2-RP0000030','YUNITRADE','BOOK ADHESIVE blue back','100mmx600m','ROLL','RP','100','mm','600','m',NULL,NULL),
(31,'AD2-RP0000031','YUNITRADE','BOOK ADHESIVE blue back','110mmx600m','ROLL','RP','110','mm','600','m',NULL,NULL),
(32,'AD2-RP0000032','YUNITRADE','BOOK ADHESIVE blue back','120mmx600m','ROLL','RP','120','mm','600','m',NULL,NULL),
(33,'AD2-RP0000033','YUNITRADE','BOOK ADHESIVE blue back','185mmx600m','ROLL','RP','185','mm','600','m',NULL,NULL),
(34,'AD2-RP0000034','YUNITRADE','BOOK ADHESIVE blue back','240mmx600m','ROLL','RP','240','mm','600','m',NULL,NULL),
(35,'AD2-RP0000035','YUNITRADE','BOOK ADHESIVE blue back','254mmx600m','ROLL','RP','254','mm','600','m',NULL,NULL),
(36,'AD2-RP0000036','YUNITRADE','BOOK ADHESIVE blue back','295mmx600m','ROLL','RP','295','mm','600','m',NULL,NULL),
(37,'AD2-RP0000037','YUNITRADE','BOOK ADHESIVE blue back','350mmx600m','ROLL','RP','350','mm','600','m',NULL,NULL),
(38,'AD2-RP0000038','YUNITRADE','BOOK ADHESIVE blue back','135mmx600m','ROLL','RP','135','mm','600','m',NULL,NULL),
(39,'AD2-RP0000039','YUNITRADE','BOOK ADHESIVE blue back','175mmx600m','ROLL','RP','175','mm','600','m',NULL,NULL),
(40,'AD2-SP0000040','GOLDEN DRAGON','C2S # 160','25inx38in','SHEETED','SP','25','in','38','in',NULL,NULL),
(41,'AD2-SP0000041','NAPPCO','C2S # 160','26inx38in','SHEETED','SP','26','in','38','in',NULL,NULL),
(42,'AD2-SP0000042','NAPPCO','C2S # 140','25inx38in','SHEETED','SP','25','in','38','in',NULL,NULL),
(43,'AD2-SP0000043','TRIPLEX','C2S # 140','25inx38in','SHEETED','SP','25','in','38','in',NULL,NULL),
(44,'AD2-SP0000044','NAPPCO','C2S # 180','25inx38in','SHEETED','SP','25','in','38','in',NULL,NULL),
(45,'AD2-SP0000045','TRIPLEX','C2S # 180','25inx38in','SHEETED','SP','25','in','38','in',NULL,NULL),
(46,'AD2-SP0000046','NAPPCO','C2S # 220','25inx38in','SHEETED','SP','25','in','38','in',NULL,NULL),
(47,'AD2-SP0000047','NAPPCO','C2S # 60      ','26inx38in','SHEETED','SP','26','in','38','in',NULL,NULL),
(48,'AD2-SP0000048','TRIPLEX','C2S # 60      ','26inx38in','SHEETED','SP','26','in','38','in',NULL,NULL),
(49,'AD2-SP0000049','TRIPLEX','C2S # 60      ','25inx38in','SHEETED','SP','25','in','38','in',NULL,NULL),
(50,'AD2-SP0000050','NAPPCO','C2S # 70      ','25inx38in','SHEETED','SP','25','in','38','in',NULL,NULL),
(51,'AD2-SP0000051','PAPER TREE','CAROLINA SUBTANCE 210 GSM','26inx40in','SHEETED','SP','26','in','40','in',NULL,NULL),
(52,'AD2-RP0000052','LAMCO','HIGH GLOSS PAPER(CAST COATED PAPER WHITE)','230mmx1000m','ROLL','RP','230','mm','1000','m',NULL,NULL),
(53,'AD2-RP0000053','LAMCO','HIGH GLOSS PAPER(CAST COATED PAPER WHITE)','80mmx1000m','ROLL','RP','80','mm','1000','m',NULL,NULL),
(54,'AD2-RP0000054','LINTEC','CAST [P] MHR 6K','80mmx1000m','ROLL','RP','80','mm','1000','m',NULL,NULL),
(55,'AD2-RP0000055','LINTEC','CAST [P] MHR 6K','60mmx1000m','ROLL','RP','60','mm','1000','m',NULL,NULL),
(56,'AD2-RP0000056','YOUNGS','CB WHITE','9.5inx6000m','ROLL-BIG','RP','9.5','in','6000','m',NULL,NULL),
(57,'AD2-RP0000057','YOUNGS','CB WHITE','13inx6000m','ROLL-BIG','RP','13','in','6000','m',NULL,NULL),
(58,'AD2-RP0000058','YOUNGS','CF WHITE','9.5inx6000m','ROLL-BIG','RP','9.5','in','6000','m',NULL,NULL),
(59,'AD2-RP0000059','YOUNGS','CF WHITE','13inx6000m','ROLL-BIG','RP','13','in','6000','m',NULL,NULL),
(60,'AD2-RP0000060','TRIPLEX','CF WHITE    ','9.5inx6000m','ROLL-BIG','RP','9.5','in','6000','m',NULL,NULL),
(61,'AD2-RP0000061','TRIPLEX','CF WHITE','13inx12000m','ROLL-BIG','RP','13','in','12000','m',NULL,NULL),
(62,'AD2-RP0000062','YOUNGS','CFB WHITE','13inx6000m','ROLL-BIG','RP','13','in','6000','m',NULL,NULL),
(63,'AD2-RP0000063','YOUNGS','CFB WHITE','9.5inx6000m','ROLL-BIG','RP','9.5','in','6000','m',NULL,NULL),
(64,'AD2-SP0000064','TRIPLEX','CLAY COATED #18','31inx43in','SHEETED','SP','31','in','43','in',NULL,NULL),
(65,'AD2-SP0000065','NAPPCO','CLAY COATED #18','31inx43in','SHEETED','SP','31','in','43','in',NULL,NULL),
(66,'AD2-SP0000066','NAPPCO','CLAY COATED #15','31inx43in','SHEETED','SP','31','in','43','in',NULL,NULL),
(68,'AD2-SP0000068','PRESTIGE','CONCORDE LAID cream','22inx34in','SHEETED','SP','22','in','34','in',NULL,NULL),
(69,'AD2-SP0000069','PRESTIGE','CONCORDE LAID cream','24inx34in','SHEETED','SP','24','in','34','in',NULL,NULL),
(70,'AD2-SP0000070','TRIPLEX','CHIPBOARD # 120','26inx38in','SHEETED','SP','26','in','38','in',NULL,NULL),
(71,'AD2-SP0000071','AICI JAPAN','COPY PAPER PINK','257mmx364mm','SHEETED','SP','257','mm','364','mm',NULL,NULL),
(72,'AD2-SP0000072','PAPER TREE','EDICION NATURAL WHITE','26inx40in','SHEETED','SP','26','in','40','in',NULL,NULL),
(73,'D2-SP00000007','AICI-JAPAN','FANTAS WHITE MATERIAL','545.5mmx394mm','SHEETED','SP','545.5','.mm','394','mm',NULL,NULL),
(74,'AD2-SP0000074',' NAPPCO ','FOLD COATE CAL. # 10','25inx38in','SHEETED','SP','25','in','38','in',NULL,NULL),
(75,'AD2-SP0000075',' NAPPCO ','FOLD COATE CAL. # 15 ','25inx38in','SHEETED','SP','25','in','38','in',NULL,NULL),
(76,'AD2-SP0000076','NAPPCO','FOLD COATE CAL. # 15 ','25inx40in','SHEETED','SP','25','in','40','in',NULL,NULL),
(77,'AD2-SP0000077',' NAPPCO ','FOLD COATE CAL. # 18 ','25inx38in','SHEETED','SP','25','in','38','in',NULL,NULL),
(78,'AD2-SP0000078',' NAPPCO ','FOLD COATE CAL. # 18 ','31inx43in','SHEETED','SP','31','in','43','in',NULL,NULL),
(79,'AD2-SP0000079',' NAPPCO ','FOLD COATE CAL. # 20','31inx43in','SHEETED','SP','31','in','43','in',NULL,NULL),
(80,'AD2-SP0000080','AICI JAPAN','IRO JYO SHITSU   LIGHT GREEN OR BLUE','788mmx1091mm','SHEETED','SP','788','mm','1091','mm',NULL,NULL),
(81,'AD2-SP0000081','AICI JAPAN','IRO JYO SHITSU   YELLOW','788mmx1091mm','SHEETED','SP','788','mm','1091','mm',NULL,NULL),
(82,'AD2-SP0000082','AICI JAPAN','IRO JYO SHITSU  BEIGE OR ORANGE','788mmx1091mm','SHEETED','SP','788','mm','1091','mm',NULL,NULL),
(83,'AD2-SP0000083','AICI JAPAN','IRO JYO SHITSU  GRAY','788mmx1091mm','SHEETED','SP','788','mm','1091','mm',NULL,NULL),
(84,'AD2-SP0000084','AICI JAPAN','IRO JYO SHITSU  GREEN','788mmx1091mm','SHEETED','SP','788','mm','1091','mm',NULL,NULL),
(85,'AD2-SP0000085','AICI JAPAN','IRO JYO SHITSU  Y. GREEN/L GREEN','788mmx1091mm','SHEETED','SP','788','mm','1091','mm',NULL,NULL),
(86,'AD2-SP0000086','AICI JAPAN','IRO JYO SHITSU  VIOLET/ L. VIOLET','788mmx1091mm','SHEETED','SP','788','mm','1091','mm',NULL,NULL),
(87,'AD2-RP0000087','YUNITRADE','LAMINATING FILM','90mmx440yrds','ROLL','RP','90','mm','440','yrds',NULL,NULL),
(88,'AD2-RP0000088','YUNITRADE','LAMINATING FILM','69mmx440yrds','ROLL','RP','69','mm','440','yrds',NULL,NULL),
(89,'AD2-SP0000089','NAPPCO','MATTE COATED # 160  ','25inx38in','SHEETED','SP','25','in','38','in',NULL,NULL),
(90,'AD2-SP0000090','NAPPCO','MATTE COATED # 180    ','25inx38in','SHEETED','SP','25','in','38','in',NULL,NULL),
(91,'AD2-SP0000091','NAPPCO','MATTE COATED # 120','25inx38in','SHEETED','SP','25','in','38','in',NULL,NULL),
(92,'AD2-SP0000092','TRIPLEX','MATTE COATED # 100    ','25inx38in','SHEETED','SP','25','in','38','in',NULL,NULL),
(93,'AD2-SP0000093','NAPPCO','MATTE COATED # 140    ','26inx38in','SHEETED','SP','26','in','38','in',NULL,NULL),
(94,'AD2-SP0000094','NAPPCO','MATTE COATED # 140    ','25inx38in','SHEETED','SP','25','in','38','in',NULL,NULL),
(95,'AD2-SP0000095','TRIPLEX','MATTE COATED # 140    ','26inx38in','SHEETED','SP','26','in','38','in',NULL,NULL),
(96,'AD2-SP0000096','TRIPLEX','MATTE COATED # 140    ','25inx38in','SHEETED','SP','25','in','38','in',NULL,NULL),
(97,'AD2-SP0000097','TRIPLEX','MATTE COATED # 60','25inx38in','SHEETED','SP','25','in','38','in',NULL,NULL),
(98,'AD2-SP0000098','NAPPCO','MATTE COATED # 70    ','25inx38in','SHEETED','SP','25','in','38','in',NULL,NULL),
(99,'AD2-SP0000099','TRIPLEX','MATTE COATED # 70    ','25inx38in','SHEETED','SP','25','in','38','in',NULL,NULL),
(100,'AD2-SP0000100','TRIPLEX','MATTE COATED # 80    ','25inx38in','SHEETED','SP','25','in','38','in',NULL,NULL),
(101,'AD2-SP0000101','NAPPCO','MATTE COATED # 80    ','25inx38in','SHEETED','SP','25','in','38','in',NULL,NULL),
(102,'AD2-RP0000102','NITTO DENKO','NITTO 5000NS','60mmx50m','ROLL','RP','60','mm','50','m',NULL,NULL),
(103,'AD2-RP0000103','HK PANAC','PET # 188 X 30/TORRAY LUMIRROR','14mmx100m','ROLL','RP','14','mm','100','m',NULL,NULL),
(104,'AD2-RP0000104','LINTEC','PET 50 (A) MF 8LK','98mmx400m','ROLL','RP','98','mm','400','m',NULL,NULL),
(105,'AD2-SP0000105','TRIPLEX','PASTE BOARD # 120','26inx38in','SHEETED','SP','26','in','38','in',NULL,NULL),
(106,'AD2-SP0000106','TRIPLEX','PASTE BOARD # 30','26inx38in','SHEETED','SP','26','in','38','in',NULL,NULL),
(107,'AD2-RP0000107','LINTEC','Pet SM 50 S(A) Pat1 8K','60mmx400m','ROLL','RP','60','mm','400','m',NULL,NULL),
(108,'AD2-RP0000108','LINTEC','Pet SM 50 S(A) Pat1 8K','80mmx400m','ROLL','RP','80','mm','400','m',NULL,NULL),
(109,'AD2-RP0000109','LINTEC','Pet SM 50 S(A) Pat1 8K','110mmx440m','ROLL','RP','110','mm','440','m',NULL,NULL),
(110,'AD2-RP0000110','LINTEC','PET WH 50(A) PAT1 8LK','80mmx500m','ROLL','RP','80','mm','500','m',NULL,NULL),
(111,'AD2-RP0000111','LINTEC','PET WH 50(A) PAT1 8LK','100mmx400m','ROLL','RP','100','mm','400','m',NULL,NULL),
(112,'AD2-RP0000112','LINTEC','PET WH 50(A) PAT1 8LK','120mmx500m','ROLL','RP','120','mm','500','m',NULL,NULL),
(113,'AD2-SP0000113','SHUNG ','PET FILM 0.2','170mmx170mm','SHEETED','SP','170','mm','170','mm',NULL,NULL),
(114,'AD2-RP0000114','YUNITRADE','RELEASE PAPER YELLOW','189mmx500m','ROLL','RP','189','mm','500','m',NULL,NULL),
(115,'AD2-RP0000115','YUNITRADE','RELEASE PAPER YELLOW','186mmx500m','ROLL','RP','186','mm','500','m',NULL,NULL),
(116,'AD2-RP0000116','LINTEC','REPEEL 1710','240mmx400m','ROLL','RP','240','mm','400','m',NULL,NULL),
(117,'AD2-RP0000117','YUNITRADE','SATIN ADHESIVE BLUE BACK','130mmx600m','ROLL','RP','130','mm','600','m',NULL,NULL),
(118,'AD2-RP0000118','YUNITRADE','SATIN ADHESIVE BLUE BACK','110mmx600m','ROLL','RP','110','mm','600','m',NULL,NULL),
(119,'AD2-RP0000119','YUNITRADE','SATIN ADHESIVE BLUE BACK','254mmx600m','ROLL','RP','254','mm','600','m',NULL,NULL),
(120,'AD2-RP0000120','YUNITRADE','SATIN ADHESIVE BLUE BACK','100mmx600m','ROLL','RP','100','mm','600','m',NULL,NULL),
(121,'AD2-RP0000121','YUNITRADE','SATIN ADHESIVE BLUE BACK','120mmx600m','ROLL','RP','120','mm','600','m',NULL,NULL),
(122,'AD2-RP0000122','YUNITRADE','SATIN ADHESIVE BLUE BACK','90mmx600m','ROLL','RP','90','mm','600','m',NULL,NULL),
(123,'AD2-RP0000123','YUNITRADE','SATIN ADHESIVE BLUE BACK','80mmx600m','ROLL','RP','80','mm','600','m',NULL,NULL),
(124,'AD2-RP0000124','YUNITRADE','SATIN ADHESIVE BLUE BACK','70mmx600m','ROLL','RP','70','mm','600','m',NULL,NULL),
(125,'AD2-RP0000125','YUNITRADE','SATIN ADHESIVE YELLOW BACK','80mmx500m','ROLL','RP','80','mm','500','m',NULL,NULL),
(126,'AD2-SP0000126','WANYE','28G A-CLASS WHITE [NON-WOVEN PAPER)','480mmx600mm','SHEETED','SP','480','mm','600','mm',NULL,NULL),
(127,'AD2-RP0000127','SOKEN','SOKEN TAPE A-7720D','1050mmx50m','ROLL','RP','1050','mm','50','m',NULL,NULL),
(128,'AD2-RP0000128','LINTEC','SOMEN ADHESIVE ','60mmx500m','ROLL','RP','60','mm','500','m',NULL,NULL),
(129,'AD2-RP0000129','LAMCO','BOOK ADHESIVE BLUE BACK','100mmx1000m','ROLL','RP','100','mm','1000','m',NULL,NULL),
(130,'AD2-RP0000130','LAMCO','80 GSM SEMI-COATED PAPER W/B-SATIN ADH.','90mmx1000m','ROLL','RP','90','mm','1000','m',NULL,NULL),
(131,'AD2-RP0000131','LAMCO','80 GSM SEMI-COATED PAPER W/B-SATIN ADH.','120mmx1000m','ROLL','RP','120','mm','1000','m',NULL,NULL),
(132,'AD2-RP0000132','LAMCO','80 GSM SEMI-COATED PAPER W/B-SATIN ADH.','110mmx1000m','ROLL','RP','110','mm','1000','m',NULL,NULL),
(133,'AD2-RP0000133','LAMCO','BOOK ADHESIVE BLUE BACK','295mmx1000m','ROLL','RP','295','mm','1000','m',NULL,NULL),
(134,'AD2-RP0000134','LAMCO','BOOK ADHESIVE BLUE BACK','120mmx1000m','ROLL','RP','120','mm','1000','m',NULL,NULL),
(135,'AD2-RP0000135','LAMCO','FASCOAT 2 BLUE  (SATIN ADHESIVE BB)','110mmx1000m','ROLL','RP','110','mm','1000','m',NULL,NULL),
(136,'AD2-RP0000136','LAMCO','FASCOAT 2 BLUE  (SATIN ADHESIVE BB)','130mmx1000m','ROLL','RP','130','mm','1000','m',NULL,NULL),
(137,'AD2-RP0000137','LAMCO','FASCOAT 2 BLUE  (SATIN ADHESIVE BB)','120mmx1000m','ROLL','RP','120','mm','1000','m',NULL,NULL),
(138,'AD2-RP0000138','LAMCO','FASCOAT 2 BLUE  (SATIN ADHESIVE BB)','100mmx1000m','ROLL','RP','100','mm','1000','m',NULL,NULL),
(139,'AD2-RP0000139','LINTEC','TL-205','1200mmx50m','ROLL','RP','1200','mm','50','m',NULL,NULL),
(140,'AD2-SP0000140','TRIPLEX','VELLUM BRISTOL # 100 ','22.5inx28.5in','SHEETED','SP','22.5','in','28.5','in',NULL,NULL),
(141,'AD2-SP0000141','NAPPCO','VELLUM BRISTOL # 120 ','22.5inx28.5in','SHEETED','SP','22.5','in','28.5','in',NULL,NULL),
(142,'AD2-RP0000142','LINTEC','YUPO # 80 UV PAT 1 8K','120mmx400m','ROLL','RP','120','mm','400','m',NULL,NULL),
(143,'AD2-RP0000143','LINTEC','YUPO # 80 UV PAT 1 8K','100mmx400m','ROLL','RP','100','mm','400','m',NULL,NULL),
(144,'AD2-RP0000144','AICI JAPAN','FPG 110 (YUPO SYNTHETIC)','1000mmx100m','ROLL','RP','1000','mm','100','m',NULL,NULL),
(145,'AD2-RP0000145','AICI JAPAN','YUPO PAPER Rt-K','130mmx400m','ROLL','RP','130','mm','400','m',NULL,NULL),
(147,'AD1-SF0000389','WANYE','STRETCH FILM','500mmx300mx17microns','STRETCH FILM','SF','500','mm','17','m','17','microns'),
(148,'AD1-SF0000390','WANYE','STRETCH FILM','500mmx300mx20microns','STRETCH FILM','SF','500','mm','20','m','20','microns'),
(149,'AD1-RB0000391','SATO','WAX RIBBON (T102H) - F/I','110mmx300m','THERMAL RIBBON','RB','110','mm','300','m',NULL,NULL),
(150,'AD1-RB0000392','SATO','WAX RIBBON (T102H) - F/O','95mmx300m','THERMAL RIBBON','RB','95','mm','300','m',NULL,NULL),
(151,'AD1-RB0000393','SATO','WAX RIBBON (T102H) - F/I','90mmx300m','THERMAL RIBBON','RB','90','mm','300','m',NULL,NULL),
(152,'AD1-RB0000394','SATO','WAX RIBBON (T102H) - F/I','76mmx300m','THERMAL RIBBON','RB','76','mm','300','m',NULL,NULL),
(153,'AD1-RB0000395','SATO','WAX RIBBON (T102H) - F/I','56mmx300m','THERMAL RIBBON','RB','56','mm','300','m',NULL,NULL),
(154,'AD1-RB0000396','SATO','WAX RIBBON (T102H) - F/I','38mmx300m','THERMAL RIBBON','RB','38','mm','300','m',NULL,NULL),
(155,'AD1-RB0000397','KUANLANG','STANDARD WAX RIBBON ( AKW101-A)- F/I','110mmx300m','THERMAL RIBBON','RB','110','mm','300','m',NULL,NULL),
(156,'AD1-RB0000398','SATO ','RESIN RIBBON (R333A) - F/I','110mmx300m','THERMAL RIBBON','RB','110','mm','300','m',NULL,NULL),
(157,'AD1-RB0000399','SATO','RESIN RIBBON (R333A) - F/O','110mmx300m','THERMAL RIBBON','RB','110','mm','300','m',NULL,NULL),
(158,'AD1-RB0000400','SATO ','RESIN RIBBON (R333A) - F/I','76mmx300m','THERMAL RIBBON','RB','76','mm','300','m',NULL,NULL),
(159,'AD1-RB0000401','SATO ','RESIN RIBBON (R333A) - F/I','38mmx300m','THERMAL RIBBON','RB','38','mm','300','m',NULL,NULL),
(160,'AD1-RB0000402','KUANLANG','GENERAL RESIN RIBBON (AKR303A) - F/I','110mmx300m','THERMAL RIBBON','RB','110','mm','300','m',NULL,NULL),
(161,'AD1-RB0000403','KUANLANG','GENERAL RESIN RIBBON (AKR303A) - F/O','110mmx300m','THERMAL RIBBON','RB','110','mm','300','m',NULL,NULL),
(162,'AD1-RB0000404','KUANLANG','GENERAL RESIN RIBBON (AK303A) - F/I','76mmx300m','THERMAL RIBBON','RB','76','mm','300','m',NULL,NULL),
(163,'AD1-RB0000405','KUANLANG','GENERAL RESIN RIBBON (AK303A) - F/I','38mmx300m','THERMAL RIBBON','RB','38','mm','300','m',NULL,NULL),
(164,'AD1-RB0000406','SATO','WAX-RESIN (T102E) - F/I','110mmx300m','THERMAL RIBBON','RB','110','mm','300','m',NULL,NULL),
(165,'AD1-RB0000407','SATO ','WAX-RESIN (T102E) -F/I','91mmx300m','THERMAL RIBBON','RB','91','mm','300','m',NULL,NULL),
(166,'AD1-RB0000408','SATO','WAX-RESIN (T102E) - F/I','76mmx300m','THERMAL RIBBON','RB','76','mm','300','m',NULL,NULL),
(167,'AD1-RB0000409','KUANLANG','ECONOMIC WAX RESIN (AKM220A)-F/I','110mmx300m','THERMAL RIBBON','RB','110','mm','300','m',NULL,NULL),
(168,'AD1-RB0000410','KUANLANG','ECONOMIC WAX RESIN (AKM220A)-F/O','110mmx300m','THERMAL RIBBON','RB','110','mm','300','m',NULL,NULL),
(169,'AD1-RB0000411','KUANLANG','ECONOMIC WAX RESIN (AKM220A) - F/1','76mmx300m','THERMAL RIBBON','RB','76','mm','300','m',NULL,NULL),
(170,'AD1-RB0000412','KUANLANG','ECONOMIC WAX RESIN (AKM220A)- F/O','76mmx300m','THERMAL RIBBON','RB','76','mm','300','m',NULL,NULL);

/*Table structure for table `roll_material_tracking` */

DROP TABLE IF EXISTS `roll_material_tracking`;

CREATE TABLE `roll_material_tracking` (
  `id` int(10) NOT NULL AUTO_INCREMENT,
  `material_tracking_id` int(10) NOT NULL,
  `material_id` int(10) NOT NULL,
  `roll_length` double NOT NULL,
  `roll_length_unit` varchar(2) NOT NULL,
  `stock_roll_quantity` int(10) NOT NULL DEFAULT '0',
  `employee_id` int(10) NOT NULL,
  `created_at` datetime NOT NULL,
  `updated_at` datetime DEFAULT NULL,
  `deleted_at` datetime DEFAULT NULL,
  PRIMARY KEY (`id`)
) ENGINE=InnoDB AUTO_INCREMENT=76 DEFAULT CHARSET=utf8;

/*Data for the table `roll_material_tracking` */

insert  into `roll_material_tracking`(`id`,`material_tracking_id`,`material_id`,`roll_length`,`roll_length_unit`,`stock_roll_quantity`,`employee_id`,`created_at`,`updated_at`,`deleted_at`) values 
(1,1,1,1,'m',1,1,'2020-04-20 06:50:19','2020-04-20 06:50:19',NULL),
(2,8,8,1,'m',1,1,'2020-04-20 06:50:19','2020-04-20 06:50:19',NULL),
(3,24,24,1,'m',1,1,'2020-04-20 06:50:19','2020-04-20 06:50:19',NULL),
(4,27,27,1,'m',1,1,'2020-04-20 06:50:19','2020-04-20 06:50:19',NULL),
(5,28,28,1,'m',1,1,'2020-04-20 06:50:19','2020-04-20 06:50:19',NULL),
(6,29,29,1,'m',1,1,'2020-04-20 06:50:19','2020-04-20 06:50:19',NULL),
(7,30,30,1,'m',1,1,'2020-04-20 06:50:19','2020-04-20 06:50:19',NULL),
(8,31,31,1,'m',1,1,'2020-04-20 06:50:19','2020-04-20 06:50:19',NULL),
(9,32,32,1,'m',1,1,'2020-04-20 06:50:19','2020-04-20 06:50:19',NULL),
(10,33,33,1,'m',1,1,'2020-04-20 06:50:19','2020-04-20 06:50:19',NULL),
(11,34,34,1,'m',1,1,'2020-04-20 06:50:19','2020-04-20 06:50:19',NULL),
(12,35,35,1,'m',1,1,'2020-04-20 06:50:19','2020-04-20 06:50:19',NULL),
(13,36,36,1,'m',1,1,'2020-04-20 06:50:19','2020-04-20 06:50:19',NULL),
(14,37,37,1,'m',1,1,'2020-04-20 06:50:19','2020-04-20 06:50:19',NULL),
(15,38,38,1,'m',1,1,'2020-04-20 06:50:19','2020-04-20 06:50:19',NULL),
(16,39,39,1,'m',1,1,'2020-04-20 06:50:19','2020-04-20 06:50:19',NULL),
(17,52,52,1,'m',1,1,'2020-04-20 06:50:19','2020-04-20 06:50:19',NULL),
(18,53,53,1,'m',1,1,'2020-04-20 06:50:19','2020-04-20 06:50:19',NULL),
(19,54,54,1,'m',1,1,'2020-04-20 06:50:19','2020-04-20 06:50:19',NULL),
(20,55,55,1,'m',1,1,'2020-04-20 06:50:19','2020-04-20 06:50:19',NULL),
(21,56,56,1,'m',1,1,'2020-04-20 06:50:19','2020-04-20 06:50:19',NULL),
(22,57,57,1,'m',1,1,'2020-04-20 06:50:19','2020-04-20 06:50:19',NULL),
(23,58,58,1,'m',1,1,'2020-04-20 06:50:19','2020-04-20 06:50:19',NULL),
(24,59,59,1,'m',1,1,'2020-04-20 06:50:19','2020-04-20 06:50:19',NULL),
(25,60,60,1,'m',1,1,'2020-04-20 06:50:19','2020-04-20 06:50:19',NULL),
(26,61,61,1,'m',1,1,'2020-04-20 06:50:19','2020-04-20 06:50:19',NULL),
(27,62,62,1,'m',1,1,'2020-04-20 06:50:19','2020-04-20 06:50:19',NULL),
(28,63,63,1,'m',1,1,'2020-04-20 06:50:19','2020-04-20 06:50:19',NULL),
(29,86,86,1,'m',1,1,'2020-04-20 06:50:19','2020-04-20 06:50:19',NULL),
(30,87,87,1,'m',1,1,'2020-04-20 06:50:19','2020-04-20 06:50:19',NULL),
(31,101,101,1,'m',1,1,'2020-04-20 06:50:20','2020-04-20 06:50:20',NULL),
(32,102,102,1,'m',1,1,'2020-04-20 06:50:20','2020-04-20 06:50:20',NULL),
(33,103,103,1,'m',1,1,'2020-04-20 06:50:20','2020-04-20 06:50:20',NULL),
(34,106,106,1,'m',1,1,'2020-04-20 06:50:20','2020-04-20 06:50:20',NULL),
(35,107,107,1,'m',1,1,'2020-04-20 06:50:20','2020-04-20 06:50:20',NULL),
(36,108,108,1,'m',1,1,'2020-04-20 06:50:20','2020-04-20 06:50:20',NULL),
(37,109,109,1,'m',1,1,'2020-04-20 06:50:20','2020-04-20 06:50:20',NULL),
(38,110,110,1,'m',1,1,'2020-04-20 06:50:20','2020-04-20 06:50:20',NULL),
(39,111,111,1,'m',1,1,'2020-04-20 06:50:20','2020-04-20 06:50:20',NULL),
(40,113,113,1,'m',1,1,'2020-04-20 06:50:20','2020-04-20 06:50:20',NULL),
(41,114,114,1,'m',1,1,'2020-04-20 06:50:20','2020-04-20 06:50:20',NULL),
(42,115,115,1,'m',1,1,'2020-04-20 06:50:20','2020-04-20 06:50:20',NULL),
(43,116,116,1,'m',1,1,'2020-04-20 06:50:20','2020-04-20 06:50:20',NULL),
(44,117,117,1,'m',1,1,'2020-04-20 06:50:20','2020-04-20 06:50:20',NULL),
(45,118,118,1,'m',1,1,'2020-04-20 06:50:20','2020-04-20 06:50:20',NULL),
(46,119,119,1,'m',1,1,'2020-04-20 06:50:20','2020-04-20 06:50:20',NULL),
(47,120,120,1,'m',1,1,'2020-04-20 06:50:20','2020-04-20 06:50:20',NULL),
(48,121,121,1,'m',1,1,'2020-04-20 06:50:20','2020-04-20 06:50:20',NULL),
(49,122,122,1,'m',1,1,'2020-04-20 06:50:20','2020-04-20 06:50:20',NULL),
(50,123,123,1,'m',1,1,'2020-04-20 06:50:20','2020-04-20 06:50:20',NULL),
(51,124,124,1,'m',1,1,'2020-04-20 06:50:20','2020-04-20 06:50:20',NULL),
(52,126,126,1,'m',1,1,'2020-04-20 06:50:20','2020-04-20 06:50:20',NULL),
(53,127,127,1,'m',1,1,'2020-04-20 06:50:20','2020-04-20 06:50:20',NULL),
(54,128,128,1,'m',1,1,'2020-04-20 06:50:20','2020-04-20 06:50:20',NULL),
(55,129,129,1,'m',1,1,'2020-04-20 06:50:20','2020-04-20 06:50:20',NULL),
(56,130,130,1,'m',1,1,'2020-04-20 06:50:20','2020-04-20 06:50:20',NULL),
(57,131,131,1,'m',1,1,'2020-04-20 06:50:20','2020-04-20 06:50:20',NULL),
(58,132,132,1,'m',1,1,'2020-04-20 06:50:20','2020-04-20 06:50:20',NULL),
(59,133,133,1,'m',1,1,'2020-04-20 06:50:20','2020-04-20 06:50:20',NULL),
(60,134,134,1,'m',1,1,'2020-04-20 06:50:20','2020-04-20 06:50:20',NULL),
(61,135,135,1,'m',1,1,'2020-04-20 06:50:20','2020-04-20 06:50:20',NULL),
(62,136,136,1,'m',1,1,'2020-04-20 06:50:20','2020-04-20 06:50:20',NULL),
(63,137,137,1,'m',1,1,'2020-04-20 06:50:20','2020-04-20 06:50:20',NULL),
(64,138,138,1,'m',1,1,'2020-04-20 06:50:20','2020-04-20 06:50:20',NULL),
(65,141,141,1,'m',1,1,'2020-04-20 06:50:20','2020-04-20 06:50:20',NULL),
(66,142,142,1,'m',1,1,'2020-04-20 06:50:20','2020-04-20 06:50:20',NULL),
(67,143,143,1,'m',1,1,'2020-04-20 06:50:20','2020-04-20 06:50:20',NULL),
(68,144,144,1,'m',1,1,'2020-04-20 06:50:20','2020-04-20 06:50:20',NULL),
(69,170,1,170,'mm',100,26,'2020-05-04 08:22:55','2020-05-04 08:22:55',NULL),
(70,171,1,170,'mm',180,26,'2020-05-04 08:23:37','2020-05-15 07:08:22',NULL),
(71,173,130,120,'mm',150,26,'2020-05-14 09:11:35','2020-05-14 09:11:35',NULL),
(72,174,130,120,'mm',200,26,'2020-05-14 12:44:26','2020-05-14 12:44:26',NULL),
(73,176,1,0,'mm',20,26,'2020-05-15 07:08:22','2020-05-15 07:08:22',NULL),
(74,177,1,170,'mm',20,26,'2020-05-15 07:32:01','2020-05-15 07:33:53',NULL),
(75,178,1,0,'mm',100,26,'2020-05-15 07:33:53','2020-05-15 07:33:53',NULL);

/*Table structure for table `sales_sheet` */

DROP TABLE IF EXISTS `sales_sheet`;

CREATE TABLE `sales_sheet` (
  `id` int(10) NOT NULL AUTO_INCREMENT,
  `ss_reference_number` varchar(11) NOT NULL,
  `cs_id` int(10) NOT NULL,
  `ss_qty` int(10) NOT NULL DEFAULT '0',
  `ss_qty_remaining` int(7) NOT NULL DEFAULT '0',
  `ss_total_amount` decimal(14,4) DEFAULT '0.0000',
  `ss_cost_price` decimal(14,4) NOT NULL DEFAULT '0.0000',
  `ss_cost_rate` decimal(14,4) NOT NULL DEFAULT '0.0000',
  `ss_gross_sales` decimal(14,4) NOT NULL DEFAULT '0.0000',
  `ss_sales_price` decimal(14,4) NOT NULL DEFAULT '0.0000',
  `ss_gross_profit` decimal(14,4) NOT NULL DEFAULT '0.0000',
  `ss_quotation_qty` int(7) NOT NULL,
  `ss_payment_method` int(1) NOT NULL,
  `ss_status` int(1) NOT NULL DEFAULT '0',
  `ss_islinked` int(1) NOT NULL DEFAULT '0',
  `ss_is_closed` int(1) NOT NULL DEFAULT '0',
  `employee_id` int(10) NOT NULL,
  `created_at` datetime NOT NULL,
  `updated_at` datetime DEFAULT NULL,
  `deleted_at` datetime DEFAULT NULL,
  PRIMARY KEY (`id`)
) ENGINE=InnoDB AUTO_INCREMENT=12 DEFAULT CHARSET=utf8;

/*Data for the table `sales_sheet` */

insert  into `sales_sheet`(`id`,`ss_reference_number`,`cs_id`,`ss_qty`,`ss_qty_remaining`,`ss_total_amount`,`ss_cost_price`,`ss_cost_rate`,`ss_gross_sales`,`ss_sales_price`,`ss_gross_profit`,`ss_quotation_qty`,`ss_payment_method`,`ss_status`,`ss_islinked`,`ss_is_closed`,`employee_id`,`created_at`,`updated_at`,`deleted_at`) values 
(1,'2020-06-001',0,0,0,0.0000,0.0000,0.0000,0.0000,0.0000,0.0000,0,0,1,0,0,26,'2020-06-05 14:59:42','2020-06-05 14:59:42',NULL),
(3,'2020-06-007',0,0,0,0.0000,0.0000,0.0000,0.0000,0.0000,0.0000,0,0,1,0,0,26,'2020-06-05 15:00:08','2020-06-05 15:00:08',NULL),
(4,'2020-06-008',0,0,0,0.0000,0.0000,0.0000,0.0000,0.0000,0.0000,0,0,1,0,0,26,'2020-06-05 15:31:55','2020-06-05 15:31:55',NULL),
(5,'2020-06-011',0,0,0,0.0000,0.0000,0.0000,0.0000,0.0000,0.0000,0,0,1,0,0,26,'2020-06-05 15:35:21','2020-06-08 15:08:46',NULL),
(6,'2020-06-012',0,0,0,0.0000,0.0000,0.0000,0.0000,0.0000,0.0000,0,0,1,0,0,26,'2020-06-05 15:35:34','2020-06-05 15:35:34',NULL),
(8,'2020-06-013',0,0,0,0.0000,0.0000,0.0000,0.0000,0.0000,0.0000,0,0,1,0,0,26,'2020-06-08 14:30:49','2020-06-08 14:30:49',NULL),
(9,'2020-06-014',0,0,0,0.0000,0.0000,0.0000,0.0000,0.0000,0.0000,0,0,1,0,0,26,'2020-06-08 14:31:36','2020-06-09 13:30:04',NULL),
(10,'2020-06-015',0,0,0,0.0000,0.0000,0.0000,0.0000,0.0000,0.0000,0,0,1,0,0,26,'2020-06-10 10:51:52','2020-06-10 10:51:52',NULL),
(11,'2020-06-016',0,0,0,0.0000,0.0000,0.0000,0.0000,0.0000,0.0000,0,0,1,0,0,26,'2020-06-10 10:51:57','2020-06-10 10:51:57',NULL);

/*Table structure for table `sales_sheet_evaluation` */

DROP TABLE IF EXISTS `sales_sheet_evaluation`;

CREATE TABLE `sales_sheet_evaluation` (
  `id` int(10) NOT NULL AUTO_INCREMENT,
  `ss_id` int(10) NOT NULL,
  `evaluator_id` int(10) NOT NULL,
  `evaluation_type` int(1) NOT NULL,
  `evaluator_remarks` text,
  `evaluation_status` int(1) DEFAULT NULL,
  `employee_id` int(10) NOT NULL,
  `created_at` datetime NOT NULL,
  `updated_at` datetime DEFAULT NULL,
  `deleted_at` datetime DEFAULT NULL,
  PRIMARY KEY (`id`)
) ENGINE=InnoDB AUTO_INCREMENT=17 DEFAULT CHARSET=utf8 COMMENT='			';

/*Data for the table `sales_sheet_evaluation` */

insert  into `sales_sheet_evaluation`(`id`,`ss_id`,`evaluator_id`,`evaluation_type`,`evaluator_remarks`,`evaluation_status`,`employee_id`,`created_at`,`updated_at`,`deleted_at`) values 
(1,8,1,1,NULL,1,26,'2020-06-08 14:30:49','2020-06-08 14:30:49',NULL),
(2,8,65,2,NULL,3,26,'2020-06-08 14:30:49','2020-06-08 14:30:49',NULL),
(3,9,1,1,NULL,5,26,'2020-06-08 14:31:36','2020-06-09 16:48:25',NULL),
(4,9,66,1,NULL,1,26,'2020-06-08 14:31:36','2020-06-09 13:16:02','2020-06-09 13:16:02'),
(5,9,65,2,NULL,3,26,'2020-06-08 14:31:36','2020-06-09 13:30:04',NULL),
(6,9,63,2,NULL,3,26,'2020-06-08 14:31:36','2020-06-09 13:30:04',NULL),
(7,9,66,1,'xxx',1,26,'2020-06-09 13:30:04','2020-06-09 14:32:08',NULL),
(8,9,68,1,NULL,1,26,'2020-06-09 13:30:04','2020-06-09 13:30:04',NULL),
(9,10,1,1,NULL,1,26,'2020-06-10 10:51:52','2020-06-10 10:51:52',NULL),
(10,10,63,1,NULL,1,26,'2020-06-10 10:51:52','2020-06-10 10:51:52',NULL),
(11,10,65,2,NULL,3,26,'2020-06-10 10:51:52','2020-06-10 10:51:52',NULL),
(12,10,66,2,NULL,3,26,'2020-06-10 10:51:52','2020-06-10 10:51:52',NULL),
(13,11,1,1,NULL,1,26,'2020-06-10 10:51:57','2020-06-10 10:51:57',NULL),
(14,11,63,1,NULL,1,26,'2020-06-10 10:51:57','2020-06-10 10:51:57',NULL),
(15,11,65,2,NULL,3,26,'2020-06-10 10:51:57','2020-06-10 10:51:57',NULL),
(16,11,66,2,NULL,3,26,'2020-06-10 10:51:57','2020-06-10 10:51:57',NULL);

/*Table structure for table `sales_sheet_materials` */

DROP TABLE IF EXISTS `sales_sheet_materials`;

CREATE TABLE `sales_sheet_materials` (
  `id` int(10) NOT NULL AUTO_INCREMENT,
  `ss_id` int(10) NOT NULL,
  `ss_material_code` int(10) DEFAULT NULL,
  `ss_material_name` varchar(100) NOT NULL,
  `ss_material_length` double DEFAULT NULL,
  `ss_material_length_unit` varchar(2) DEFAULT 'mm',
  `ss_material_width` double DEFAULT NULL,
  `ss_material_width_unit` varchar(2) DEFAULT 'mm',
  `ss_material_prm` int(10) NOT NULL,
  `ss_material_actual` double DEFAULT NULL,
  `ss_material_total_actual` double DEFAULT NULL,
  `ss_material_actual_rate` double DEFAULT NULL,
  `ss_material_unit_amount` decimal(14,4) NOT NULL DEFAULT '0.0000',
  `ss_material_unit_amount_currency` varchar(3) NOT NULL DEFAULT 'PHP',
  `ss_material_unit_amount_php` decimal(14,4) DEFAULT '0.0000',
  `ss_material_total_amount` decimal(14,4) DEFAULT '0.0000',
  `ss_material_total_amount_currency` varchar(3) DEFAULT 'PHP',
  `ss_material_total_amount_php` decimal(14,4) DEFAULT '0.0000',
  `employee_id` int(10) NOT NULL,
  `created_at` datetime NOT NULL,
  `updated_at` datetime DEFAULT NULL,
  `deleted_at` datetime DEFAULT NULL,
  PRIMARY KEY (`id`)
) ENGINE=InnoDB DEFAULT CHARSET=utf8 COMMENT='			';

/*Data for the table `sales_sheet_materials` */

/*Table structure for table `sales_sheet_prints` */

DROP TABLE IF EXISTS `sales_sheet_prints`;

CREATE TABLE `sales_sheet_prints` (
  `id` int(10) NOT NULL AUTO_INCREMENT,
  `ss_id` int(10) NOT NULL,
  `co_print_id` int(10) NOT NULL,
  `ss_front_amount` decimal(14,4) DEFAULT '0.0000',
  `ss_front_regular_amount` decimal(14,4) DEFAULT '0.0000',
  `ss_front_special_amount` decimal(14,4) DEFAULT '0.0000',
  `ss_back_amount` decimal(14,4) DEFAULT '0.0000',
  `ss_back_regular_amount` decimal(14,4) DEFAULT '0.0000',
  `ss_back_special_amount` decimal(14,4) DEFAULT '0.0000',
  `ss_regular_amount` decimal(14,4) DEFAULT '0.0000',
  `ss_special_amount` decimal(14,4) DEFAULT '0.0000',
  `employee_id` int(10) NOT NULL,
  `created_at` datetime NOT NULL,
  `updated_at` datetime DEFAULT NULL,
  `deleted_at` datetime DEFAULT NULL,
  PRIMARY KEY (`id`)
) ENGINE=InnoDB DEFAULT CHARSET=utf8 COMMENT='			';

/*Data for the table `sales_sheet_prints` */

/*Table structure for table `sales_sheet_processes` */

DROP TABLE IF EXISTS `sales_sheet_processes`;

CREATE TABLE `sales_sheet_processes` (
  `id` int(10) NOT NULL AUTO_INCREMENT,
  `ss_id` int(10) NOT NULL,
  `ss_process_name` text NOT NULL,
  `ss_process_qty` int(7) DEFAULT NULL,
  `ss_process_unit_amount` decimal(14,4) DEFAULT '0.0000',
  `ss_process_total_amount` decimal(14,4) DEFAULT '0.0000',
  `employee_id` int(10) NOT NULL,
  `created_at` datetime NOT NULL,
  `updated_at` datetime DEFAULT NULL,
  `deleted_at` datetime DEFAULT NULL,
  PRIMARY KEY (`id`)
) ENGINE=InnoDB DEFAULT CHARSET=utf8 COMMENT='			';

/*Data for the table `sales_sheet_processes` */

/*Table structure for table `sales_sheet_processes_subcon` */

DROP TABLE IF EXISTS `sales_sheet_processes_subcon`;

CREATE TABLE `sales_sheet_processes_subcon` (
  `id` int(10) NOT NULL AUTO_INCREMENT,
  `ss_id` int(10) NOT NULL,
  `ss_process_subcon_name` text NOT NULL,
  `ss_process_subcon_description` text,
  `ss_process_subcon_qty` int(7) DEFAULT NULL,
  `ss_process_subcon_unit_amount` decimal(14,4) DEFAULT '0.0000',
  `ss_process_subcon_total_amount` decimal(14,4) DEFAULT '0.0000',
  `employee_id` int(10) NOT NULL,
  `created_at` datetime NOT NULL,
  `updated_at` datetime DEFAULT NULL,
  `deleted_at` datetime DEFAULT NULL,
  PRIMARY KEY (`id`)
) ENGINE=InnoDB DEFAULT CHARSET=utf8 COMMENT='			';

/*Data for the table `sales_sheet_processes_subcon` */

/*Table structure for table `sc_items` */

DROP TABLE IF EXISTS `sc_items`;

CREATE TABLE `sc_items` (
  `id` int(11) DEFAULT NULL,
  `item_code` varchar(15) CHARACTER SET utf8 DEFAULT NULL,
  `supplier` varchar(14) CHARACTER SET utf8 DEFAULT NULL,
  `description` varchar(80) CHARACTER SET utf8 DEFAULT NULL,
  `part_number` varchar(23) CHARACTER SET utf8 DEFAULT NULL,
  `material_classification` varchar(13) CHARACTER SET utf8 DEFAULT NULL,
  `type_code` varchar(2) CHARACTER SET utf8 DEFAULT NULL
) ENGINE=InnoDB DEFAULT CHARSET=latin1;

/*Data for the table `sc_items` */

insert  into `sc_items`(`id`,`item_code`,`supplier`,`description`,`part_number`,`material_classification`,`type_code`) values 
(1,'AD5-LB0000147','JAPAN','MAINTENANCE STICKER(A4) FOR BATHTUB',NULL,'LABEL','LB'),
(2,'AD5-LB0000148','TSUCHIYA','THINNER LABEL','UN1993','LABEL','LB'),
(3,'AD5-LB0000149','TSUCHIYA','ADVISE LABEL ','C-POT-00000001','LABEL','LB'),
(4,'AD5-PK0000150','CPC','CORRUGATED BOX','14760N','BOXS','PK'),
(5,'AD5-PK0000151','CPC','CORRUGATED BOX','14968N','BOXS','PK'),
(6,'AD5-PK0000152','CPC','CORRUGATED BOX','14762N','BOXS','PK'),
(7,'AD5-PK0000153','CPC','CORRUGATED BOX','14291N','BOXS','PK'),
(8,'AD5-WK0000154','PAPTI','HIKIDASHI STICKER-WHITE','61033-01','LABEL','WK'),
(9,'AD5-WK0000155','PAPTI','HIKIDASHI STICKER-BROWN','61032 M54','LABEL','WK'),
(10,'AD5-PK0000156','KANEPACKAGE','L-208 PAD (CUSHION PLATE)','J11097621-02','PAD','PK'),
(11,'AD5-PK0000157','KANEPACKAGE','L-858 INNER BOX','JY1097521-01','BOXS','PK'),
(12,'AD5-PK0000159','AICI JAPAN','CARTON BOX-R ','19-X261-A','BOXS','PK'),
(13,'AD5-PK0000160','AICI JAPAN','CARTON BOX-H','19-X265-A','BOXS','PK'),
(14,'AD5-PK0000161','AICI JAPAN','CARTON BOX-H','19-X265-B','BOXS','PK'),
(15,'AD5-PK0000162','KANEPACKAGE','L-478 INNER BOX','JR1097521-02','BOXS','PK'),
(16,'AD5-PK0000163','WANYE','L-208 OUTER BOX','J11097552-05','BOXS','PK'),
(17,'AD5-LB0000164','AICI JAPAN','STICKER FOR TRASHBIN','54031-1','LABEL','LB'),
(18,'AD5-PK0000165','WANYE','SMOKEY WHITE US','AA-CPL1P145-100','BOXS','PK'),
(19,'AD5-PK0000166','WANYE','FLAMINGO PINK US','AA-CPL1P145-200','BOXS','PK'),
(20,'AD5-PK0000167','WANYE','ICE BLUE US','AA-CPL1P145-300','BOXS','PK'),
(21,'AD5-PK0000168','WANYE','LIME GREEN US','AA-CPL1P145-400','BOXS','PK'),
(22,'AD5-PK0000169','WANYE','COBALT BLUE US','AA-CPL1P145-500','BOXS','PK'),
(23,'AD5-PK0000170','MEGA PRINT','SMOKEY WHITE US','AA-CPL1P145-100','BOXS','PK'),
(24,'AD5-PK0000171','MEGA PRINT','FLAMINGO PINK US','AA-CPL1P145-200','BOXS','PK'),
(25,'AD5-PK0000172','MEGA PRINT','ICE BLUE US','AA-CPL1P145-300','BOXS','PK'),
(26,'AD5-PK0000173','MEGA PRINT','LIME GREEN US','AA-CPL1P145-400','BOXS','PK'),
(27,'AD5-PK0000174','MEGA PRINT','COBALT BLUE US','AA-CPL1P145-500','BOXS','PK'),
(28,'AD5-PK0000175','WANYE','SMOKEY WHITE(WW)','AA-CPL1P145-600','BOXS','PK'),
(29,'AD5-PK0000176','WANYE','COBALT BLUE(WW)','AA-CPL1P145-400','BOXS','PK'),
(30,'AD5-PK0000177','WANYE','ICE BLUE(WW)','AA-CPL1P145-800','BOXS','PK'),
(31,'AD5-PK0000178','WANYE','MINI8+/VANILLA','AA-CPL1P001-F00','BOXS','PK'),
(32,'AD5-ZZ0000179','WANYE','CAUTION LABEL','C-PIL-00000001','STICKER','ZZ'),
(33,'AD5-PK0000180','GREENSTONE','L-308 BOX A','JE1097521-02','BOXS','PK'),
(34,'AD5-PK0000181','GREENSTONE','L-308 BOX B','JE1097530-01','BOXS','PK'),
(35,'AD5-PK0000182','KANEPACKAGE','MASTER CARTON R TYPE A','19-X260A','BOXS','PK'),
(36,'AD5-PK0000183','KANEPACKAGE','MASTER CARTON H TYPE A','19-X264 A','BOXS','PK'),
(37,'AD5-HT0000184','WANYE','TKK FHL 402F HANG TAG','P-PHT-00000039','HANGTAG','HT'),
(38,'AD5-HT0000185','WANYE','JNR 501 HANTAG','P-PHT-00000036','HANGTAG','HT'),
(39,'AD5-HT0000186','WANYE','THK JNL 503 VWWH HANTAG','P-PHT-00000049','HANGTAG','HT'),
(40,'AD5-HT0000187','WANYE','JNR 601 HANTAG','P-PHT-00000037','HANGTAG','HT'),
(41,'AD5-HT0000188','WANYE','JNL 500KSB HANTAG','P-PHT-00000051','HANGTAG','HT'),
(42,'AD5-HT0000189','WANYE','JNL 753K HANGTAG(NEW REVISION)','P-PHT-00000017','HANGTAG','HT'),
(43,'AD5-HT0000190','WANYE','JNL 403K HANGTAG(NEW REVISION)','P-PHT-00000021','HANGTAG','HT'),
(44,'AD5-HT0000191','WANYE','JNL 353K HANGTAG(NEW REVISION)','P-PHT-00000011','HANGTAG','HT'),
(45,'AD5-HT0000192','WANYE','FHT 1001F HANGTAG','P-PHT-00000044','HANGTAG','HT'),
(46,'AD5-HT0000193','WANYE','FHT1000F HANGTAG','P-PHT-00000022','HANGTAG','HT'),
(47,'AD5-HT0000194','WANYE','JNL 503 HANGTAG','P-PH00000008','HANGTAG','HT'),
(48,'AD5-HT0000195','WANYE','JNL-503K HangTag','P-PHT-00000012 New Rev.','HANGTAG','HT'),
(49,'AD5-HT0000196','WANYE','FHT 1000F Hang Tag','P-PHT-00000022','HANGTAG','HT'),
(50,'AD5-HT0000197','WANYE','JNL 354 Hang Tag','P-PHT-00000027','HANGTAG','HT'),
(51,'AD5-HT0000198','WANYE','JNL 754 Hang Tag','P-PHT-00000030','HANGTAG','HT'),
(52,'AD5-HT0000199','WANYE','JNL 604 Hang Tag','P-PHT-00000029','HANGTAG','HT'),
(53,'AD5-HT0000200','WANYE','FHL 402F Hang Tag','P-PHT-00000039','HANGTAG','HT'),
(54,'AD5-HT0000201','WANYE','FHT 1001F Hang Tag','P-PHT-00000044','HANGTAG','HT'),
(55,'AD5-HT0000202','WANYE','JNR 351 Hang Tag','P-PHT-00000035','HANGTAG','HT'),
(56,'AD5-HT0000203','WANYE','JNR 501 Hang Tag','P-PHT-00000036','HANGTAG','HT'),
(57,'AD5-HT0000204','WANYE','JNR 601 Hang Tag','P-PHT-00000037','HANGTAG','HT'),
(58,'AD5-HT0000205','WANYE','JNR 751 Hang Tag','P-PHT-00000038','HANGTAG','HT'),
(59,'AD5-HT0000206','WANYE','FHL 402FDS BL-R HangTag','P-PHT-00000041','HANGTAG','HT'),
(60,'AD5-HT0000207','WANYE','FHL 402FDS NV-R HangTag','P-PHT-00000047','HANGTAG','HT'),
(61,'AD5-HT0000208','WANYE','JNL 403DS Hang Tag','P-PHT-00000033','HANGTAG','HT'),
(62,'AD5-HT0000209','WANYE','JNL 403K Hang Tag','P-PHT-00000021 New Rev.','HANGTAG','HT'),
(63,'AD5-HT0000210','MEGA PRINT',' TKK JNL 504 Hang Tag','P-PHT-00000028','HANGTAG','HT'),
(64,'AD5-HT0000211','MEGA PRINT','TKK FHL 402FB HangTag','P-PHT-00000040','HANGTAG','HT'),
(65,'AD5-HT0000212','MEGA PRINT','JNL-353K HangTag','P-PHT-00000011New Rev.','HANGTAG','HT'),
(66,'AD5-HT0000213','MEGA PRINT',' JNL-503 HangTag','P-PHT-00000008','HANGTAG','HT'),
(67,'AD5-HT0000214','MEGA PRINT',' JNR 501 Hang Tag','P-PHT-00000036','HANGTAG','HT'),
(68,'AD5-HT0000215','MEGA PRINT',' JNR 601 Hang Tag','P-PHT-00000037','HANGTAG','HT'),
(69,'AD5-HT0000216','MEGA PRINT',' TKK FHL 1001F HangTag','P-PHT-00000044','HANGTAG','HT'),
(70,'AD5-HT0000217','MEGA PRINT',' TKK FHT 801F HangTag','P-PHT-00000045','HANGTAG','HT'),
(71,'AD5-HT0000218','MEGA PRINT',' TKK  JNL TSS HangTag','P-PHT-00000046','HANGTAG','HT'),
(72,'AD5-HT0000219','MEGA PRINT',' JNL-503K HangTag','P-PHT-00000012 New Rev.','HANGTAG','HT'),
(73,'AD5-HT0000220','MEGA PRINT',' FHV-350-P HangTag','P-PHT-00000019','HANGTAG','HT'),
(74,'AD5-HT0000221','MEGA PRINT','FHV-250DS HangTag','P-PHT-00000018','HANGTAG','HT'),
(75,'AD5-HT0000222','MEGA PRINT',' TKK JNL 354 Hang Tag','P-PHT-00000027','HANGTAG','HT'),
(76,'AD5-HT0000223','MEGA PRINT',' TKK JNL 754 Hang Tag','P-PHT-00000030','HANGTAG','HT'),
(77,'AD5-HT0000224','MEGA PRINT',' JNR 351 Hang Tag','P-PHT-00000035','HANGTAG','HT'),
(78,'AD5-HT0000226','MEGA PRINT','For Printing, WBV - Both Sides - Diecut 3D -Spot UV of: TKK JNL 504 Hang Tag','P-PHT-00000028','HANGTAG','HT'),
(79,'AD5-HT0000227','MEGA PRINT','For Printing, WBV (Back to Back) - Diecut of:  TKK JNL 403DS Hang Tag',' P-PHT-00000033','HANGTAG','HT'),
(80,'AD5-HT0000228','MEGA PRINT','For Printing, WBV (Back to Back) - Diecut of: TKK JNL 403B Hang Tag',' P-PHT-00000034','HANGTAG','HT'),
(81,'AD5-HT0000229','MEGA PRINT','For Offset Printing - BSP - WBV - Diecut process of: TKK FHL 402FDS NV-R HangTag','P-PHT-00000047','HANGTAG','HT'),
(82,'AD5-HT0000230','MEGA PRINT','For Offset Printing - BSP - WBV - Diecut process of: TKK FHL 402FDS PK-C HangTag','P-PHT-00000048','HANGTAG','HT'),
(83,'AD5-HT0000231','MEGA PRINT','For Offset Printing - BSP - WBV - 3D Lam. - Diecut process of: TKK 402F HangTag','P-PHT-00000039','HANGTAG','HT'),
(84,'AD5-HT0000232','MEGA PRINT','For Offset-BSP-Online WBV-Diecut Process: TKR JNL 500KSB HangTag','P-PHT-00000051','HANGTAG','HT'),
(85,'AD9-ZZ0000158','WANYE','SILVER STRING',NULL,'SILVER STRING','ZZ'),
(86,'AD9-CH0000233','HEIDELBERG','SPRAY POWDER',NULL,NULL,'CH'),
(87,'AD9-CH0000234',NULL,'SUPER 77 TMCLSSIC/SPRAY ADHESIVE',NULL,NULL,'CH'),
(88,'AD9-CH0000235','CALAMBA LUMBER','WD - 40',NULL,NULL,'CH'),
(89,'AD9-CH0000236','MY PRINTER','700 CHAMPION GLUE',NULL,NULL,'CH'),
(90,'AD9-CH0000237','MY PRINTER','RED GLUE PADDING CEMENT',NULL,NULL,'CH'),
(91,'AD9-CH0000238','MY PRINTER','500 CHAMPION GLUE',NULL,NULL,'CH'),
(92,'AD9-CH0000239','JAPAN','92 - SEPARATORS GLUE',NULL,NULL,'CH'),
(93,'AD9-CH0000240','MY PRINTER','2500 CHAMPION GLUE',NULL,NULL,'CH'),
(94,'AD9-CH0000241','MY PRINTER','THICK DELETION GEL',NULL,NULL,'CH'),
(95,'AD9-CH0000242','JAPAN','WATER BASE GLUE EX-1571',NULL,NULL,'CH'),
(96,'AD9-CH0000243','EXPRESS COAT','GRAF-O-SINC',NULL,NULL,'CH'),
(97,'AD9-CH0000244','CONSOLIDATED','STIKWELL SEA E-1200',NULL,NULL,'CH'),
(98,'AD9-CH0000245','CONSOLIDATED','STIKWELL SEA E-1200',NULL,NULL,'CH'),
(99,'AD9-CH0000246','EXPRESS COAT','ECO SOY INK - BLACK',NULL,NULL,'CH'),
(100,'AD9-CH0000247','IMPERIAL INK','MIXING WHITE (AS-1303)',NULL,NULL,'CH'),
(101,'AD9-CH0000248','HEIDELBERG','BLUE SPRAY CP FINE',NULL,NULL,'CH'),
(102,'AD9-CH0000249','CALAMBA LUMBER','WD - 40 WHITE LITHIUM GREESE',NULL,NULL,'CH'),
(103,'AD9-CH0000250','HEIDELBERG','CENTOPLEX GLP 500',NULL,NULL,'CH'),
(104,'AD9-CH0000251','HEIDELBERG','SPRAY LUBRICANT SYNTHETIC H1',NULL,NULL,'CH'),
(105,'AD9-CH0000252','HEIDELBERG','LUBRICANT MULTI-TEMP H1',NULL,NULL,'CH'),
(106,'AD9-CH0000253',NULL,'TECHNOMELT GA 3030 W SPINE ',NULL,NULL,'CH'),
(107,'AD9-CH0000254','PREMIER','PREMIER HOTMELT GLUE',NULL,NULL,'CH'),
(108,'AD9-CH0000255','CDI SAKATA','RHODAMINE RED - S',NULL,NULL,'CH'),
(109,'AD9-CH0000256','CDI SAKATA','GG RUBINE RED - C',NULL,NULL,'CH'),
(110,'AD9-CH0000257','CDI SAKATA','P. VIOLET - C',NULL,NULL,'CH'),
(111,'AD9-CH0000258','CDI SAKATA','P. VIOLET - C',NULL,NULL,'CH'),
(112,'AD9-CH0000259','CDI SAKATA','P. VIOLET - C',NULL,NULL,'CH'),
(113,'AD9-CH0000260','CDI SAKATA','P. RED 032 - C',NULL,NULL,'CH'),
(114,'AD9-CH0000261','CDI SAKATA','P. WARM RED-  C',NULL,NULL,'CH'),
(115,'AD9-CH0000262','CDI SAKATA','P. GREEN - C',NULL,NULL,'CH'),
(116,'AD9-CH0000263','CDI SAKATA','P. GREEN - C',NULL,NULL,'CH'),
(117,'AD9-CH0000264','CDI SAKATA','P. PURPLE - C',NULL,NULL,'CH'),
(118,'AD9-CH0000265','CDI SAKATA','P. RELEX BLUE - C',NULL,NULL,'CH'),
(119,'AD9-CH0000266','CDI SAKATA','P. RELEX BLUE - C',NULL,NULL,'CH'),
(120,'AD9-CH0000267','CDI SAKATA','P. ORANGE 021 - C',NULL,NULL,'CH'),
(121,'AD9-CH0000268','CDI SAKATA','P. ORANGE 021 - C',NULL,NULL,'CH'),
(122,'AD9-CH0000269','CDI SAKATA','TRANSPARENT WHITE - C',NULL,NULL,'CH'),
(123,'AD9-CH0000270','CDI SAKATA','MAGENTA H+INK',NULL,NULL,'CH'),
(124,'AD9-CH0000271','HEIDELBERG','INK JAZZ 100- CYAN',NULL,NULL,'CH'),
(125,'AD9-CH0000272','HEIDELBERG','INK JAZZ 100- CYAN',NULL,NULL,'CH'),
(126,'AD9-CH0000273','HEIDELBERG','INK JAZZ - MAGENTA',NULL,NULL,'CH'),
(127,'AD9-CH0000074','HEIDELBERG','INK JAZZ - MAGENTA',NULL,NULL,'CH'),
(128,'AD9-CH0000275','HEIDELBERG','INK JAZZ - YELLOW',NULL,NULL,'CH'),
(129,'AD9-CH0000276','HEIDELBERG','INK JAZZ- BLACK',NULL,NULL,'CH'),
(130,'AD9-CH0000277','HEIDELBERG','INK JAZZ- BLACK',NULL,NULL,'CH'),
(131,'AD9-CH0000278','DIC PHILS.','VALUES GV -BLACK',NULL,NULL,'CH'),
(132,'AD9-CH0000279','DIC PHILS.','VALUES GV -CYAN',NULL,NULL,'CH'),
(133,'AD9-CH0000280','DIC PHILS.','VALUES GV -YELLOW',NULL,NULL,'CH'),
(134,'AD9-CH0000281','DIC PHILS.','VALUES GV -MAGENTA',NULL,NULL,'CH'),
(135,'AD9-CH0000282','CDI SAKATA','METALLIC GOLD',NULL,NULL,'CH'),
(136,'AD9-CH0000283','DIC PHILS.','GG REPLEX BLUE',NULL,NULL,'CH'),
(137,'AD9-CH0000284','DIC PHILS.','GG REPLEX BLUE',NULL,NULL,'CH'),
(138,'AD9-CH0000285','DIC PHILS.','GG 40398 UNIFIED LENS BLUE',NULL,NULL,'CH'),
(139,'AD9-CH0000286','DIC PHILS.','TACK REDUCING COMPOUND',NULL,NULL,'CH'),
(140,'AD9-CH0000287','EXPRESS COAT','EPPLE -UV FOIL BLACK INK',NULL,NULL,'CH'),
(141,'AD9-CH0000288','CHASE MKTG','UV 161 RHODAMINE RED S',NULL,NULL,'CH'),
(142,'AD9-CH0000289','CHASE MKTG','UV 161 WHITE S',NULL,NULL,'CH'),
(143,'AD9-CH0000290','CHASE MKTG','UV MAGENTA S',NULL,NULL,'CH'),
(144,'AD9-CH0000291','CHASE MKTG','UV 161 PROCESS YELLOW S',NULL,NULL,'CH'),
(145,'AD9-CH0000292','CHASE MKTG','UV 161 ADAMAY SLF P 186 C RED S',NULL,NULL,'CH'),
(146,'AD9-CH0000293','CHASE MKTG','UV 161 405 GREEN S',NULL,NULL,'CH'),
(147,'AD9-CH0000295','CHASE MKTG','UV 161 CYAN S',NULL,NULL,'CH'),
(148,'AD9-CH0000296','CHASE MKTG','UV 161 115 BRONZE RED S',NULL,NULL,'CH'),
(149,'AD9-CH0000297','CHASE MKTG','UV 161 020 RED S',NULL,NULL,'CH'),
(150,'AD9-CH0000298','CHASE MKTG','UV 161 ORANGE S',NULL,NULL,'CH'),
(151,'AD9-CH0000299','FUJIFILM','GUMMIN SOLUTION',NULL,NULL,'CH'),
(152,'AD9-CH0000300','HEIDELBERG','PLATE CLEANER',NULL,NULL,'CH'),
(153,'AD9-CH0000301','HEIDELBERG','PLATE CLEANER XTR 502',NULL,NULL,'CH'),
(154,'AD9-CH0000302','HEIDELBERG','ROLLER PROTECTION LIQUID',NULL,NULL,'CH'),
(155,'AD9-CH0000303','FUJIFILM','NEGATIVE PLATE DEVELOPER',NULL,NULL,'CH'),
(156,'AD9-CH0000304','FUJIFILM','POSITIVE PLATE DEVELOPER',NULL,NULL,'CH'),
(157,'AD9-CH0000305','CALEDONIAN','VARN WASH',NULL,NULL,'CH'),
(158,'AD9-CH0000306','CALEDONIAN','VARN WASH',NULL,NULL,'CH'),
(159,'AD9-CH0000307','GREAT DEAL','IPA -  ALCOHOL 99%',NULL,NULL,'CH'),
(160,'AD9-CH0000308','SHELL','TELLUS #32/HYDRAULIC OIL',NULL,NULL,'CH'),
(161,'AD9-CH0000309','HEIDELBERG','PLATE GUM FINISHER',NULL,NULL,'CH'),
(162,'AD9-CH0000310','SHELL','RIMULA - R1 SAE 40',NULL,NULL,'CH'),
(163,'AD9-CH0000311','CALAMBA LUMBER','LACQUER THINNER',NULL,NULL,'CH'),
(164,'AD9-CH0000312','HEIDELBERG','SAPHIRA INTENSIVE CLEANER 500',NULL,NULL,'CH'),
(165,'AD9-CH0000313','SHELL','SHELL TELLUS S2 MX 32 HYDROLIC OIL',NULL,NULL,'CH'),
(166,'AD9-CH0000314','SHELL','SHELL RIMULA R-130',NULL,NULL,'CH'),
(167,'AD9-CH0000315','SHELL','SHELL VITREA OIL OMALLA S26320',NULL,NULL,'CH'),
(168,'AD9-CH0000316','EXPRESS COAT','RAPID WASH / 220-063',NULL,NULL,'CH'),
(169,'AD9-CH0000317','EXPRESS COAT','RAPID WASH / 220-063',NULL,NULL,'CH'),
(170,'AD9-CH0000318','EXPRESS COAT','ALCO DAMP BLUE',NULL,NULL,'CH'),
(171,'AD9-CH0000319','EXPRESS COAT','ALCO DAMP BLUE',NULL,NULL,'CH'),
(172,'AD9-CH0000320','DIC PHILS.','GG NEW SILVER INK #  2',NULL,NULL,'CH'),
(173,'AD9-CH0000321','HEIDELBERG','DAMP CLEAN COMBI',NULL,NULL,'CH'),
(174,'AD9-CH0000322','HEIDELBERG','CALCIUM DEGLAZER',NULL,NULL,'CH'),
(175,'AD9-CH0000323','HEIDELBERG','CALCIUM DEGLAZER',NULL,NULL,'CH'),
(176,'AD9-CH0000324','HEIDELBERG','WASH 562',NULL,NULL,'CH'),
(177,'AD9-CH0000325','HEIDELBERG','WASH 562',NULL,NULL,'CH'),
(178,'AD9-CH0000326','HEIDELBERG','SAPHIRA FOUNT 511',NULL,NULL,'CH'),
(179,'AD9-CH0000327','HEIDELBERG','SAPHIRA 556 AF',NULL,NULL,'CH'),
(180,'AD9-ZZ0000328','MY PRINTERS','DAMPENING ROLLER COVER # 6',NULL,'CONSUMABLES','ZZ'),
(181,'AD9-ZZ0000329','NUPON','CHEMICAL GLOVES',NULL,'CONSUMABLES','ZZ'),
(182,'AD9-ZZ0000330','JAPAN','BLACK RIBBON',NULL,'CONSUMABLES','ZZ'),
(183,'AD9-ZZ0000331','JAPAN','RED RIBBON',NULL,'CONSUMABLES','ZZ'),
(184,'AD9-ZZ0000332','JAPAN','OGATA BOARD',NULL,'CONSUMABLES','ZZ'),
(185,'AD9-ZZ0000333','JAPAN','OGATA BOARD',NULL,'CONSUMABLES','ZZ'),
(186,'AD9-ZZ0000334','CALAMBA LUMBER','ACRYLIC PLASTIC BOARD',NULL,'CONSUMABLES','ZZ'),
(187,'AD9-ZZ0000335','JAPAN','RED DAMPENING ROLLER SLEEVE',NULL,'CONSUMABLES','ZZ'),
(188,'AD9-ZZ0000336','MY PRINTERS','MOLETON CLOTH # 6- ORANGE',NULL,'CONSUMABLES','ZZ'),
(189,'AD9-ZZ0000337','MY PRINTERS','MOLETON CLOTH # 6- WHITE',NULL,'CONSUMABLES','ZZ'),
(190,'AD9-ZZ0000338','JAPAN','RUBBER BLANKET FOR SHINOHARA',NULL,'CONSUMABLES','ZZ'),
(191,'AD9-ZZ0000339',NULL,'PERPORATION BLADE /STRAIGHT',NULL,'CONSUMABLES','ZZ'),
(192,'AD9-ZZ0000340','JAPAN','(2.5 CUT/1.0 UNCUT)',NULL,'CONSUMABLES','ZZ'),
(193,'AD9-ZZ0000341','JAPAN','(1.5 CUT/1.0 UNCUT)',NULL,'CONSUMABLES','ZZ'),
(194,'AD9-ZZ0000342','JAPAN','(2.5 CUT/0.8 UNCUT)',NULL,'CONSUMABLES','ZZ'),
(195,'AD9-ZZ0000343','JAPAN','HANADASHI SPONGE WHITE ',NULL,'CONSUMABLES','ZZ'),
(196,'AD9-ZZ0000344','JAPAN','CITO CREASING MATRIX',NULL,'CONSUMABLES','ZZ'),
(197,'AD9-ZZ0000345','MY PRINTERS','IMAGE REMOVER - BLUE',NULL,'CONSUMABLES','ZZ'),
(198,'AD9-ZZ0000346','MY PRINTERS','IMAGE REMOVER - RED',NULL,'CONSUMABLES','ZZ'),
(199,'AD9-ZZ0000347','EXDEL','ASF - 110 FR/ADHESIVE TAPE',NULL,'CONSUMABLES','ZZ'),
(200,'AD9-ZZ0000348','EXDEL','RED TAPE',NULL,'CONSUMABLES','ZZ'),
(201,'AD9-ZZ0000349','MY PRINTERS','CORRECTING SLIP STICK',NULL,'CONSUMABLES','ZZ'),
(202,'AD9-ZZ0000350','OFFICE BASIC','SPARE BLADE - SMALL',NULL,'CONSUMABLES','ZZ'),
(203,'AD9-ZZ0000351','OFFICE BASIC','SPARE BLADE - BIG',NULL,'CONSUMABLES','ZZ'),
(204,'AD9-ZZ0000352','OFFICE BASIC','SPARE BLADE - BIG',NULL,'CONSUMABLES','ZZ'),
(205,'AD9-ZZ0000353','CALAMBA LUMBER','SAND PAPER/CC 800 CW',NULL,'CONSUMABLES','ZZ'),
(206,'AD9-ZZ0000354','CALAMBA LUMBER','SAND PAPER/CC 150 CW',NULL,'CONSUMABLES','ZZ'),
(207,'AD9-ZZ0000355','CALAMBA LUMBER','SAND PAPER/CC 150 CW',NULL,'CONSUMABLES','ZZ'),
(208,'AD9-ZZ0000356','OFFICE BASIC','PAPER TAPE',NULL,'CONSUMABLES','ZZ'),
(209,'AD9-ZZ0000357','OFFICE BASIC','PAPER TAPE',NULL,'CONSUMABLES','ZZ'),
(210,'AD9-ZZ0000358','CALAMBA LUMBER','FLOOR MARKING TAPE - YELLOW',NULL,'CONSUMABLES','ZZ'),
(211,'AD9-ZZ0000359','CALAMBA LUMBER','FLOOR MARKING TAPE - CAUTION ',NULL,'CONSUMABLES','ZZ'),
(212,'AD9-ZZ0000360','CALAMBA LUMBER','FLOOR MARKING TAPE - WHITE',NULL,'CONSUMABLES','ZZ'),
(213,'AD9-ZZ0000361','CALAMBA LUMBER','FLOOR MARKING TAPE - RED ',NULL,'CONSUMABLES','ZZ'),
(214,'AD9-ZZ0000362','CALAMBA LUMBER','FLOOR MARKING TAPE - BLUE',NULL,'CONSUMABLES','ZZ'),
(215,'AD9-ZZ0000363','WALTERMART','PLASTIC SPACE SAVER',NULL,'CONSUMABLES','ZZ'),
(216,'AD9-ZZ0000364','MY PRINTERS','VISKOVITA SPONGE',NULL,'CONSUMABLES','ZZ'),
(217,'AD9-ZZ0000365','MY PRINTERS','VISKOVITA SPONGE',NULL,'CONSUMABLES','ZZ'),
(218,'AD9-ZZ0000366','ARROW 8','INK ELIMINATOR',NULL,'CONSUMABLES','ZZ'),
(219,'AD9-ZZ0000367','JAPAN','STITCHING WIRE  # 24',NULL,'CONSUMABLES','ZZ'),
(220,'AD9-ZZ0000368','CALAMBA LUMBER','VINYL ELECTRICAL TAPE',NULL,'CONSUMABLES','ZZ'),
(221,'AD9-ZZ0000369','MERCURY','PURE GLYCERIN',NULL,'CONSUMABLES','ZZ'),
(222,'AD9-ZZ0000370','CALAMBA LUMBER','PAINT BRUSH ',NULL,'CONSUMABLES','ZZ'),
(223,'AD9-ZZ0000371','NUPON','GUMMED TAPE ',NULL,'CONSUMABLES','ZZ'),
(224,'AD9-ZZ0000372','NUPON','TOP FIT GLOVES',NULL,'CONSUMABLES','ZZ'),
(225,'AD9-ZZ0000373','NUPON','TOP FIT GLOVES',NULL,'CONSUMABLES','ZZ'),
(226,'AD9-ZZ0000374','JAPAN','ICP FILM FOR SHINOHARA',NULL,'CONSUMABLES','ZZ'),
(227,'AD9-ZZ0000375','JAPAN','PLASTIC FOR SHINOHARA PLATE CYLINDER',NULL,'CONSUMABLES','ZZ'),
(228,'AD9-ZZ0000376','JAPAN','ACETATE FILM CLEAR',NULL,'CONSUMABLES','ZZ'),
(229,'AD9-ZZ0000377','JAPAN','UMITIKA SPUNDED FABRIC',NULL,'CONSUMABLES','ZZ'),
(230,'AD9-ZZ0000378','MY PRINTERS','PACKING PAPER FOR HIEDEL-GREEN',NULL,'CONSUMABLES','ZZ'),
(231,'AD9-ZZ0000379','HEIDELBERG','RUBBER BLANKET FOR HIEDEL',NULL,'CONSUMABLES','ZZ'),
(232,'AD9-ZZ0000380','JAPAN','RUBBER BLANKET FOR DVR',NULL,'CONSUMABLES','ZZ'),
(233,'AD9-ZZ0000381','JAPAN','PACKING PAPER FOR SHINOHARA-YELLOW',NULL,'CONSUMABLES','ZZ'),
(234,'AD9-ZZ0000382','JAPAN','GREEN FOAM - 1MM (T)',NULL,'CONSUMABLES','ZZ'),
(235,'AD9-ZZ0000383','JAPAN','GREEN FOAM - 2MM (T)',NULL,'CONSUMABLES','ZZ'),
(236,'AD9-ZZ0000384','JAPAN','GREEN FOAM - 3MM (T)',NULL,'CONSUMABLES','ZZ'),
(237,'AD9-ZZ0000385','JAPAN','GREEN FOAM - 5MM (T)',NULL,'CONSUMABLES','ZZ'),
(238,'AD9-ZZ0000386','CALAMBA LUMBER','ACRYLIC PLASTIC BOARD',NULL,'CONSUMABLES','ZZ'),
(239,'AD9-ZZ0000387','JPN TRADING','CUTTING STICK',NULL,'CONSUMABLES','ZZ'),
(240,'AD9-ZZ0000388','MY PRINTERS','ANTI-MARKING PAPER/ TY PAPER',NULL,'CONSUMABLES','ZZ');

/*Table structure for table `sc_materials` */

DROP TABLE IF EXISTS `sc_materials`;

CREATE TABLE `sc_materials` (
  `id` int(10) NOT NULL AUTO_INCREMENT,
  `sc_material_name` varchar(100) DEFAULT NULL,
  `sc_order_part_no` varchar(20) DEFAULT NULL,
  `sc_material_type_id` int(2) NOT NULL,
  `sc_material_classification_id` int(2) NOT NULL,
  `sc_material_last_in` datetime DEFAULT NULL,
  `sc_material_last_out` datetime DEFAULT NULL,
  `sc_material_location` text,
  `employee_id` int(10) NOT NULL,
  `created_at` datetime NOT NULL,
  `updated_at` datetime DEFAULT NULL,
  `deleted_at` datetime DEFAULT NULL,
  PRIMARY KEY (`id`)
) ENGINE=InnoDB AUTO_INCREMENT=241 DEFAULT CHARSET=utf8;

/*Data for the table `sc_materials` */

insert  into `sc_materials`(`id`,`sc_material_name`,`sc_order_part_no`,`sc_material_type_id`,`sc_material_classification_id`,`sc_material_last_in`,`sc_material_last_out`,`sc_material_location`,`employee_id`,`created_at`,`updated_at`,`deleted_at`) values 
(1,'MAINTENANCE STICKER(A4) FOR BATHTUB',NULL,4,4,'2020-04-20 07:57:48',NULL,'FOR UPDATE',1,'2020-04-20 07:57:48','2020-04-20 07:57:48',NULL),
(2,'THINNER LABEL','UN1993',4,4,'2020-04-20 07:57:48',NULL,'FOR UPDATE',1,'2020-04-20 07:57:48','2020-04-20 07:57:48',NULL),
(3,'ADVISE LABEL ','C-POT-00000001',4,4,'2020-04-20 07:57:48',NULL,'FOR UPDATE',1,'2020-04-20 07:57:48','2020-04-20 07:57:48',NULL),
(4,'CORRUGATED BOX','14760N',6,0,'2020-04-20 07:57:48',NULL,'FOR UPDATE',1,'2020-04-20 07:57:48','2020-04-20 07:57:48',NULL),
(5,'CORRUGATED BOX','14968N',6,0,'2020-04-20 07:57:48',NULL,'FOR UPDATE',1,'2020-04-20 07:57:48','2020-04-20 07:57:48',NULL),
(6,'CORRUGATED BOX','14762N',6,0,'2020-04-20 07:57:48',NULL,'FOR UPDATE',1,'2020-04-20 07:57:48','2020-04-20 07:57:48',NULL),
(7,'CORRUGATED BOX','14291N',6,0,'2020-04-20 07:57:48',NULL,'FOR UPDATE',1,'2020-04-20 07:57:48','2020-04-20 07:57:48',NULL),
(8,'HIKIDASHI STICKER-WHITE','61033-01',12,4,'2020-04-20 07:57:48',NULL,'FOR UPDATE',1,'2020-04-20 07:57:48','2020-04-20 07:57:48',NULL),
(9,'HIKIDASHI STICKER-BROWN','61032 M54',12,4,'2020-04-20 07:57:48',NULL,'FOR UPDATE',1,'2020-04-20 07:57:48','2020-04-20 07:57:48',NULL),
(10,'L-208 PAD (CUSHION PLATE)','J11097621-02',6,7,'2020-04-20 07:57:48',NULL,'FOR UPDATE',1,'2020-04-20 07:57:48','2020-04-20 07:57:48',NULL),
(11,'L-858 INNER BOX','JY1097521-01',6,0,'2020-04-20 07:57:48',NULL,'FOR UPDATE',1,'2020-04-20 07:57:48','2020-04-20 07:57:48',NULL),
(12,'CARTON BOX-R ','19-X261-A',6,0,'2020-04-20 07:57:48',NULL,'FOR UPDATE',1,'2020-04-20 07:57:48','2020-04-20 07:57:48',NULL),
(13,'CARTON BOX-H','19-X265-A',6,0,'2020-04-20 07:57:48',NULL,'FOR UPDATE',1,'2020-04-20 07:57:48','2020-04-20 07:57:48',NULL),
(14,'CARTON BOX-H','19-X265-B',6,0,'2020-04-20 07:57:48',NULL,'FOR UPDATE',1,'2020-04-20 07:57:48','2020-04-20 07:57:48',NULL),
(15,'L-478 INNER BOX','JR1097521-02',6,0,'2020-04-20 07:57:48',NULL,'FOR UPDATE',1,'2020-04-20 07:57:48','2020-04-20 07:57:48',NULL),
(16,'L-208 OUTER BOX','J11097552-05',6,0,'2020-04-20 07:57:48',NULL,'FOR UPDATE',1,'2020-04-20 07:57:48','2020-04-20 07:57:48',NULL),
(17,'STICKER FOR TRASHBIN','54031-1',4,4,'2020-04-20 07:57:48',NULL,'FOR UPDATE',1,'2020-04-20 07:57:48','2020-04-20 07:57:48',NULL),
(18,'SMOKEY WHITE US','AA-CPL1P145-100',6,0,'2020-04-20 07:57:48',NULL,'FOR UPDATE',1,'2020-04-20 07:57:48','2020-04-20 07:57:48',NULL),
(19,'FLAMINGO PINK US','AA-CPL1P145-200',6,0,'2020-04-20 07:57:48',NULL,'FOR UPDATE',1,'2020-04-20 07:57:48','2020-04-20 07:57:48',NULL),
(20,'ICE BLUE US','AA-CPL1P145-300',6,0,'2020-04-20 07:57:48',NULL,'FOR UPDATE',1,'2020-04-20 07:57:48','2020-04-20 07:57:48',NULL),
(21,'LIME GREEN US','AA-CPL1P145-400',6,0,'2020-04-20 07:57:48',NULL,'FOR UPDATE',1,'2020-04-20 07:57:48','2020-04-20 07:57:48',NULL),
(22,'COBALT BLUE US','AA-CPL1P145-500',6,0,'2020-04-20 07:57:48',NULL,'FOR UPDATE',1,'2020-04-20 07:57:48','2020-04-20 07:57:48',NULL),
(23,'SMOKEY WHITE US','AA-CPL1P145-100',6,0,'2020-04-20 07:57:48',NULL,'FOR UPDATE',1,'2020-04-20 07:57:48','2020-04-20 07:57:48',NULL),
(24,'FLAMINGO PINK US','AA-CPL1P145-200',6,0,'2020-04-20 07:57:48',NULL,'FOR UPDATE',1,'2020-04-20 07:57:48','2020-04-20 07:57:48',NULL),
(25,'ICE BLUE US','AA-CPL1P145-300',6,0,'2020-04-20 07:57:48',NULL,'FOR UPDATE',1,'2020-04-20 07:57:48','2020-04-20 07:57:48',NULL),
(26,'LIME GREEN US','AA-CPL1P145-400',6,0,'2020-04-20 07:57:48',NULL,'FOR UPDATE',1,'2020-04-20 07:57:48','2020-04-20 07:57:48',NULL),
(27,'COBALT BLUE US','AA-CPL1P145-500',6,0,'2020-04-20 07:57:48',NULL,'FOR UPDATE',1,'2020-04-20 07:57:48','2020-04-20 07:57:48',NULL),
(28,'SMOKEY WHITE(WW)','AA-CPL1P145-600',6,0,'2020-04-20 07:57:48',NULL,'FOR UPDATE',1,'2020-04-20 07:57:48','2020-04-20 07:57:48',NULL),
(29,'COBALT BLUE(WW)','AA-CPL1P145-400',6,0,'2020-04-20 07:57:48',NULL,'FOR UPDATE',1,'2020-04-20 07:57:48','2020-04-20 07:57:48',NULL),
(30,'ICE BLUE(WW)','AA-CPL1P145-800',6,0,'2020-04-20 07:57:48',NULL,'FOR UPDATE',1,'2020-04-20 07:57:48','2020-04-20 07:57:48',NULL),
(31,'MINI8+/VANILLA','AA-CPL1P001-F00',6,0,'2020-04-20 07:57:48',NULL,'FOR UPDATE',1,'2020-04-20 07:57:48','2020-04-20 07:57:48',NULL),
(32,'CAUTION LABEL','C-PIL-00000001',0,8,'2020-04-20 07:57:48',NULL,'FOR UPDATE',1,'2020-04-20 07:57:48','2020-04-20 07:57:48',NULL),
(33,'L-308 BOX A','JE1097521-02',6,0,'2020-04-20 07:57:48',NULL,'FOR UPDATE',1,'2020-04-20 07:57:48','2020-04-20 07:57:48',NULL),
(34,'L-308 BOX B','JE1097530-01',6,0,'2020-04-20 07:57:48',NULL,'FOR UPDATE',1,'2020-04-20 07:57:48','2020-04-20 07:57:48',NULL),
(35,'MASTER CARTON R TYPE A','19-X260A',6,0,'2020-04-20 07:57:48',NULL,'FOR UPDATE',1,'2020-04-20 07:57:48','2020-04-20 07:57:48',NULL),
(36,'MASTER CARTON H TYPE A','19-X264 A',6,0,'2020-04-20 07:57:48',NULL,'FOR UPDATE',1,'2020-04-20 07:57:48','2020-04-20 07:57:48',NULL),
(37,'TKK FHL 402F HANG TAG','P-PHT-00000039',3,9,'2020-04-20 07:57:48',NULL,'FOR UPDATE',1,'2020-04-20 07:57:48','2020-04-20 07:57:48',NULL),
(38,'JNR 501 HANTAG','P-PHT-00000036',3,9,'2020-04-20 07:57:48',NULL,'FOR UPDATE',1,'2020-04-20 07:57:48','2020-04-20 07:57:48',NULL),
(39,'THK JNL 503 VWWH HANTAG','P-PHT-00000049',3,9,'2020-04-20 07:57:48',NULL,'FOR UPDATE',1,'2020-04-20 07:57:48','2020-04-20 07:57:48',NULL),
(40,'JNR 601 HANTAG','P-PHT-00000037',3,9,'2020-04-20 07:57:48',NULL,'FOR UPDATE',1,'2020-04-20 07:57:48','2020-04-20 07:57:48',NULL),
(41,'JNL 500KSB HANTAG','P-PHT-00000051',3,9,'2020-04-20 07:57:49',NULL,'FOR UPDATE',1,'2020-04-20 07:57:49','2020-04-20 07:57:49',NULL),
(42,'JNL 753K HANGTAG(NEW REVISION)','P-PHT-00000017',3,9,'2020-04-20 07:57:49',NULL,'FOR UPDATE',1,'2020-04-20 07:57:49','2020-04-20 07:57:49',NULL),
(43,'JNL 403K HANGTAG(NEW REVISION)','P-PHT-00000021',3,9,'2020-04-20 07:57:49',NULL,'FOR UPDATE',1,'2020-04-20 07:57:49','2020-04-20 07:57:49',NULL),
(44,'JNL 353K HANGTAG(NEW REVISION)','P-PHT-00000011',3,9,'2020-04-20 07:57:49',NULL,'FOR UPDATE',1,'2020-04-20 07:57:49','2020-04-20 07:57:49',NULL),
(45,'FHT 1001F HANGTAG','P-PHT-00000044',3,9,'2020-04-20 07:57:49',NULL,'FOR UPDATE',1,'2020-04-20 07:57:49','2020-04-20 07:57:49',NULL),
(46,'FHT1000F HANGTAG','P-PHT-00000022',3,9,'2020-04-20 07:57:49',NULL,'FOR UPDATE',1,'2020-04-20 07:57:49','2020-04-20 07:57:49',NULL),
(47,'JNL 503 HANGTAG','P-PH00000008',3,9,'2020-04-20 07:57:49',NULL,'FOR UPDATE',1,'2020-04-20 07:57:49','2020-04-20 07:57:49',NULL),
(48,'JNL-503K HangTag','P-PHT-00000012 New R',3,9,'2020-04-20 07:57:49',NULL,'FOR UPDATE',1,'2020-04-20 07:57:49','2020-04-20 07:57:49',NULL),
(49,'FHT 1000F Hang Tag','P-PHT-00000022',3,9,'2020-04-20 07:57:49',NULL,'FOR UPDATE',1,'2020-04-20 07:57:49','2020-04-20 07:57:49',NULL),
(50,'JNL 354 Hang Tag','P-PHT-00000027',3,9,'2020-04-20 07:57:49',NULL,'FOR UPDATE',1,'2020-04-20 07:57:49','2020-04-20 07:57:49',NULL),
(51,'JNL 754 Hang Tag','P-PHT-00000030',3,9,'2020-04-20 07:57:49',NULL,'FOR UPDATE',1,'2020-04-20 07:57:49','2020-04-20 07:57:49',NULL),
(52,'JNL 604 Hang Tag','P-PHT-00000029',3,9,'2020-04-20 07:57:49',NULL,'FOR UPDATE',1,'2020-04-20 07:57:49','2020-04-20 07:57:49',NULL),
(53,'FHL 402F Hang Tag','P-PHT-00000039',3,9,'2020-04-20 07:57:49',NULL,'FOR UPDATE',1,'2020-04-20 07:57:49','2020-04-20 07:57:49',NULL),
(54,'FHT 1001F Hang Tag','P-PHT-00000044',3,9,'2020-04-20 07:57:49',NULL,'FOR UPDATE',1,'2020-04-20 07:57:49','2020-04-20 07:57:49',NULL),
(55,'JNR 351 Hang Tag','P-PHT-00000035',3,9,'2020-04-20 07:57:49',NULL,'FOR UPDATE',1,'2020-04-20 07:57:49','2020-04-20 07:57:49',NULL),
(56,'JNR 501 Hang Tag','P-PHT-00000036',3,9,'2020-04-20 07:57:49',NULL,'FOR UPDATE',1,'2020-04-20 07:57:49','2020-04-20 07:57:49',NULL),
(57,'JNR 601 Hang Tag','P-PHT-00000037',3,9,'2020-04-20 07:57:49',NULL,'FOR UPDATE',1,'2020-04-20 07:57:49','2020-04-20 07:57:49',NULL),
(58,'JNR 751 Hang Tag','P-PHT-00000038',3,9,'2020-04-20 07:57:49',NULL,'FOR UPDATE',1,'2020-04-20 07:57:49','2020-04-20 07:57:49',NULL),
(59,'FHL 402FDS BL-R HangTag','P-PHT-00000041',3,9,'2020-04-20 07:57:49',NULL,'FOR UPDATE',1,'2020-04-20 07:57:49','2020-04-20 07:57:49',NULL),
(60,'FHL 402FDS NV-R HangTag','P-PHT-00000047',3,9,'2020-04-20 07:57:49',NULL,'FOR UPDATE',1,'2020-04-20 07:57:49','2020-04-20 07:57:49',NULL),
(61,'JNL 403DS Hang Tag','P-PHT-00000033',3,9,'2020-04-20 07:57:49',NULL,'FOR UPDATE',1,'2020-04-20 07:57:49','2020-04-20 07:57:49',NULL),
(62,'JNL 403K Hang Tag','P-PHT-00000021 New R',3,9,'2020-04-20 07:57:49',NULL,'FOR UPDATE',1,'2020-04-20 07:57:49','2020-04-20 07:57:49',NULL),
(63,'TKK JNL 504 Hang Tag','P-PHT-00000028',3,9,'2020-04-20 07:57:49',NULL,'FOR UPDATE',1,'2020-04-20 07:57:49','2020-04-20 07:57:49',NULL),
(64,'TKK FHL 402FB HangTag','P-PHT-00000040',3,9,'2020-04-20 07:57:49',NULL,'FOR UPDATE',1,'2020-04-20 07:57:49','2020-04-20 07:57:49',NULL),
(65,'JNL-353K HangTag','P-PHT-00000011New Re',3,9,'2020-04-20 07:57:49',NULL,'FOR UPDATE',1,'2020-04-20 07:57:49','2020-04-20 07:57:49',NULL),
(66,' JNL-503 HangTag','P-PHT-00000008',3,9,'2020-04-20 07:57:49','2020-05-15 08:41:29','FOR UPDATE',1,'2020-04-20 07:57:49','2020-05-15 08:41:29',NULL),
(67,' JNR 501 Hang Tag','P-PHT-00000036',3,9,'2020-04-20 07:57:49',NULL,'FOR UPDATE',1,'2020-04-20 07:57:49','2020-04-20 07:57:49',NULL),
(68,' JNR 601 Hang Tag','P-PHT-00000037',3,9,'2020-04-20 07:57:49',NULL,'FOR UPDATE',1,'2020-04-20 07:57:49','2020-04-20 07:57:49',NULL),
(69,' TKK FHL 1001F HangTag','P-PHT-00000044',3,9,'2020-04-20 07:57:49',NULL,'FOR UPDATE',1,'2020-04-20 07:57:49','2020-04-20 07:57:49',NULL),
(70,' TKK FHT 801F HangTag','P-PHT-00000045',3,9,'2020-04-20 07:57:49',NULL,'FOR UPDATE',1,'2020-04-20 07:57:49','2020-04-20 07:57:49',NULL),
(71,' TKK  JNL TSS HangTag','P-PHT-00000046',3,9,'2020-04-20 07:57:49',NULL,'FOR UPDATE',1,'2020-04-20 07:57:49','2020-04-20 07:57:49',NULL),
(72,' JNL-503K HangTag','P-PHT-00000012 New R',3,9,'2020-04-20 07:57:49',NULL,'FOR UPDATE',1,'2020-04-20 07:57:49','2020-04-20 07:57:49',NULL),
(73,' FHV-350-P HangTag','P-PHT-00000019',3,9,'2020-04-20 07:57:49',NULL,'FOR UPDATE',1,'2020-04-20 07:57:49','2020-04-20 07:57:49',NULL),
(74,'FHV-250DS HangTag','P-PHT-00000018',3,9,'2020-04-20 07:57:49',NULL,'FOR UPDATE',1,'2020-04-20 07:57:49','2020-04-20 07:57:49',NULL),
(75,' TKK JNL 354 Hang Tag','P-PHT-00000027',3,9,'2020-04-20 07:57:49',NULL,'FOR UPDATE',1,'2020-04-20 07:57:49','2020-04-20 07:57:49',NULL),
(76,' TKK JNL 754 Hang Tag','P-PHT-00000030',3,9,'2020-04-20 07:57:49',NULL,'FOR UPDATE',1,'2020-04-20 07:57:49','2020-04-20 07:57:49',NULL),
(77,' JNR 351 Hang Tag','P-PHT-00000035',3,9,'2020-04-20 07:57:49',NULL,'FOR UPDATE',1,'2020-04-20 07:57:49','2020-04-20 07:57:49',NULL),
(78,'For Printing, WBV - Both Sides - Diecut 3D -Spot UV of: TKK JNL 504 Hang Tag','P-PHT-00000028',3,9,'2020-04-20 07:57:49',NULL,'FOR UPDATE',1,'2020-04-20 07:57:49','2020-04-20 07:57:49',NULL),
(79,'For Printing, WBV (Back to Back) - Diecut of:  TKK JNL 403DS Hang Tag','P-PHT-00000033',3,9,'2020-04-20 07:57:49',NULL,'FOR UPDATE',1,'2020-04-20 07:57:49','2020-04-20 07:57:49',NULL),
(80,'For Printing, WBV (Back to Back) - Diecut of: TKK JNL 403B Hang Tag','P-PHT-00000034',3,9,'2020-04-20 07:57:49',NULL,'FOR UPDATE',1,'2020-04-20 07:57:49','2020-04-20 07:57:49',NULL),
(81,'For Offset Printing - BSP - WBV - Diecut process of: TKK FHL 402FDS NV-R HangTag','P-PHT-00000047',3,9,'2020-04-20 07:57:49',NULL,'FOR UPDATE',1,'2020-04-20 07:57:49','2020-04-20 07:57:49',NULL),
(82,'For Offset Printing - BSP - WBV - Diecut process of: TKK FHL 402FDS PK-C HangTag','P-PHT-00000048',3,9,'2020-04-20 07:57:49',NULL,'FOR UPDATE',1,'2020-04-20 07:57:49','2020-04-20 07:57:49',NULL),
(83,'For Offset Printing - BSP - WBV - 3D Lam. - Diecut process of: TKK 402F HangTag','P-PHT-00000039',3,9,'2020-04-20 07:57:49',NULL,'FOR UPDATE',1,'2020-04-20 07:57:49','2020-04-20 07:57:49',NULL),
(84,'For Offset-BSP-Online WBV-Diecut Process: TKR JNL 500KSB HangTag','P-PHT-00000051',3,9,'2020-04-20 07:57:49',NULL,'FOR UPDATE',1,'2020-04-20 07:57:49','2020-04-20 07:57:49',NULL),
(85,'SILVER STRING',NULL,0,6,'2020-04-20 07:57:49',NULL,'FOR UPDATE',1,'2020-04-20 07:57:49','2020-04-20 07:57:49',NULL),
(86,'SPRAY POWDER',NULL,1,0,'2020-04-20 07:57:49',NULL,'FOR UPDATE',1,'2020-04-20 07:57:49','2020-04-20 07:57:49',NULL),
(87,'SUPER 77 TMCLSSIC/SPRAY ADHESIVE',NULL,1,0,'2020-04-20 07:57:49',NULL,'FOR UPDATE',1,'2020-04-20 07:57:49','2020-04-20 07:57:49',NULL),
(88,'WD - 40',NULL,1,0,'2020-04-20 07:57:49',NULL,'FOR UPDATE',1,'2020-04-20 07:57:49','2020-04-20 07:57:49',NULL),
(89,'700 CHAMPION GLUE',NULL,1,0,'2020-04-20 07:57:49',NULL,'FOR UPDATE',1,'2020-04-20 07:57:49','2020-04-20 07:57:49',NULL),
(90,'RED GLUE PADDING CEMENT',NULL,1,0,'2020-04-20 07:57:49',NULL,'FOR UPDATE',1,'2020-04-20 07:57:49','2020-04-20 07:57:49',NULL),
(91,'500 CHAMPION GLUE',NULL,1,0,'2020-04-20 07:57:49',NULL,'FOR UPDATE',1,'2020-04-20 07:57:49','2020-04-20 07:57:49',NULL),
(92,'92 - SEPARATORS GLUE',NULL,1,0,'2020-04-20 07:57:49',NULL,'FOR UPDATE',1,'2020-04-20 07:57:49','2020-04-20 07:57:49',NULL),
(93,'2500 CHAMPION GLUE',NULL,1,0,'2020-04-20 07:57:49',NULL,'FOR UPDATE',1,'2020-04-20 07:57:49','2020-04-20 07:57:49',NULL),
(94,'THICK DELETION GEL',NULL,1,0,'2020-04-20 07:57:49',NULL,'FOR UPDATE',1,'2020-04-20 07:57:49','2020-04-20 07:57:49',NULL),
(95,'WATER BASE GLUE EX-1571',NULL,1,0,'2020-04-20 07:57:49',NULL,'FOR UPDATE',1,'2020-04-20 07:57:49','2020-04-20 07:57:49',NULL),
(96,'GRAF-O-SINC',NULL,1,0,'2020-04-20 07:57:49',NULL,'FOR UPDATE',1,'2020-04-20 07:57:49','2020-04-20 07:57:49',NULL),
(97,'STIKWELL SEA E-1200',NULL,1,0,'2020-04-20 07:57:49',NULL,'FOR UPDATE',1,'2020-04-20 07:57:49','2020-04-20 07:57:49',NULL),
(98,'STIKWELL SEA E-1200',NULL,1,0,'2020-04-20 07:57:49',NULL,'FOR UPDATE',1,'2020-04-20 07:57:49','2020-04-20 07:57:49',NULL),
(99,'ECO SOY INK - BLACK',NULL,1,0,'2020-04-20 07:57:49',NULL,'FOR UPDATE',1,'2020-04-20 07:57:49','2020-04-20 07:57:49',NULL),
(100,'MIXING WHITE (AS-1303)',NULL,1,0,'2020-04-20 07:57:49',NULL,'FOR UPDATE',1,'2020-04-20 07:57:49','2020-04-20 07:57:49',NULL),
(101,'BLUE SPRAY CP FINE',NULL,1,0,'2020-04-20 07:57:49',NULL,'FOR UPDATE',1,'2020-04-20 07:57:49','2020-04-20 07:57:49',NULL),
(102,'WD - 40 WHITE LITHIUM GREESE',NULL,1,0,'2020-04-20 07:57:49',NULL,'FOR UPDATE',1,'2020-04-20 07:57:49','2020-04-20 07:57:49',NULL),
(103,'CENTOPLEX GLP 500',NULL,1,0,'2020-04-20 07:57:49',NULL,'FOR UPDATE',1,'2020-04-20 07:57:49','2020-04-20 07:57:49',NULL),
(104,'SPRAY LUBRICANT SYNTHETIC H1',NULL,1,0,'2020-04-20 07:57:49',NULL,'FOR UPDATE',1,'2020-04-20 07:57:49','2020-04-20 07:57:49',NULL),
(105,'LUBRICANT MULTI-TEMP H1',NULL,1,0,'2020-04-20 07:57:49',NULL,'FOR UPDATE',1,'2020-04-20 07:57:49','2020-04-20 07:57:49',NULL),
(106,'TECHNOMELT GA 3030 W SPINE ',NULL,1,0,'2020-04-20 07:57:49',NULL,'FOR UPDATE',1,'2020-04-20 07:57:49','2020-04-20 07:57:49',NULL),
(107,'PREMIER HOTMELT GLUE',NULL,1,0,'2020-04-20 07:57:49',NULL,'FOR UPDATE',1,'2020-04-20 07:57:49','2020-04-20 07:57:49',NULL),
(108,'RHODAMINE RED - S',NULL,1,0,'2020-04-20 07:57:49',NULL,'FOR UPDATE',1,'2020-04-20 07:57:49','2020-04-20 07:57:49',NULL),
(109,'GG RUBINE RED - C',NULL,1,0,'2020-04-20 07:57:49',NULL,'FOR UPDATE',1,'2020-04-20 07:57:49','2020-04-20 07:57:49',NULL),
(110,'P. VIOLET - C',NULL,1,0,'2020-04-20 07:57:49',NULL,'FOR UPDATE',1,'2020-04-20 07:57:49','2020-04-20 07:57:49',NULL),
(111,'P. VIOLET - C',NULL,1,0,'2020-04-20 07:57:49',NULL,'FOR UPDATE',1,'2020-04-20 07:57:49','2020-04-20 07:57:49',NULL),
(112,'P. VIOLET - C',NULL,1,0,'2020-04-20 07:57:49',NULL,'FOR UPDATE',1,'2020-04-20 07:57:49','2020-04-20 07:57:49',NULL),
(113,'P. RED 032 - C',NULL,1,0,'2020-04-20 07:57:49',NULL,'FOR UPDATE',1,'2020-04-20 07:57:49','2020-04-20 07:57:49',NULL),
(114,'P. WARM RED-  C',NULL,1,0,'2020-04-20 07:57:49',NULL,'FOR UPDATE',1,'2020-04-20 07:57:49','2020-04-20 07:57:49',NULL),
(115,'P. GREEN - C',NULL,1,0,'2020-04-20 07:57:49',NULL,'FOR UPDATE',1,'2020-04-20 07:57:49','2020-04-20 07:57:49',NULL),
(116,'P. GREEN - C',NULL,1,0,'2020-04-20 07:57:49',NULL,'FOR UPDATE',1,'2020-04-20 07:57:49','2020-04-20 07:57:49',NULL),
(117,'P. PURPLE - C',NULL,1,0,'2020-04-20 07:57:49',NULL,'FOR UPDATE',1,'2020-04-20 07:57:49','2020-04-20 07:57:49',NULL),
(118,'P. RELEX BLUE - C',NULL,1,0,'2020-04-20 07:57:49',NULL,'FOR UPDATE',1,'2020-04-20 07:57:49','2020-04-20 07:57:49',NULL),
(119,'P. RELEX BLUE - C',NULL,1,0,'2020-04-20 07:57:49',NULL,'FOR UPDATE',1,'2020-04-20 07:57:49','2020-04-20 07:57:49',NULL),
(120,'P. ORANGE 021 - C',NULL,1,0,'2020-04-20 07:57:49',NULL,'FOR UPDATE',1,'2020-04-20 07:57:49','2020-04-20 07:57:49',NULL),
(121,'P. ORANGE 021 - C',NULL,1,0,'2020-04-20 07:57:49',NULL,'FOR UPDATE',1,'2020-04-20 07:57:49','2020-04-20 07:57:49',NULL),
(122,'TRANSPARENT WHITE - C',NULL,1,0,'2020-04-20 07:57:49',NULL,'FOR UPDATE',1,'2020-04-20 07:57:49','2020-04-20 07:57:49',NULL),
(123,'MAGENTA H+INK',NULL,1,0,'2020-04-20 07:57:49',NULL,'FOR UPDATE',1,'2020-04-20 07:57:49','2020-04-20 07:57:49',NULL),
(124,'INK JAZZ 100- CYAN',NULL,1,0,'2020-04-20 07:57:49',NULL,'FOR UPDATE',1,'2020-04-20 07:57:49','2020-04-20 07:57:49',NULL),
(125,'INK JAZZ 100- CYAN',NULL,1,0,'2020-04-20 07:57:49',NULL,'FOR UPDATE',1,'2020-04-20 07:57:49','2020-04-20 07:57:49',NULL),
(126,'INK JAZZ - MAGENTA',NULL,1,0,'2020-04-20 07:57:49',NULL,'FOR UPDATE',1,'2020-04-20 07:57:49','2020-04-20 07:57:49',NULL),
(127,'INK JAZZ - MAGENTA',NULL,1,0,'2020-04-20 07:57:49',NULL,'FOR UPDATE',1,'2020-04-20 07:57:49','2020-04-20 07:57:49',NULL),
(128,'INK JAZZ - YELLOW',NULL,1,0,'2020-04-20 07:57:49',NULL,'FOR UPDATE',1,'2020-04-20 07:57:49','2020-04-20 07:57:49',NULL),
(129,'INK JAZZ- BLACK',NULL,1,0,'2020-04-20 07:57:49',NULL,'FOR UPDATE',1,'2020-04-20 07:57:49','2020-04-20 07:57:49',NULL),
(130,'INK JAZZ- BLACK',NULL,1,0,'2020-04-20 07:57:49',NULL,'FOR UPDATE',1,'2020-04-20 07:57:49','2020-04-20 07:57:49',NULL),
(131,'VALUES GV -BLACK',NULL,1,0,'2020-04-20 07:57:49',NULL,'FOR UPDATE',1,'2020-04-20 07:57:49','2020-04-20 07:57:49',NULL),
(132,'VALUES GV -CYAN',NULL,1,0,'2020-04-20 07:57:49',NULL,'FOR UPDATE',1,'2020-04-20 07:57:49','2020-04-20 07:57:49',NULL),
(133,'VALUES GV -YELLOW',NULL,1,0,'2020-04-20 07:57:49',NULL,'FOR UPDATE',1,'2020-04-20 07:57:49','2020-04-20 07:57:49',NULL),
(134,'VALUES GV -MAGENTA',NULL,1,0,'2020-04-20 07:57:49',NULL,'FOR UPDATE',1,'2020-04-20 07:57:49','2020-04-20 07:57:49',NULL),
(135,'METALLIC GOLD',NULL,1,0,'2020-04-20 07:57:49',NULL,'FOR UPDATE',1,'2020-04-20 07:57:49','2020-04-20 07:57:49',NULL),
(136,'GG REPLEX BLUE',NULL,1,0,'2020-04-20 07:57:49',NULL,'FOR UPDATE',1,'2020-04-20 07:57:49','2020-04-20 07:57:49',NULL),
(137,'GG REPLEX BLUE',NULL,1,0,'2020-04-20 07:57:49',NULL,'FOR UPDATE',1,'2020-04-20 07:57:49','2020-04-20 07:57:49',NULL),
(138,'GG 40398 UNIFIED LENS BLUE',NULL,1,0,'2020-04-20 07:57:49',NULL,'FOR UPDATE',1,'2020-04-20 07:57:49','2020-04-20 07:57:49',NULL),
(139,'TACK REDUCING COMPOUND',NULL,1,0,'2020-04-20 07:57:49',NULL,'FOR UPDATE',1,'2020-04-20 07:57:49','2020-04-20 07:57:49',NULL),
(140,'EPPLE -UV FOIL BLACK INK',NULL,1,0,'2020-04-20 07:57:49',NULL,'FOR UPDATE',1,'2020-04-20 07:57:49','2020-04-20 07:57:49',NULL),
(141,'UV 161 RHODAMINE RED S',NULL,1,0,'2020-04-20 07:57:49',NULL,'FOR UPDATE',1,'2020-04-20 07:57:49','2020-04-20 07:57:49',NULL),
(142,'UV 161 WHITE S',NULL,1,0,'2020-04-20 07:57:49',NULL,'FOR UPDATE',1,'2020-04-20 07:57:49','2020-04-20 07:57:49',NULL),
(143,'UV MAGENTA S',NULL,1,0,'2020-04-20 07:57:49',NULL,'FOR UPDATE',1,'2020-04-20 07:57:49','2020-04-20 07:57:49',NULL),
(144,'UV 161 PROCESS YELLOW S',NULL,1,0,'2020-04-20 07:57:49',NULL,'FOR UPDATE',1,'2020-04-20 07:57:49','2020-04-20 07:57:49',NULL),
(145,'UV 161 ADAMAY SLF P 186 C RED S',NULL,1,0,'2020-04-20 07:57:49',NULL,'FOR UPDATE',1,'2020-04-20 07:57:49','2020-04-20 07:57:49',NULL),
(146,'UV 161 405 GREEN S',NULL,1,0,'2020-04-20 07:57:49',NULL,'FOR UPDATE',1,'2020-04-20 07:57:49','2020-04-20 07:57:49',NULL),
(147,'UV 161 CYAN S',NULL,1,0,'2020-04-20 07:57:49',NULL,'FOR UPDATE',1,'2020-04-20 07:57:49','2020-04-20 07:57:49',NULL),
(148,'UV 161 115 BRONZE RED S',NULL,1,0,'2020-04-20 07:57:49',NULL,'FOR UPDATE',1,'2020-04-20 07:57:49','2020-04-20 07:57:49',NULL),
(149,'UV 161 020 RED S',NULL,1,0,'2020-04-20 07:57:49',NULL,'FOR UPDATE',1,'2020-04-20 07:57:49','2020-04-20 07:57:49',NULL),
(150,'UV 161 ORANGE S',NULL,1,0,'2020-04-20 07:57:49',NULL,'FOR UPDATE',1,'2020-04-20 07:57:49','2020-04-20 07:57:49',NULL),
(151,'GUMMIN SOLUTION',NULL,1,0,'2020-04-20 07:57:49',NULL,'FOR UPDATE',1,'2020-04-20 07:57:49','2020-04-20 07:57:49',NULL),
(152,'PLATE CLEANER',NULL,1,0,'2020-04-20 07:57:49',NULL,'FOR UPDATE',1,'2020-04-20 07:57:49','2020-04-20 07:57:49',NULL),
(153,'PLATE CLEANER XTR 502',NULL,1,0,'2020-04-20 07:57:49',NULL,'FOR UPDATE',1,'2020-04-20 07:57:49','2020-04-20 07:57:49',NULL),
(154,'ROLLER PROTECTION LIQUID',NULL,1,0,'2020-04-20 07:57:49',NULL,'FOR UPDATE',1,'2020-04-20 07:57:49','2020-04-20 07:57:49',NULL),
(155,'NEGATIVE PLATE DEVELOPER',NULL,1,0,'2020-04-20 07:57:49',NULL,'FOR UPDATE',1,'2020-04-20 07:57:49','2020-04-20 07:57:49',NULL),
(156,'POSITIVE PLATE DEVELOPER',NULL,1,0,'2020-04-20 07:57:49',NULL,'FOR UPDATE',1,'2020-04-20 07:57:49','2020-04-20 07:57:49',NULL),
(157,'VARN WASH',NULL,1,0,'2020-04-20 07:57:49',NULL,'FOR UPDATE',1,'2020-04-20 07:57:49','2020-04-20 07:57:49',NULL),
(158,'VARN WASH',NULL,1,0,'2020-04-20 07:57:49',NULL,'FOR UPDATE',1,'2020-04-20 07:57:49','2020-04-20 07:57:49',NULL),
(159,'IPA -  ALCOHOL 99%',NULL,1,0,'2020-04-20 07:57:50',NULL,'FOR UPDATE',1,'2020-04-20 07:57:50','2020-04-20 07:57:50',NULL),
(160,'TELLUS #32/HYDRAULIC OIL',NULL,1,0,'2020-04-20 07:57:50',NULL,'FOR UPDATE',1,'2020-04-20 07:57:50','2020-04-20 07:57:50',NULL),
(161,'PLATE GUM FINISHER',NULL,1,0,'2020-04-20 07:57:50',NULL,'FOR UPDATE',1,'2020-04-20 07:57:50','2020-04-20 07:57:50',NULL),
(162,'RIMULA - R1 SAE 40',NULL,1,0,'2020-04-20 07:57:50',NULL,'FOR UPDATE',1,'2020-04-20 07:57:50','2020-04-20 07:57:50',NULL),
(163,'LACQUER THINNER',NULL,1,0,'2020-04-20 07:57:50',NULL,'FOR UPDATE',1,'2020-04-20 07:57:50','2020-04-20 07:57:50',NULL),
(164,'SAPHIRA INTENSIVE CLEANER 500',NULL,1,0,'2020-04-20 07:57:50',NULL,'FOR UPDATE',1,'2020-04-20 07:57:50','2020-04-20 07:57:50',NULL),
(165,'SHELL TELLUS S2 MX 32 HYDROLIC OIL',NULL,1,0,'2020-04-20 07:57:50',NULL,'FOR UPDATE',1,'2020-04-20 07:57:50','2020-04-20 07:57:50',NULL),
(166,'SHELL RIMULA R-130',NULL,1,0,'2020-04-20 07:57:50',NULL,'FOR UPDATE',1,'2020-04-20 07:57:50','2020-04-20 07:57:50',NULL),
(167,'SHELL VITREA OIL OMALLA S26320',NULL,1,0,'2020-04-20 07:57:50',NULL,'FOR UPDATE',1,'2020-04-20 07:57:50','2020-04-20 07:57:50',NULL),
(168,'RAPID WASH / 220-063',NULL,1,0,'2020-04-20 07:57:50',NULL,'FOR UPDATE',1,'2020-04-20 07:57:50','2020-04-20 07:57:50',NULL),
(169,'RAPID WASH / 220-063',NULL,1,0,'2020-04-20 07:57:50',NULL,'FOR UPDATE',1,'2020-04-20 07:57:50','2020-04-20 07:57:50',NULL),
(170,'ALCO DAMP BLUE',NULL,1,0,'2020-04-20 07:57:50',NULL,'FOR UPDATE',1,'2020-04-20 07:57:50','2020-04-20 07:57:50',NULL),
(171,'ALCO DAMP BLUE',NULL,1,0,'2020-04-20 07:57:50',NULL,'FOR UPDATE',1,'2020-04-20 07:57:50','2020-04-20 07:57:50',NULL),
(172,'GG NEW SILVER INK #  2',NULL,1,0,'2020-04-20 07:57:50',NULL,'FOR UPDATE',1,'2020-04-20 07:57:50','2020-04-20 07:57:50',NULL),
(173,'DAMP CLEAN COMBI',NULL,1,0,'2020-04-20 07:57:50',NULL,'FOR UPDATE',1,'2020-04-20 07:57:50','2020-04-20 07:57:50',NULL),
(174,'CALCIUM DEGLAZER',NULL,1,0,'2020-04-20 07:57:50',NULL,'FOR UPDATE',1,'2020-04-20 07:57:50','2020-04-20 07:57:50',NULL),
(175,'CALCIUM DEGLAZER',NULL,1,0,'2020-04-20 07:57:50',NULL,'FOR UPDATE',1,'2020-04-20 07:57:50','2020-04-20 07:57:50',NULL),
(176,'WASH 562',NULL,1,0,'2020-04-20 07:57:50',NULL,'FOR UPDATE',1,'2020-04-20 07:57:50','2020-04-20 07:57:50',NULL),
(177,'WASH 562',NULL,1,0,'2020-04-20 07:57:50',NULL,'FOR UPDATE',1,'2020-04-20 07:57:50','2020-04-20 07:57:50',NULL),
(178,'SAPHIRA FOUNT 511',NULL,1,0,'2020-04-20 07:57:50',NULL,'FOR UPDATE',1,'2020-04-20 07:57:50','2020-04-20 07:57:50',NULL),
(179,'SAPHIRA 556 AF',NULL,1,0,'2020-04-20 07:57:50',NULL,'FOR UPDATE',1,'2020-04-20 07:57:50','2020-04-20 07:57:50',NULL),
(180,'DAMPENING ROLLER COVER # 6',NULL,0,10,'2020-04-20 07:57:50',NULL,'FOR UPDATE',1,'2020-04-20 07:57:50','2020-04-20 07:57:50',NULL),
(181,'CHEMICAL GLOVES',NULL,0,10,'2020-04-20 07:57:50',NULL,'FOR UPDATE',1,'2020-04-20 07:57:50','2020-04-20 07:57:50',NULL),
(182,'BLACK RIBBON',NULL,0,10,'2020-04-20 07:57:50',NULL,'FOR UPDATE',1,'2020-04-20 07:57:50','2020-04-20 07:57:50',NULL),
(183,'RED RIBBON',NULL,0,10,'2020-04-20 07:57:50',NULL,'FOR UPDATE',1,'2020-04-20 07:57:50','2020-04-20 07:57:50',NULL),
(184,'OGATA BOARD',NULL,0,10,'2020-04-20 07:57:50',NULL,'FOR UPDATE',1,'2020-04-20 07:57:50','2020-04-20 07:57:50',NULL),
(185,'OGATA BOARD',NULL,0,10,'2020-04-20 07:57:50',NULL,'FOR UPDATE',1,'2020-04-20 07:57:50','2020-04-20 07:57:50',NULL),
(186,'ACRYLIC PLASTIC BOARD',NULL,0,10,'2020-04-20 07:57:50',NULL,'FOR UPDATE',1,'2020-04-20 07:57:50','2020-04-20 07:57:50',NULL),
(187,'RED DAMPENING ROLLER SLEEVE',NULL,0,10,'2020-04-20 07:57:50',NULL,'FOR UPDATE',1,'2020-04-20 07:57:50','2020-04-20 07:57:50',NULL),
(188,'MOLETON CLOTH # 6- ORANGE',NULL,0,10,'2020-04-20 07:57:50',NULL,'FOR UPDATE',1,'2020-04-20 07:57:50','2020-04-20 07:57:50',NULL),
(189,'MOLETON CLOTH # 6- WHITE',NULL,0,10,'2020-04-20 07:57:50',NULL,'FOR UPDATE',1,'2020-04-20 07:57:50','2020-04-20 07:57:50',NULL),
(190,'RUBBER BLANKET FOR SHINOHARA',NULL,0,10,'2020-04-20 07:57:50',NULL,'FOR UPDATE',1,'2020-04-20 07:57:50','2020-04-20 07:57:50',NULL),
(191,'PERPORATION BLADE /STRAIGHT',NULL,0,10,'2020-04-20 07:57:50',NULL,'FOR UPDATE',1,'2020-04-20 07:57:50','2020-04-20 07:57:50',NULL),
(192,'(2.5 CUT/1.0 UNCUT)',NULL,0,10,'2020-04-20 07:57:50',NULL,'FOR UPDATE',1,'2020-04-20 07:57:50','2020-04-20 07:57:50',NULL),
(193,'(1.5 CUT/1.0 UNCUT)',NULL,0,10,'2020-04-20 07:57:50',NULL,'FOR UPDATE',1,'2020-04-20 07:57:50','2020-04-20 07:57:50',NULL),
(194,'(2.5 CUT/0.8 UNCUT)',NULL,0,10,'2020-04-20 07:57:50',NULL,'FOR UPDATE',1,'2020-04-20 07:57:50','2020-04-20 07:57:50',NULL),
(195,'HANADASHI SPONGE WHITE ',NULL,0,10,'2020-04-20 07:57:50',NULL,'FOR UPDATE',1,'2020-04-20 07:57:50','2020-04-20 07:57:50',NULL),
(196,'CITO CREASING MATRIX',NULL,0,10,'2020-04-20 07:57:50',NULL,'FOR UPDATE',1,'2020-04-20 07:57:50','2020-04-20 07:57:50',NULL),
(197,'IMAGE REMOVER - BLUE',NULL,0,10,'2020-04-20 07:57:50',NULL,'FOR UPDATE',1,'2020-04-20 07:57:50','2020-04-20 07:57:50',NULL),
(198,'IMAGE REMOVER - RED',NULL,0,10,'2020-04-20 07:57:50',NULL,'FOR UPDATE',1,'2020-04-20 07:57:50','2020-04-20 07:57:50',NULL),
(199,'ASF - 110 FR/ADHESIVE TAPE',NULL,0,10,'2020-04-20 07:57:50',NULL,'FOR UPDATE',1,'2020-04-20 07:57:50','2020-04-20 07:57:50',NULL),
(200,'RED TAPE',NULL,0,10,'2020-04-20 07:57:50',NULL,'FOR UPDATE',1,'2020-04-20 07:57:50','2020-04-20 07:57:50',NULL),
(201,'CORRECTING SLIP STICK',NULL,0,10,'2020-04-20 07:57:50',NULL,'FOR UPDATE',1,'2020-04-20 07:57:50','2020-04-20 07:57:50',NULL),
(202,'SPARE BLADE - SMALL',NULL,0,10,'2020-04-20 07:57:50',NULL,'FOR UPDATE',1,'2020-04-20 07:57:50','2020-04-20 07:57:50',NULL),
(203,'SPARE BLADE - BIG',NULL,0,10,'2020-04-20 07:57:50',NULL,'FOR UPDATE',1,'2020-04-20 07:57:50','2020-04-20 07:57:50',NULL),
(204,'SPARE BLADE - BIG',NULL,0,10,'2020-04-20 07:57:50',NULL,'FOR UPDATE',1,'2020-04-20 07:57:50','2020-04-20 07:57:50',NULL),
(205,'SAND PAPER/CC 800 CW',NULL,0,10,'2020-04-20 07:57:50',NULL,'FOR UPDATE',1,'2020-04-20 07:57:50','2020-04-20 07:57:50',NULL),
(206,'SAND PAPER/CC 150 CW',NULL,0,10,'2020-04-20 07:57:50',NULL,'FOR UPDATE',1,'2020-04-20 07:57:50','2020-04-20 07:57:50',NULL),
(207,'SAND PAPER/CC 150 CW',NULL,0,10,'2020-04-20 07:57:50',NULL,'FOR UPDATE',1,'2020-04-20 07:57:50','2020-04-20 07:57:50',NULL),
(208,'PAPER TAPE',NULL,0,10,'2020-04-20 07:57:50',NULL,'FOR UPDATE',1,'2020-04-20 07:57:50','2020-04-20 07:57:50',NULL),
(209,'PAPER TAPE',NULL,0,10,'2020-04-20 07:57:50',NULL,'FOR UPDATE',1,'2020-04-20 07:57:50','2020-04-20 07:57:50',NULL),
(210,'FLOOR MARKING TAPE - YELLOW',NULL,0,10,'2020-04-20 07:57:50',NULL,'FOR UPDATE',1,'2020-04-20 07:57:50','2020-04-20 07:57:50',NULL),
(211,'FLOOR MARKING TAPE - CAUTION ',NULL,0,10,'2020-04-20 07:57:50',NULL,'FOR UPDATE',1,'2020-04-20 07:57:50','2020-04-20 07:57:50',NULL),
(212,'FLOOR MARKING TAPE - WHITE',NULL,0,10,'2020-04-20 07:57:50',NULL,'FOR UPDATE',1,'2020-04-20 07:57:50','2020-04-20 07:57:50',NULL),
(213,'FLOOR MARKING TAPE - RED ',NULL,0,10,'2020-04-20 07:57:50',NULL,'FOR UPDATE',1,'2020-04-20 07:57:50','2020-04-20 07:57:50',NULL),
(214,'FLOOR MARKING TAPE - BLUE',NULL,0,10,'2020-04-20 07:57:50',NULL,'FOR UPDATE',1,'2020-04-20 07:57:50','2020-04-20 07:57:50',NULL),
(215,'PLASTIC SPACE SAVER',NULL,0,10,'2020-04-20 07:57:50',NULL,'FOR UPDATE',1,'2020-04-20 07:57:50','2020-04-20 07:57:50',NULL),
(216,'VISKOVITA SPONGE',NULL,0,10,'2020-04-20 07:57:50',NULL,'FOR UPDATE',1,'2020-04-20 07:57:50','2020-04-20 07:57:50',NULL),
(217,'VISKOVITA SPONGE',NULL,0,10,'2020-04-20 07:57:50',NULL,'FOR UPDATE',1,'2020-04-20 07:57:50','2020-04-20 07:57:50',NULL),
(218,'INK ELIMINATOR',NULL,0,10,'2020-04-20 07:57:50',NULL,'FOR UPDATE',1,'2020-04-20 07:57:50','2020-04-20 07:57:50',NULL),
(219,'STITCHING WIRE  # 24',NULL,0,10,'2020-04-20 07:57:50',NULL,'FOR UPDATE',1,'2020-04-20 07:57:50','2020-04-20 07:57:50',NULL),
(220,'VINYL ELECTRICAL TAPE',NULL,0,10,'2020-04-20 07:57:50',NULL,'FOR UPDATE',1,'2020-04-20 07:57:50','2020-04-20 07:57:50',NULL),
(221,'PURE GLYCERIN',NULL,0,10,'2020-04-20 07:57:50',NULL,'FOR UPDATE',1,'2020-04-20 07:57:50','2020-04-20 07:57:50',NULL),
(222,'PAINT BRUSH ',NULL,0,10,'2020-04-20 07:57:50',NULL,'FOR UPDATE',1,'2020-04-20 07:57:50','2020-04-20 07:57:50',NULL),
(223,'GUMMED TAPE ',NULL,0,10,'2020-04-20 07:57:50',NULL,'FOR UPDATE',1,'2020-04-20 07:57:50','2020-04-20 07:57:50',NULL),
(224,'TOP FIT GLOVES',NULL,0,10,'2020-04-20 07:57:50',NULL,'FOR UPDATE',1,'2020-04-20 07:57:50','2020-04-20 07:57:50',NULL),
(225,'TOP FIT GLOVES',NULL,0,10,'2020-04-20 07:57:50',NULL,'FOR UPDATE',1,'2020-04-20 07:57:50','2020-04-20 07:57:50',NULL),
(226,'ICP FILM FOR SHINOHARA',NULL,0,10,'2020-04-20 07:57:50',NULL,'FOR UPDATE',1,'2020-04-20 07:57:50','2020-04-20 07:57:50',NULL),
(227,'PLASTIC FOR SHINOHARA PLATE CYLINDER',NULL,0,10,'2020-04-20 07:57:50',NULL,'FOR UPDATE',1,'2020-04-20 07:57:50','2020-04-20 07:57:50',NULL),
(228,'ACETATE FILM CLEAR',NULL,0,10,'2020-04-20 07:57:50',NULL,'FOR UPDATE',1,'2020-04-20 07:57:50','2020-04-20 07:57:50',NULL),
(229,'UMITIKA SPUNDED FABRIC',NULL,0,10,'2020-04-20 07:57:50',NULL,'FOR UPDATE',1,'2020-04-20 07:57:50','2020-04-20 07:57:50',NULL),
(230,'PACKING PAPER FOR HIEDEL-GREEN',NULL,0,10,'2020-04-20 07:57:50',NULL,'FOR UPDATE',1,'2020-04-20 07:57:50','2020-04-20 07:57:50',NULL),
(231,'RUBBER BLANKET FOR HIEDEL',NULL,0,10,'2020-04-20 07:57:50',NULL,'FOR UPDATE',1,'2020-04-20 07:57:50','2020-04-20 07:57:50',NULL),
(232,'RUBBER BLANKET FOR DVR',NULL,0,10,'2020-04-20 07:57:50',NULL,'FOR UPDATE',1,'2020-04-20 07:57:50','2020-04-20 07:57:50',NULL),
(233,'PACKING PAPER FOR SHINOHARA-YELLOW',NULL,0,10,'2020-04-20 07:57:50',NULL,'FOR UPDATE',1,'2020-04-20 07:57:50','2020-04-20 07:57:50',NULL),
(234,'GREEN FOAM - 1MM (T)',NULL,0,10,'2020-04-20 07:57:50',NULL,'FOR UPDATE',1,'2020-04-20 07:57:50','2020-04-20 07:57:50',NULL),
(235,'GREEN FOAM - 2MM (T)',NULL,0,10,'2020-04-20 07:57:50',NULL,'FOR UPDATE',1,'2020-04-20 07:57:50','2020-04-20 07:57:50',NULL),
(236,'GREEN FOAM - 3MM (T)',NULL,0,10,'2020-04-20 07:57:50',NULL,'FOR UPDATE',1,'2020-04-20 07:57:50','2020-04-20 07:57:50',NULL),
(237,'GREEN FOAM - 5MM (T)',NULL,0,10,'2020-04-20 07:57:50',NULL,'FOR UPDATE',1,'2020-04-20 07:57:50','2020-04-20 07:57:50',NULL),
(238,'ACRYLIC PLASTIC BOARD',NULL,0,10,'2020-04-20 07:57:50',NULL,'FOR UPDATE',1,'2020-04-20 07:57:50','2020-04-20 07:57:50',NULL),
(239,'CUTTING STICK',NULL,0,10,'2020-04-20 07:57:50',NULL,'FOR UPDATE',1,'2020-04-20 07:57:50','2020-04-20 07:57:50',NULL),
(240,'ANTI-MARKING PAPER/ TY PAPER',NULL,0,10,'2020-04-20 07:57:50',NULL,'FOR UPDATE',1,'2020-04-20 07:57:50','2020-04-20 07:57:50',NULL);

/*Table structure for table `sc_materials_tracking` */

DROP TABLE IF EXISTS `sc_materials_tracking`;

CREATE TABLE `sc_materials_tracking` (
  `id` int(10) NOT NULL AUTO_INCREMENT,
  `sc_material_id` int(10) NOT NULL,
  `supplier_sc_material_id` int(10) NOT NULL,
  `sc_material_flow` int(1) NOT NULL DEFAULT '0',
  `sc_material_quantity` int(7) NOT NULL,
  `sc_material_quantity_unit` int(1) NOT NULL,
  `sc_material_unit_amount` decimal(14,4) DEFAULT NULL,
  `sc_material_unit_amount_currency` varchar(3) DEFAULT 'PHP',
  `employee_id` int(10) NOT NULL,
  `created_at` datetime NOT NULL,
  `updated_at` datetime DEFAULT NULL,
  `deleted_at` datetime DEFAULT NULL,
  PRIMARY KEY (`id`)
) ENGINE=InnoDB AUTO_INCREMENT=247 DEFAULT CHARSET=utf8;

/*Data for the table `sc_materials_tracking` */

insert  into `sc_materials_tracking`(`id`,`sc_material_id`,`supplier_sc_material_id`,`sc_material_flow`,`sc_material_quantity`,`sc_material_quantity_unit`,`sc_material_unit_amount`,`sc_material_unit_amount_currency`,`employee_id`,`created_at`,`updated_at`,`deleted_at`) values 
(1,1,1,1,1,1,1.0000,'PHP',1,'2020-04-20 07:57:48','2020-04-20 07:57:48',NULL),
(2,2,2,1,1,1,1.0000,'PHP',1,'2020-04-20 07:57:48','2020-04-20 07:57:48',NULL),
(3,3,3,1,1,1,1.0000,'PHP',1,'2020-04-20 07:57:48','2020-04-20 07:57:48',NULL),
(4,4,4,1,1,1,1.0000,'PHP',1,'2020-04-20 07:57:48','2020-04-20 07:57:48',NULL),
(5,5,5,1,1,1,1.0000,'PHP',1,'2020-04-20 07:57:48','2020-04-20 07:57:48',NULL),
(6,6,6,1,1,1,1.0000,'PHP',1,'2020-04-20 07:57:48','2020-04-20 07:57:48',NULL),
(7,7,7,1,1,1,1.0000,'PHP',1,'2020-04-20 07:57:48','2020-04-20 07:57:48',NULL),
(8,8,8,1,1,1,1.0000,'PHP',1,'2020-04-20 07:57:48','2020-04-20 07:57:48',NULL),
(9,9,9,1,1,1,1.0000,'PHP',1,'2020-04-20 07:57:48','2020-04-20 07:57:48',NULL),
(10,10,10,1,1,1,1.0000,'PHP',1,'2020-04-20 07:57:48','2020-04-20 07:57:48',NULL),
(11,11,11,1,1,1,1.0000,'PHP',1,'2020-04-20 07:57:48','2020-04-20 07:57:48',NULL),
(12,12,12,1,1,1,1.0000,'PHP',1,'2020-04-20 07:57:48','2020-04-20 07:57:48',NULL),
(13,13,13,1,1,1,1.0000,'PHP',1,'2020-04-20 07:57:48','2020-04-20 07:57:48',NULL),
(14,14,14,1,1,1,1.0000,'PHP',1,'2020-04-20 07:57:48','2020-04-20 07:57:48',NULL),
(15,15,15,1,1,1,1.0000,'PHP',1,'2020-04-20 07:57:48','2020-04-20 07:57:48',NULL),
(16,16,16,1,1,1,1.0000,'PHP',1,'2020-04-20 07:57:48','2020-04-20 07:57:48',NULL),
(17,17,17,1,1,1,1.0000,'PHP',1,'2020-04-20 07:57:48','2020-04-20 07:57:48',NULL),
(18,18,18,1,1,1,1.0000,'PHP',1,'2020-04-20 07:57:48','2020-04-20 07:57:48',NULL),
(19,19,19,1,1,1,1.0000,'PHP',1,'2020-04-20 07:57:48','2020-04-20 07:57:48',NULL),
(20,20,20,1,1,1,1.0000,'PHP',1,'2020-04-20 07:57:48','2020-04-20 07:57:48',NULL),
(21,21,21,1,1,1,1.0000,'PHP',1,'2020-04-20 07:57:48','2020-04-20 07:57:48',NULL),
(22,22,22,1,1,1,1.0000,'PHP',1,'2020-04-20 07:57:48','2020-04-20 07:57:48',NULL),
(23,23,23,1,1,1,1.0000,'PHP',1,'2020-04-20 07:57:48','2020-04-20 07:57:48',NULL),
(24,24,24,1,1,1,1.0000,'PHP',1,'2020-04-20 07:57:48','2020-04-20 07:57:48',NULL),
(25,25,25,1,1,1,1.0000,'PHP',1,'2020-04-20 07:57:48','2020-04-20 07:57:48',NULL),
(26,26,26,1,1,1,1.0000,'PHP',1,'2020-04-20 07:57:48','2020-04-20 07:57:48',NULL),
(27,27,27,1,1,1,1.0000,'PHP',1,'2020-04-20 07:57:48','2020-04-20 07:57:48',NULL),
(28,28,28,1,1,1,1.0000,'PHP',1,'2020-04-20 07:57:48','2020-04-20 07:57:48',NULL),
(29,29,29,1,1,1,1.0000,'PHP',1,'2020-04-20 07:57:48','2020-04-20 07:57:48',NULL),
(30,30,30,1,1,1,1.0000,'PHP',1,'2020-04-20 07:57:48','2020-04-20 07:57:48',NULL),
(31,31,31,1,1,1,1.0000,'PHP',1,'2020-04-20 07:57:48','2020-04-20 07:57:48',NULL),
(32,32,32,1,1,1,1.0000,'PHP',1,'2020-04-20 07:57:48','2020-04-20 07:57:48',NULL),
(33,33,33,1,1,1,1.0000,'PHP',1,'2020-04-20 07:57:48','2020-04-20 07:57:48',NULL),
(34,34,34,1,1,1,1.0000,'PHP',1,'2020-04-20 07:57:48','2020-04-20 07:57:48',NULL),
(35,35,35,1,1,1,1.0000,'PHP',1,'2020-04-20 07:57:48','2020-04-20 07:57:48',NULL),
(36,36,36,1,1,1,1.0000,'PHP',1,'2020-04-20 07:57:48','2020-04-20 07:57:48',NULL),
(37,37,37,1,1,1,1.0000,'PHP',1,'2020-04-20 07:57:48','2020-04-20 07:57:48',NULL),
(38,38,38,1,1,1,1.0000,'PHP',1,'2020-04-20 07:57:48','2020-04-20 07:57:48',NULL),
(39,39,39,1,1,1,1.0000,'PHP',1,'2020-04-20 07:57:48','2020-04-20 07:57:48',NULL),
(40,40,40,1,1,1,1.0000,'PHP',1,'2020-04-20 07:57:49','2020-04-20 07:57:49',NULL),
(41,41,41,1,1,1,1.0000,'PHP',1,'2020-04-20 07:57:49','2020-04-20 07:57:49',NULL),
(42,42,42,1,1,1,1.0000,'PHP',1,'2020-04-20 07:57:49','2020-04-20 07:57:49',NULL),
(43,43,43,1,1,1,1.0000,'PHP',1,'2020-04-20 07:57:49','2020-04-20 07:57:49',NULL),
(44,44,44,1,1,1,1.0000,'PHP',1,'2020-04-20 07:57:49','2020-04-20 07:57:49',NULL),
(45,45,45,1,1,1,1.0000,'PHP',1,'2020-04-20 07:57:49','2020-04-20 07:57:49',NULL),
(46,46,46,1,1,1,1.0000,'PHP',1,'2020-04-20 07:57:49','2020-04-20 07:57:49',NULL),
(47,47,47,1,1,1,1.0000,'PHP',1,'2020-04-20 07:57:49','2020-04-20 07:57:49',NULL),
(48,48,48,1,1,1,1.0000,'PHP',1,'2020-04-20 07:57:49','2020-04-20 07:57:49',NULL),
(49,49,49,1,1,1,1.0000,'PHP',1,'2020-04-20 07:57:49','2020-04-20 07:57:49',NULL),
(50,50,50,1,1,1,1.0000,'PHP',1,'2020-04-20 07:57:49','2020-04-20 07:57:49',NULL),
(51,51,51,1,1,1,1.0000,'PHP',1,'2020-04-20 07:57:49','2020-04-20 07:57:49',NULL),
(52,52,52,1,1,1,1.0000,'PHP',1,'2020-04-20 07:57:49','2020-04-20 07:57:49',NULL),
(53,53,53,1,1,1,1.0000,'PHP',1,'2020-04-20 07:57:49','2020-04-20 07:57:49',NULL),
(54,54,54,1,1,1,1.0000,'PHP',1,'2020-04-20 07:57:49','2020-04-20 07:57:49',NULL),
(55,55,55,1,1,1,1.0000,'PHP',1,'2020-04-20 07:57:49','2020-04-20 07:57:49',NULL),
(56,56,56,1,1,1,1.0000,'PHP',1,'2020-04-20 07:57:49','2020-04-20 07:57:49',NULL),
(57,57,57,1,1,1,1.0000,'PHP',1,'2020-04-20 07:57:49','2020-04-20 07:57:49',NULL),
(58,58,58,1,1,1,1.0000,'PHP',1,'2020-04-20 07:57:49','2020-04-20 07:57:49',NULL),
(59,59,59,1,1,1,1.0000,'PHP',1,'2020-04-20 07:57:49','2020-04-20 07:57:49',NULL),
(60,60,60,1,1,1,1.0000,'PHP',1,'2020-04-20 07:57:49','2020-04-20 07:57:49',NULL),
(61,61,61,1,1,1,1.0000,'PHP',1,'2020-04-20 07:57:49','2020-04-20 07:57:49',NULL),
(62,62,62,1,1,1,1.0000,'PHP',1,'2020-04-20 07:57:49','2020-04-20 07:57:49',NULL),
(63,63,63,1,1,1,1.0000,'PHP',1,'2020-04-20 07:57:49','2020-04-20 07:57:49',NULL),
(64,64,64,1,1,1,1.0000,'PHP',1,'2020-04-20 07:57:49','2020-04-20 07:57:49',NULL),
(65,65,65,1,1,1,1.0000,'PHP',1,'2020-04-20 07:57:49','2020-04-20 07:57:49',NULL),
(66,66,66,1,50,1,75.0000,'JPY',1,'2020-04-20 07:57:49','2020-04-20 07:57:49',NULL),
(67,67,67,1,1,1,1.0000,'PHP',1,'2020-04-20 07:57:49','2020-04-20 07:57:49',NULL),
(68,68,68,1,1,1,1.0000,'PHP',1,'2020-04-20 07:57:49','2020-04-20 07:57:49',NULL),
(69,69,69,1,1,1,1.0000,'PHP',1,'2020-04-20 07:57:49','2020-04-20 07:57:49',NULL),
(70,70,70,1,1,1,1.0000,'PHP',1,'2020-04-20 07:57:49','2020-04-20 07:57:49',NULL),
(71,71,71,1,1,1,1.0000,'PHP',1,'2020-04-20 07:57:49','2020-04-20 07:57:49',NULL),
(72,72,72,1,1,1,1.0000,'PHP',1,'2020-04-20 07:57:49','2020-04-20 07:57:49',NULL),
(73,73,73,1,1,1,1.0000,'PHP',1,'2020-04-20 07:57:49','2020-04-20 07:57:49',NULL),
(74,74,74,1,1,1,1.0000,'PHP',1,'2020-04-20 07:57:49','2020-04-20 07:57:49',NULL),
(75,75,75,1,1,1,1.0000,'PHP',1,'2020-04-20 07:57:49','2020-04-20 07:57:49',NULL),
(76,76,76,1,1,1,1.0000,'PHP',1,'2020-04-20 07:57:49','2020-04-20 07:57:49',NULL),
(77,77,77,1,1,1,1.0000,'PHP',1,'2020-04-20 07:57:49','2020-04-20 07:57:49',NULL),
(78,78,78,1,1,1,1.0000,'PHP',1,'2020-04-20 07:57:49','2020-04-20 07:57:49',NULL),
(79,79,79,1,1,1,1.0000,'PHP',1,'2020-04-20 07:57:49','2020-04-20 07:57:49',NULL),
(80,80,80,1,1,1,1.0000,'PHP',1,'2020-04-20 07:57:49','2020-04-20 07:57:49',NULL),
(81,81,81,1,1,1,1.0000,'PHP',1,'2020-04-20 07:57:49','2020-04-20 07:57:49',NULL),
(82,82,82,1,1,1,1.0000,'PHP',1,'2020-04-20 07:57:49','2020-04-20 07:57:49',NULL),
(83,83,83,1,1,1,1.0000,'PHP',1,'2020-04-20 07:57:49','2020-04-20 07:57:49',NULL),
(84,84,84,1,1,1,1.0000,'PHP',1,'2020-04-20 07:57:49','2020-04-20 07:57:49',NULL),
(85,85,85,1,1,1,1.0000,'PHP',1,'2020-04-20 07:57:49','2020-04-20 07:57:49',NULL),
(86,86,86,1,1,1,1.0000,'PHP',1,'2020-04-20 07:57:49','2020-04-20 07:57:49',NULL),
(87,87,87,1,1,1,1.0000,'PHP',1,'2020-04-20 07:57:49','2020-04-20 07:57:49',NULL),
(88,88,88,1,1,1,1.0000,'PHP',1,'2020-04-20 07:57:49','2020-04-20 07:57:49',NULL),
(89,89,89,1,1,1,1.0000,'PHP',1,'2020-04-20 07:57:49','2020-04-20 07:57:49',NULL),
(90,90,90,1,1,1,1.0000,'PHP',1,'2020-04-20 07:57:49','2020-04-20 07:57:49',NULL),
(91,91,91,1,1,1,1.0000,'PHP',1,'2020-04-20 07:57:49','2020-04-20 07:57:49',NULL),
(92,92,92,1,1,1,1.0000,'PHP',1,'2020-04-20 07:57:49','2020-04-20 07:57:49',NULL),
(93,93,93,1,1,1,1.0000,'PHP',1,'2020-04-20 07:57:49','2020-04-20 07:57:49',NULL),
(94,94,94,1,1,1,1.0000,'PHP',1,'2020-04-20 07:57:49','2020-04-20 07:57:49',NULL),
(95,95,95,1,1,1,1.0000,'PHP',1,'2020-04-20 07:57:49','2020-04-20 07:57:49',NULL),
(96,96,96,1,1,1,1.0000,'PHP',1,'2020-04-20 07:57:49','2020-04-20 07:57:49',NULL),
(97,97,97,1,1,1,1.0000,'PHP',1,'2020-04-20 07:57:49','2020-04-20 07:57:49',NULL),
(98,98,98,1,1,1,1.0000,'PHP',1,'2020-04-20 07:57:49','2020-04-20 07:57:49',NULL),
(99,99,99,1,1,1,1.0000,'PHP',1,'2020-04-20 07:57:49','2020-04-20 07:57:49',NULL),
(100,100,100,1,1,1,1.0000,'PHP',1,'2020-04-20 07:57:49','2020-04-20 07:57:49',NULL),
(101,101,101,1,1,1,1.0000,'PHP',1,'2020-04-20 07:57:49','2020-04-20 07:57:49',NULL),
(102,102,102,1,1,1,1.0000,'PHP',1,'2020-04-20 07:57:49','2020-04-20 07:57:49',NULL),
(103,103,103,1,1,1,1.0000,'PHP',1,'2020-04-20 07:57:49','2020-04-20 07:57:49',NULL),
(104,104,104,1,1,1,1.0000,'PHP',1,'2020-04-20 07:57:49','2020-04-20 07:57:49',NULL),
(105,105,105,1,1,1,1.0000,'PHP',1,'2020-04-20 07:57:49','2020-04-20 07:57:49',NULL),
(106,106,106,1,1,1,1.0000,'PHP',1,'2020-04-20 07:57:49','2020-04-20 07:57:49',NULL),
(107,107,107,1,1,1,1.0000,'PHP',1,'2020-04-20 07:57:49','2020-04-20 07:57:49',NULL),
(108,108,108,1,1,1,1.0000,'PHP',1,'2020-04-20 07:57:49','2020-04-20 07:57:49',NULL),
(109,109,109,1,1,1,1.0000,'PHP',1,'2020-04-20 07:57:49','2020-04-20 07:57:49',NULL),
(110,110,110,1,1,1,1.0000,'PHP',1,'2020-04-20 07:57:49','2020-04-20 07:57:49',NULL),
(111,111,111,1,1,1,1.0000,'PHP',1,'2020-04-20 07:57:49','2020-04-20 07:57:49',NULL),
(112,112,112,1,1,1,1.0000,'PHP',1,'2020-04-20 07:57:49','2020-04-20 07:57:49',NULL),
(113,113,113,1,1,1,1.0000,'PHP',1,'2020-04-20 07:57:49','2020-04-20 07:57:49',NULL),
(114,114,114,1,1,1,1.0000,'PHP',1,'2020-04-20 07:57:49','2020-04-20 07:57:49',NULL),
(115,115,115,1,1,1,1.0000,'PHP',1,'2020-04-20 07:57:49','2020-04-20 07:57:49',NULL),
(116,116,116,1,1,1,1.0000,'PHP',1,'2020-04-20 07:57:49','2020-04-20 07:57:49',NULL),
(117,117,117,1,1,1,1.0000,'PHP',1,'2020-04-20 07:57:49','2020-04-20 07:57:49',NULL),
(118,118,118,1,1,1,1.0000,'PHP',1,'2020-04-20 07:57:49','2020-04-20 07:57:49',NULL),
(119,119,119,1,1,1,1.0000,'PHP',1,'2020-04-20 07:57:49','2020-04-20 07:57:49',NULL),
(120,120,120,1,1,1,1.0000,'PHP',1,'2020-04-20 07:57:49','2020-04-20 07:57:49',NULL),
(121,121,121,1,1,1,1.0000,'PHP',1,'2020-04-20 07:57:49','2020-04-20 07:57:49',NULL),
(122,122,122,1,1,1,1.0000,'PHP',1,'2020-04-20 07:57:49','2020-04-20 07:57:49',NULL),
(123,123,123,1,1,1,1.0000,'PHP',1,'2020-04-20 07:57:49','2020-04-20 07:57:49',NULL),
(124,124,124,1,1,1,1.0000,'PHP',1,'2020-04-20 07:57:49','2020-04-20 07:57:49',NULL),
(125,125,125,1,1,1,1.0000,'PHP',1,'2020-04-20 07:57:49','2020-04-20 07:57:49',NULL),
(126,126,126,1,1,1,1.0000,'PHP',1,'2020-04-20 07:57:49','2020-04-20 07:57:49',NULL),
(127,127,127,1,1,1,1.0000,'PHP',1,'2020-04-20 07:57:49','2020-04-20 07:57:49',NULL),
(128,128,128,1,1,1,1.0000,'PHP',1,'2020-04-20 07:57:49','2020-04-20 07:57:49',NULL),
(129,129,129,1,1,1,1.0000,'PHP',1,'2020-04-20 07:57:49','2020-04-20 07:57:49',NULL),
(130,130,130,1,1,1,1.0000,'PHP',1,'2020-04-20 07:57:49','2020-04-20 07:57:49',NULL),
(131,131,131,1,1,1,1.0000,'PHP',1,'2020-04-20 07:57:49','2020-04-20 07:57:49',NULL),
(132,132,132,1,1,1,1.0000,'PHP',1,'2020-04-20 07:57:49','2020-04-20 07:57:49',NULL),
(133,133,133,1,1,1,1.0000,'PHP',1,'2020-04-20 07:57:49','2020-04-20 07:57:49',NULL),
(134,134,134,1,1,1,1.0000,'PHP',1,'2020-04-20 07:57:49','2020-04-20 07:57:49',NULL),
(135,135,135,1,1,1,1.0000,'PHP',1,'2020-04-20 07:57:49','2020-04-20 07:57:49',NULL),
(136,136,136,1,1,1,1.0000,'PHP',1,'2020-04-20 07:57:49','2020-04-20 07:57:49',NULL),
(137,137,137,1,1,1,1.0000,'PHP',1,'2020-04-20 07:57:49','2020-04-20 07:57:49',NULL),
(138,138,138,1,1,1,1.0000,'PHP',1,'2020-04-20 07:57:49','2020-04-20 07:57:49',NULL),
(139,139,139,1,1,1,1.0000,'PHP',1,'2020-04-20 07:57:49','2020-04-20 07:57:49',NULL),
(140,140,140,1,1,1,1.0000,'PHP',1,'2020-04-20 07:57:49','2020-04-20 07:57:49',NULL),
(141,141,141,1,1,1,1.0000,'PHP',1,'2020-04-20 07:57:49','2020-04-20 07:57:49',NULL),
(142,142,142,1,1,1,1.0000,'PHP',1,'2020-04-20 07:57:49','2020-04-20 07:57:49',NULL),
(143,143,143,1,1,1,1.0000,'PHP',1,'2020-04-20 07:57:49','2020-04-20 07:57:49',NULL),
(144,144,144,1,1,1,1.0000,'PHP',1,'2020-04-20 07:57:49','2020-04-20 07:57:49',NULL),
(145,145,145,1,1,1,1.0000,'PHP',1,'2020-04-20 07:57:49','2020-04-20 07:57:49',NULL),
(146,146,146,1,1,1,1.0000,'PHP',1,'2020-04-20 07:57:49','2020-04-20 07:57:49',NULL),
(147,147,147,1,1,1,1.0000,'PHP',1,'2020-04-20 07:57:49','2020-04-20 07:57:49',NULL),
(148,148,148,1,1,1,1.0000,'PHP',1,'2020-04-20 07:57:49','2020-04-20 07:57:49',NULL),
(149,149,149,1,1,1,1.0000,'PHP',1,'2020-04-20 07:57:49','2020-04-20 07:57:49',NULL),
(150,150,150,1,1,1,1.0000,'PHP',1,'2020-04-20 07:57:49','2020-04-20 07:57:49',NULL),
(151,151,151,1,1,1,1.0000,'PHP',1,'2020-04-20 07:57:49','2020-04-20 07:57:49',NULL),
(152,152,152,1,1,1,1.0000,'PHP',1,'2020-04-20 07:57:49','2020-04-20 07:57:49',NULL),
(153,153,153,1,1,1,1.0000,'PHP',1,'2020-04-20 07:57:49','2020-04-20 07:57:49',NULL),
(154,154,154,1,1,1,1.0000,'PHP',1,'2020-04-20 07:57:49','2020-04-20 07:57:49',NULL),
(155,155,155,1,1,1,1.0000,'PHP',1,'2020-04-20 07:57:49','2020-04-20 07:57:49',NULL),
(156,156,156,1,1,1,1.0000,'PHP',1,'2020-04-20 07:57:49','2020-04-20 07:57:49',NULL),
(157,157,157,1,1,1,1.0000,'PHP',1,'2020-04-20 07:57:49','2020-04-20 07:57:49',NULL),
(158,158,158,1,1,1,1.0000,'PHP',1,'2020-04-20 07:57:49','2020-04-20 07:57:49',NULL),
(159,159,159,1,1,1,1.0000,'PHP',1,'2020-04-20 07:57:50','2020-04-20 07:57:50',NULL),
(160,160,160,1,1,1,1.0000,'PHP',1,'2020-04-20 07:57:50','2020-04-20 07:57:50',NULL),
(161,161,161,1,1,1,1.0000,'PHP',1,'2020-04-20 07:57:50','2020-04-20 07:57:50',NULL),
(162,162,162,1,1,1,1.0000,'PHP',1,'2020-04-20 07:57:50','2020-04-20 07:57:50',NULL),
(163,163,163,1,1,1,1.0000,'PHP',1,'2020-04-20 07:57:50','2020-04-20 07:57:50',NULL),
(164,164,164,1,1,1,1.0000,'PHP',1,'2020-04-20 07:57:50','2020-04-20 07:57:50',NULL),
(165,165,165,1,1,1,1.0000,'PHP',1,'2020-04-20 07:57:50','2020-04-20 07:57:50',NULL),
(166,166,166,1,1,1,1.0000,'PHP',1,'2020-04-20 07:57:50','2020-04-20 07:57:50',NULL),
(167,167,167,1,1,1,1.0000,'PHP',1,'2020-04-20 07:57:50','2020-04-20 07:57:50',NULL),
(168,168,168,1,1,1,1.0000,'PHP',1,'2020-04-20 07:57:50','2020-04-20 07:57:50',NULL),
(169,169,169,1,1,1,1.0000,'PHP',1,'2020-04-20 07:57:50','2020-04-20 07:57:50',NULL),
(170,170,170,1,1,1,1.0000,'PHP',1,'2020-04-20 07:57:50','2020-04-20 07:57:50',NULL),
(171,171,171,1,1,1,1.0000,'PHP',1,'2020-04-20 07:57:50','2020-04-20 07:57:50',NULL),
(172,172,172,1,1,1,1.0000,'PHP',1,'2020-04-20 07:57:50','2020-04-20 07:57:50',NULL),
(173,173,173,1,1,1,1.0000,'PHP',1,'2020-04-20 07:57:50','2020-04-20 07:57:50',NULL),
(174,174,174,1,1,1,1.0000,'PHP',1,'2020-04-20 07:57:50','2020-04-20 07:57:50',NULL),
(175,175,175,1,1,1,1.0000,'PHP',1,'2020-04-20 07:57:50','2020-04-20 07:57:50',NULL),
(176,176,176,1,1,1,1.0000,'PHP',1,'2020-04-20 07:57:50','2020-04-20 07:57:50',NULL),
(177,177,177,1,1,1,1.0000,'PHP',1,'2020-04-20 07:57:50','2020-04-20 07:57:50',NULL),
(178,178,178,1,1,1,1.0000,'PHP',1,'2020-04-20 07:57:50','2020-04-20 07:57:50',NULL),
(179,179,179,1,1,1,1.0000,'PHP',1,'2020-04-20 07:57:50','2020-04-20 07:57:50',NULL),
(180,180,180,1,1,1,1.0000,'PHP',1,'2020-04-20 07:57:50','2020-04-20 07:57:50',NULL),
(181,181,181,1,1,1,1.0000,'PHP',1,'2020-04-20 07:57:50','2020-04-20 07:57:50',NULL),
(182,182,182,1,1,1,1.0000,'PHP',1,'2020-04-20 07:57:50','2020-04-20 07:57:50',NULL),
(183,183,183,1,1,1,1.0000,'PHP',1,'2020-04-20 07:57:50','2020-04-20 07:57:50',NULL),
(184,184,184,1,1,1,1.0000,'PHP',1,'2020-04-20 07:57:50','2020-04-20 07:57:50',NULL),
(185,185,185,1,1,1,1.0000,'PHP',1,'2020-04-20 07:57:50','2020-04-20 07:57:50',NULL),
(186,186,186,1,1,1,1.0000,'PHP',1,'2020-04-20 07:57:50','2020-04-20 07:57:50',NULL),
(187,187,187,1,1,1,1.0000,'PHP',1,'2020-04-20 07:57:50','2020-04-20 07:57:50',NULL),
(188,188,188,1,1,1,1.0000,'PHP',1,'2020-04-20 07:57:50','2020-04-20 07:57:50',NULL),
(189,189,189,1,1,1,1.0000,'PHP',1,'2020-04-20 07:57:50','2020-04-20 07:57:50',NULL),
(190,190,190,1,1,1,1.0000,'PHP',1,'2020-04-20 07:57:50','2020-04-20 07:57:50',NULL),
(191,191,191,1,1,1,1.0000,'PHP',1,'2020-04-20 07:57:50','2020-04-20 07:57:50',NULL),
(192,192,192,1,1,1,1.0000,'PHP',1,'2020-04-20 07:57:50','2020-04-20 07:57:50',NULL),
(193,193,193,1,1,1,1.0000,'PHP',1,'2020-04-20 07:57:50','2020-04-20 07:57:50',NULL),
(194,194,194,1,1,1,1.0000,'PHP',1,'2020-04-20 07:57:50','2020-04-20 07:57:50',NULL),
(195,195,195,1,1,1,1.0000,'PHP',1,'2020-04-20 07:57:50','2020-04-20 07:57:50',NULL),
(196,196,196,1,1,1,1.0000,'PHP',1,'2020-04-20 07:57:50','2020-04-20 07:57:50',NULL),
(197,197,197,1,1,1,1.0000,'PHP',1,'2020-04-20 07:57:50','2020-04-20 07:57:50',NULL),
(198,198,198,1,1,1,1.0000,'PHP',1,'2020-04-20 07:57:50','2020-04-20 07:57:50',NULL),
(199,199,199,1,1,1,1.0000,'PHP',1,'2020-04-20 07:57:50','2020-04-20 07:57:50',NULL),
(200,200,200,1,1,1,1.0000,'PHP',1,'2020-04-20 07:57:50','2020-04-20 07:57:50',NULL),
(201,201,201,1,1,1,1.0000,'PHP',1,'2020-04-20 07:57:50','2020-04-20 07:57:50',NULL),
(202,202,202,1,1,1,1.0000,'PHP',1,'2020-04-20 07:57:50','2020-04-20 07:57:50',NULL),
(203,203,203,1,1,1,1.0000,'PHP',1,'2020-04-20 07:57:50','2020-04-20 07:57:50',NULL),
(204,204,204,1,1,1,1.0000,'PHP',1,'2020-04-20 07:57:50','2020-04-20 07:57:50',NULL),
(205,205,205,1,1,1,1.0000,'PHP',1,'2020-04-20 07:57:50','2020-04-20 07:57:50',NULL),
(206,206,206,1,1,1,1.0000,'PHP',1,'2020-04-20 07:57:50','2020-04-20 07:57:50',NULL),
(207,207,207,1,1,1,1.0000,'PHP',1,'2020-04-20 07:57:50','2020-04-20 07:57:50',NULL),
(208,208,208,1,1,1,1.0000,'PHP',1,'2020-04-20 07:57:50','2020-04-20 07:57:50',NULL),
(209,209,209,1,1,1,1.0000,'PHP',1,'2020-04-20 07:57:50','2020-04-20 07:57:50',NULL),
(210,210,210,1,1,1,1.0000,'PHP',1,'2020-04-20 07:57:50','2020-04-20 07:57:50',NULL),
(211,211,211,1,1,1,1.0000,'PHP',1,'2020-04-20 07:57:50','2020-04-20 07:57:50',NULL),
(212,212,212,1,1,1,1.0000,'PHP',1,'2020-04-20 07:57:50','2020-04-20 07:57:50',NULL),
(213,213,213,1,1,1,1.0000,'PHP',1,'2020-04-20 07:57:50','2020-04-20 07:57:50',NULL),
(214,214,214,1,1,1,1.0000,'PHP',1,'2020-04-20 07:57:50','2020-04-20 07:57:50',NULL),
(215,215,215,1,1,1,1.0000,'PHP',1,'2020-04-20 07:57:50','2020-04-20 07:57:50',NULL),
(216,216,216,1,1,1,1.0000,'PHP',1,'2020-04-20 07:57:50','2020-04-20 07:57:50',NULL),
(217,217,217,1,1,1,1.0000,'PHP',1,'2020-04-20 07:57:50','2020-04-20 07:57:50',NULL),
(218,218,218,1,1,1,1.0000,'PHP',1,'2020-04-20 07:57:50','2020-04-20 07:57:50',NULL),
(219,219,219,1,1,1,1.0000,'PHP',1,'2020-04-20 07:57:50','2020-04-20 07:57:50',NULL),
(220,220,220,1,1,1,1.0000,'PHP',1,'2020-04-20 07:57:50','2020-04-20 07:57:50',NULL),
(221,221,221,1,1,1,1.0000,'PHP',1,'2020-04-20 07:57:50','2020-04-20 07:57:50',NULL),
(222,222,222,1,1,1,1.0000,'PHP',1,'2020-04-20 07:57:50','2020-04-20 07:57:50',NULL),
(223,223,223,1,1,1,1.0000,'PHP',1,'2020-04-20 07:57:50','2020-04-20 07:57:50',NULL),
(224,224,224,1,1,1,1.0000,'PHP',1,'2020-04-20 07:57:50','2020-04-20 07:57:50',NULL),
(225,225,225,1,1,1,1.0000,'PHP',1,'2020-04-20 07:57:50','2020-04-20 07:57:50',NULL),
(226,226,226,1,1,1,1.0000,'PHP',1,'2020-04-20 07:57:50','2020-04-20 07:57:50',NULL),
(227,227,227,1,1,1,1.0000,'PHP',1,'2020-04-20 07:57:50','2020-04-20 07:57:50',NULL),
(228,228,228,1,1,1,1.0000,'PHP',1,'2020-04-20 07:57:50','2020-04-20 07:57:50',NULL),
(229,229,229,1,1,1,1.0000,'PHP',1,'2020-04-20 07:57:50','2020-04-20 07:57:50',NULL),
(230,230,230,1,1,1,1.0000,'PHP',1,'2020-04-20 07:57:50','2020-04-20 07:57:50',NULL),
(231,231,231,1,1,1,1.0000,'PHP',1,'2020-04-20 07:57:50','2020-04-20 07:57:50',NULL),
(232,232,232,1,1,1,1.0000,'PHP',1,'2020-04-20 07:57:50','2020-04-20 07:57:50',NULL),
(233,233,233,1,1,1,1.0000,'PHP',1,'2020-04-20 07:57:50','2020-04-20 07:57:50',NULL),
(234,234,234,1,1,1,1.0000,'PHP',1,'2020-04-20 07:57:50','2020-04-20 07:57:50',NULL),
(235,235,235,1,1,1,1.0000,'PHP',1,'2020-04-20 07:57:50','2020-04-20 07:57:50',NULL),
(236,236,236,1,1,1,1.0000,'PHP',1,'2020-04-20 07:57:50','2020-04-20 07:57:50',NULL),
(237,237,237,1,1,1,1.0000,'PHP',1,'2020-04-20 07:57:50','2020-04-20 07:57:50',NULL),
(238,238,238,1,1,1,1.0000,'PHP',1,'2020-04-20 07:57:50','2020-04-20 07:57:50',NULL),
(239,239,239,1,1,1,1.0000,'PHP',1,'2020-04-20 07:57:50','2020-04-20 07:57:50',NULL),
(240,240,240,1,1,1,1.0000,'PHP',1,'2020-04-20 07:57:50','2020-04-20 07:57:50',NULL),
(241,63,241,1,100,1,100.0000,'JPY',26,'2020-05-05 10:02:43','2020-05-05 10:02:43',NULL),
(242,66,242,1,100,1,100.0000,'USD',26,'2020-05-05 10:21:27','2020-05-05 10:21:27',NULL),
(243,1,1,1,200,1,100.0000,'USD',63,'2020-05-13 15:52:19','2020-05-13 15:52:19',NULL),
(244,66,66,1,100,1,135.0000,'JPY',26,'2020-05-15 08:39:03','2020-05-15 08:39:03',NULL),
(245,66,66,3,20,1,0.0000,'PHP',26,'2020-05-15 08:41:29','2020-05-15 08:41:29',NULL),
(246,66,242,1,120,1,150.0000,'USD',26,'2020-05-15 08:51:02','2020-05-15 08:51:02',NULL);

/*Table structure for table `supplier_contacts` */

DROP TABLE IF EXISTS `supplier_contacts`;

CREATE TABLE `supplier_contacts` (
  `id` int(11) NOT NULL AUTO_INCREMENT,
  `supplier_id` int(10) NOT NULL,
  `supplier_contact_name` varchar(50) DEFAULT NULL,
  `supplier_contact_email` varchar(50) DEFAULT NULL,
  `employee_id` int(10) NOT NULL,
  `created_at` datetime NOT NULL,
  `updated_at` datetime DEFAULT NULL,
  `deleted_at` datetime DEFAULT NULL,
  PRIMARY KEY (`id`)
) ENGINE=InnoDB AUTO_INCREMENT=16 DEFAULT CHARSET=utf8;

/*Data for the table `supplier_contacts` */

insert  into `supplier_contacts`(`id`,`supplier_id`,`supplier_contact_name`,`supplier_contact_email`,`employee_id`,`created_at`,`updated_at`,`deleted_at`) values 
(1,2,NULL,NULL,26,'2020-03-19 06:16:55','2020-05-14 12:42:51',NULL),
(2,8,'HHH','JJJ',26,'2020-03-19 06:16:55','2020-04-24 05:57:55','2020-04-24 05:57:55'),
(3,100,'test name 1','test email 1',26,'2020-03-19 06:18:56','2020-03-19 06:18:56',NULL),
(4,100,'test name 2','test email 2',26,'2020-03-19 06:18:56','2020-03-19 06:18:56',NULL),
(5,101,'test 3 name 1','test 3 email 1',26,'2020-03-19 06:41:39','2020-03-19 06:41:39',NULL),
(6,101,'test 3 name 2','test 3 email 2',26,'2020-03-19 06:41:39','2020-03-19 06:41:39',NULL),
(7,102,'test 3 name 1','test 3 email 1',26,'2020-03-19 06:42:09','2020-03-19 07:20:55',NULL),
(8,102,'test 3 name 3','test 3 email 3',26,'2020-03-19 06:42:09','2020-03-19 07:20:55','2020-03-19 07:20:55'),
(9,102,'test 3 name 2','test 3 name 2',26,'2020-03-19 07:20:55','2020-03-19 07:20:55',NULL),
(10,103,'yy','yy',26,'2020-03-23 09:27:02','2020-03-23 09:27:02',NULL),
(11,104,'yy','yy',26,'2020-03-23 09:28:30','2020-03-23 09:28:30',NULL),
(12,105,'yy','yy',26,'2020-03-23 09:36:42','2020-03-23 09:36:42',NULL),
(13,106,'yy','yy',26,'2020-03-23 09:39:13','2020-03-23 09:39:13',NULL),
(14,108,'SS','SS',26,'2020-04-13 02:58:19','2020-04-13 02:58:19',NULL),
(15,72,'Admin Adamay','admin@adamay.com',63,'2020-05-13 16:06:25','2020-05-13 16:09:41',NULL);

/*Table structure for table `supplier_material` */

DROP TABLE IF EXISTS `supplier_material`;

CREATE TABLE `supplier_material` (
  `id` int(10) NOT NULL AUTO_INCREMENT,
  `material_id` int(10) NOT NULL,
  `supplier_id` int(10) NOT NULL,
  `material_code` varchar(13) NOT NULL,
  `employee_id` int(4) NOT NULL,
  `created_at` datetime NOT NULL,
  `updated_at` datetime DEFAULT NULL,
  `deleted_at` datetime DEFAULT NULL,
  PRIMARY KEY (`id`)
) ENGINE=InnoDB AUTO_INCREMENT=202 DEFAULT CHARSET=utf8;

/*Data for the table `supplier_material` */

insert  into `supplier_material`(`id`,`material_id`,`supplier_id`,`material_code`,`employee_id`,`created_at`,`updated_at`,`deleted_at`) values 
(31,1,1,'AD2-RP0000001',1,'2020-04-20 06:50:19','2020-04-20 06:50:19',NULL),
(32,2,1,'AD2-SP0000002',1,'2020-04-20 06:50:19','2020-04-20 06:50:19',NULL),
(33,3,1,'AD2-SP0000003',1,'2020-04-20 06:50:19','2020-04-20 06:50:19',NULL),
(34,4,1,'AD2-SP0000004',1,'2020-04-20 06:50:19','2020-04-20 06:50:19',NULL),
(35,5,1,'AD2-SP0000005',1,'2020-04-20 06:50:19','2020-04-20 06:50:19',NULL),
(36,6,1,'AD2-SP0000006',1,'2020-04-20 06:50:19','2020-04-20 06:50:19',NULL),
(37,7,1,'AD2-SP0000007',1,'2020-04-20 06:50:19','2020-04-20 06:50:19',NULL),
(38,8,1,'AD2-RP0000008',1,'2020-04-20 06:50:19','2020-04-20 06:50:19',NULL),
(39,9,1,'AD2-SP0000009',1,'2020-04-20 06:50:19','2020-04-20 06:50:19',NULL),
(40,10,1,'AD2-SP0000010',1,'2020-04-20 06:50:19','2020-04-20 06:50:19',NULL),
(41,11,1,'AD2-SP0000011',1,'2020-04-20 06:50:19','2020-04-20 06:50:19',NULL),
(42,12,1,'AD2-SP0000012',1,'2020-04-20 06:50:19','2020-04-20 06:50:19',NULL),
(43,13,1,'AD2-SP0000013',1,'2020-04-20 06:50:19','2020-04-20 06:50:19',NULL),
(44,14,1,'AD2-SP0000014',1,'2020-04-20 06:50:19','2020-04-20 06:50:19',NULL),
(45,15,1,'AD2-SP0000015',1,'2020-04-20 06:50:19','2020-04-20 06:50:19',NULL),
(46,16,1,'AD2-SP0000016',1,'2020-04-20 06:50:19','2020-04-20 06:50:19',NULL),
(47,17,1,'AD2-SP0000017',1,'2020-04-20 06:50:19','2020-04-20 06:50:19',NULL),
(48,18,1,'AD2-SP0000018',1,'2020-04-20 06:50:19','2020-04-20 06:50:19',NULL),
(49,19,1,'AD2-SP0000019',1,'2020-04-20 06:50:19','2020-04-20 06:50:19',NULL),
(50,20,1,'AD2-SP0000020',1,'2020-04-20 06:50:19','2020-04-20 06:50:19',NULL),
(51,21,1,'AD2-SP0000021',1,'2020-04-20 06:50:19','2020-04-20 06:50:19',NULL),
(52,22,1,'AD2-SP0000022',1,'2020-04-20 06:50:19','2020-04-20 06:50:19',NULL),
(53,23,1,'AD2-SP0000023',1,'2020-04-20 06:50:19','2020-04-20 06:50:19',NULL),
(54,24,1,'AD2-RP0000024',1,'2020-04-20 06:50:19','2020-04-20 06:50:19',NULL),
(55,25,1,'AD2-SP0000025',1,'2020-04-20 06:50:19','2020-04-20 06:50:19',NULL),
(56,26,1,'AD2-SP0000026',1,'2020-04-20 06:50:19','2020-04-20 06:50:19',NULL),
(57,27,1,'AD2-RP0000027',1,'2020-04-20 06:50:19','2020-04-20 06:50:19',NULL),
(58,28,1,'AD2-RP0000028',1,'2020-04-20 06:50:19','2020-04-20 06:50:19',NULL),
(59,29,1,'AD2-RP0000029',1,'2020-04-20 06:50:19','2020-04-20 06:50:19',NULL),
(60,30,1,'AD2-RP0000030',1,'2020-04-20 06:50:19','2020-04-20 06:50:19',NULL),
(61,31,1,'AD2-RP0000031',1,'2020-04-20 06:50:19','2020-04-20 06:50:19',NULL),
(62,32,1,'AD2-RP0000032',1,'2020-04-20 06:50:19','2020-04-20 06:50:19',NULL),
(63,33,1,'AD2-RP0000033',1,'2020-04-20 06:50:19','2020-04-20 06:50:19',NULL),
(64,34,1,'AD2-RP0000034',1,'2020-04-20 06:50:19','2020-04-20 06:50:19',NULL),
(65,35,1,'AD2-RP0000035',1,'2020-04-20 06:50:19','2020-04-20 06:50:19',NULL),
(66,36,1,'AD2-RP0000036',1,'2020-04-20 06:50:19','2020-04-20 06:50:19',NULL),
(67,37,1,'AD2-RP0000037',1,'2020-04-20 06:50:19','2020-04-20 06:50:19',NULL),
(68,38,1,'AD2-RP0000038',1,'2020-04-20 06:50:19','2020-04-20 06:50:19',NULL),
(69,39,1,'AD2-RP0000039',1,'2020-04-20 06:50:19','2020-04-20 06:50:19',NULL),
(70,40,1,'AD2-SP0000040',1,'2020-04-20 06:50:19','2020-04-20 06:50:19',NULL),
(71,41,1,'AD2-SP0000041',1,'2020-04-20 06:50:19','2020-04-20 06:50:19',NULL),
(72,42,1,'AD2-SP0000042',1,'2020-04-20 06:50:19','2020-04-20 06:50:19',NULL),
(73,43,1,'AD2-SP0000043',1,'2020-04-20 06:50:19','2020-04-20 06:50:19',NULL),
(74,44,1,'AD2-SP0000044',1,'2020-04-20 06:50:19','2020-04-20 06:50:19',NULL),
(75,45,1,'AD2-SP0000045',1,'2020-04-20 06:50:19','2020-04-20 06:50:19',NULL),
(76,46,1,'AD2-SP0000046',1,'2020-04-20 06:50:19','2020-04-20 06:50:19',NULL),
(77,47,1,'AD2-SP0000047',1,'2020-04-20 06:50:19','2020-04-20 06:50:19',NULL),
(78,48,1,'AD2-SP0000048',1,'2020-04-20 06:50:19','2020-04-20 06:50:19',NULL),
(79,49,1,'AD2-SP0000049',1,'2020-04-20 06:50:19','2020-04-20 06:50:19',NULL),
(80,50,1,'AD2-SP0000050',1,'2020-04-20 06:50:19','2020-04-20 06:50:19',NULL),
(81,51,1,'AD2-SP0000051',1,'2020-04-20 06:50:19','2020-04-20 06:50:19',NULL),
(82,52,1,'AD2-RP0000052',1,'2020-04-20 06:50:19','2020-04-20 06:50:19',NULL),
(83,53,1,'AD2-RP0000053',1,'2020-04-20 06:50:19','2020-04-20 06:50:19',NULL),
(84,54,1,'AD2-RP0000054',1,'2020-04-20 06:50:19','2020-04-20 06:50:19',NULL),
(85,55,1,'AD2-RP0000055',1,'2020-04-20 06:50:19','2020-04-20 06:50:19',NULL),
(86,56,1,'AD2-RP0000056',1,'2020-04-20 06:50:19','2020-04-20 06:50:19',NULL),
(87,57,1,'AD2-RP0000057',1,'2020-04-20 06:50:19','2020-04-20 06:50:19',NULL),
(88,58,1,'AD2-RP0000058',1,'2020-04-20 06:50:19','2020-04-20 06:50:19',NULL),
(89,59,1,'AD2-RP0000059',1,'2020-04-20 06:50:19','2020-04-20 06:50:19',NULL),
(90,60,1,'AD2-RP0000060',1,'2020-04-20 06:50:19','2020-04-20 06:50:19',NULL),
(91,61,1,'AD2-RP0000061',1,'2020-04-20 06:50:19','2020-04-20 06:50:19',NULL),
(92,62,1,'AD2-RP0000062',1,'2020-04-20 06:50:19','2020-04-20 06:50:19',NULL),
(93,63,1,'AD2-RP0000063',1,'2020-04-20 06:50:19','2020-04-20 06:50:19',NULL),
(94,64,1,'AD2-SP0000064',1,'2020-04-20 06:50:19','2020-04-20 06:50:19',NULL),
(95,65,1,'AD2-SP0000065',1,'2020-04-20 06:50:19','2020-04-20 06:50:19',NULL),
(96,66,1,'AD2-SP0000066',1,'2020-04-20 06:50:19','2020-04-20 06:50:19',NULL),
(97,67,1,'AD2-SP0000068',1,'2020-04-20 06:50:19','2020-04-20 06:50:19',NULL),
(98,68,1,'AD2-SP0000069',1,'2020-04-20 06:50:19','2020-04-20 06:50:19',NULL),
(99,69,1,'AD2-SP0000070',1,'2020-04-20 06:50:19','2020-04-20 06:50:19',NULL),
(100,70,1,'AD2-SP0000071',1,'2020-04-20 06:50:19','2020-04-20 06:50:19',NULL),
(101,71,1,'AD2-SP0000072',1,'2020-04-20 06:50:19','2020-04-20 06:50:19',NULL),
(102,72,1,'AD2-SP0000073',1,'2020-04-20 06:50:19','2020-04-20 06:50:19',NULL),
(103,73,1,'AD2-SP0000074',1,'2020-04-20 06:50:19','2020-04-20 06:50:19',NULL),
(104,74,1,'AD2-SP0000075',1,'2020-04-20 06:50:19','2020-04-20 06:50:19',NULL),
(105,75,1,'AD2-SP0000076',1,'2020-04-20 06:50:19','2020-04-20 06:50:19',NULL),
(106,76,1,'AD2-SP0000077',1,'2020-04-20 06:50:19','2020-04-20 06:50:19',NULL),
(107,77,1,'AD2-SP0000078',1,'2020-04-20 06:50:19','2020-04-20 06:50:19',NULL),
(108,78,1,'AD2-SP0000079',1,'2020-04-20 06:50:19','2020-04-20 06:50:19',NULL),
(109,79,1,'AD2-SP0000080',1,'2020-04-20 06:50:19','2020-04-20 06:50:19',NULL),
(110,80,1,'AD2-SP0000081',1,'2020-04-20 06:50:19','2020-04-20 06:50:19',NULL),
(111,81,1,'AD2-SP0000082',1,'2020-04-20 06:50:19','2020-04-20 06:50:19',NULL),
(112,82,1,'AD2-SP0000083',1,'2020-04-20 06:50:19','2020-04-20 06:50:19',NULL),
(113,83,1,'AD2-SP0000084',1,'2020-04-20 06:50:19','2020-04-20 06:50:19',NULL),
(114,84,1,'AD2-SP0000085',1,'2020-04-20 06:50:19','2020-04-20 06:50:19',NULL),
(115,85,1,'AD2-SP0000086',1,'2020-04-20 06:50:19','2020-04-20 06:50:19',NULL),
(116,86,1,'AD2-RP0000087',1,'2020-04-20 06:50:19','2020-04-20 06:50:19',NULL),
(117,87,1,'AD2-RP0000088',1,'2020-04-20 06:50:19','2020-04-20 06:50:19',NULL),
(118,88,1,'AD2-SP0000089',1,'2020-04-20 06:50:19','2020-04-20 06:50:19',NULL),
(119,89,1,'AD2-SP0000090',1,'2020-04-20 06:50:19','2020-04-20 06:50:19',NULL),
(120,90,1,'AD2-SP0000091',1,'2020-04-20 06:50:19','2020-04-20 06:50:19',NULL),
(121,91,1,'AD2-SP0000092',1,'2020-04-20 06:50:19','2020-04-20 06:50:19',NULL),
(122,92,1,'AD2-SP0000093',1,'2020-04-20 06:50:19','2020-04-20 06:50:19',NULL),
(123,93,1,'AD2-SP0000094',1,'2020-04-20 06:50:19','2020-04-20 06:50:19',NULL),
(124,94,1,'AD2-SP0000095',1,'2020-04-20 06:50:19','2020-04-20 06:50:19',NULL),
(125,95,1,'AD2-SP0000096',1,'2020-04-20 06:50:20','2020-04-20 06:50:20',NULL),
(126,96,1,'AD2-SP0000097',1,'2020-04-20 06:50:20','2020-04-20 06:50:20',NULL),
(127,97,1,'AD2-SP0000098',1,'2020-04-20 06:50:20','2020-04-20 06:50:20',NULL),
(128,98,1,'AD2-SP0000099',1,'2020-04-20 06:50:20','2020-04-20 06:50:20',NULL),
(129,99,1,'AD2-SP0000100',1,'2020-04-20 06:50:20','2020-04-20 06:50:20',NULL),
(130,100,1,'AD2-SP0000101',1,'2020-04-20 06:50:20','2020-04-20 06:50:20',NULL),
(131,101,1,'AD2-RP0000102',1,'2020-04-20 06:50:20','2020-04-20 06:50:20',NULL),
(132,102,1,'AD2-RP0000103',1,'2020-04-20 06:50:20','2020-04-20 06:50:20',NULL),
(133,103,1,'AD2-RP0000104',1,'2020-04-20 06:50:20','2020-04-20 06:50:20',NULL),
(134,104,1,'AD2-SP0000105',1,'2020-04-20 06:50:20','2020-04-20 06:50:20',NULL),
(135,105,1,'AD2-SP0000106',1,'2020-04-20 06:50:20','2020-04-20 06:50:20',NULL),
(136,106,1,'AD2-RP0000107',1,'2020-04-20 06:50:20','2020-04-20 06:50:20',NULL),
(137,107,1,'AD2-RP0000108',1,'2020-04-20 06:50:20','2020-04-20 06:50:20',NULL),
(138,108,1,'AD2-RP0000109',1,'2020-04-20 06:50:20','2020-04-20 06:50:20',NULL),
(139,109,1,'AD2-RP0000110',1,'2020-04-20 06:50:20','2020-04-20 06:50:20',NULL),
(140,110,1,'AD2-RP0000111',1,'2020-04-20 06:50:20','2020-04-20 06:50:20',NULL),
(141,111,1,'AD2-RP0000112',1,'2020-04-20 06:50:20','2020-04-20 06:50:20',NULL),
(142,112,1,'AD2-SP0000113',1,'2020-04-20 06:50:20','2020-04-20 06:50:20',NULL),
(143,113,1,'AD2-RP0000114',1,'2020-04-20 06:50:20','2020-04-20 06:50:20',NULL),
(144,114,1,'AD2-RP0000115',1,'2020-04-20 06:50:20','2020-04-20 06:50:20',NULL),
(145,115,1,'AD2-RP0000116',1,'2020-04-20 06:50:20','2020-04-20 06:50:20',NULL),
(146,116,1,'AD2-RP0000117',1,'2020-04-20 06:50:20','2020-04-20 06:50:20',NULL),
(147,117,1,'AD2-RP0000118',1,'2020-04-20 06:50:20','2020-04-20 06:50:20',NULL),
(148,118,1,'AD2-RP0000119',1,'2020-04-20 06:50:20','2020-04-20 06:50:20',NULL),
(149,119,1,'AD2-RP0000120',1,'2020-04-20 06:50:20','2020-04-20 06:50:20',NULL),
(150,120,1,'AD2-RP0000121',1,'2020-04-20 06:50:20','2020-04-20 06:50:20',NULL),
(151,121,1,'AD2-RP0000122',1,'2020-04-20 06:50:20','2020-04-20 06:50:20',NULL),
(152,122,1,'AD2-RP0000123',1,'2020-04-20 06:50:20','2020-04-20 06:50:20',NULL),
(153,123,1,'AD2-RP0000124',1,'2020-04-20 06:50:20','2020-04-20 06:50:20',NULL),
(154,124,1,'AD2-RP0000125',1,'2020-04-20 06:50:20','2020-04-20 06:50:20',NULL),
(155,125,1,'AD2-SP0000126',1,'2020-04-20 06:50:20','2020-04-20 06:50:20',NULL),
(156,126,1,'AD2-RP0000127',1,'2020-04-20 06:50:20','2020-04-20 06:50:20',NULL),
(157,127,1,'AD2-RP0000128',1,'2020-04-20 06:50:20','2020-04-20 06:50:20',NULL),
(158,128,1,'AD2-RP0000129',1,'2020-04-20 06:50:20','2020-04-20 06:50:20',NULL),
(159,129,1,'AD2-RP0000130',1,'2020-04-20 06:50:20','2020-04-20 06:50:20',NULL),
(160,130,1,'AD2-RP0000131',1,'2020-04-20 06:50:20','2020-04-20 06:50:20',NULL),
(161,131,1,'AD2-RP0000132',1,'2020-04-20 06:50:20','2020-04-20 06:50:20',NULL),
(162,132,1,'AD2-RP0000133',1,'2020-04-20 06:50:20','2020-04-20 06:50:20',NULL),
(163,133,1,'AD2-RP0000134',1,'2020-04-20 06:50:20','2020-04-20 06:50:20',NULL),
(164,134,1,'AD2-RP0000135',1,'2020-04-20 06:50:20','2020-04-20 06:50:20',NULL),
(165,135,1,'AD2-RP0000136',1,'2020-04-20 06:50:20','2020-04-20 06:50:20',NULL),
(166,136,1,'AD2-RP0000137',1,'2020-04-20 06:50:20','2020-04-20 06:50:20',NULL),
(167,137,1,'AD2-RP0000138',1,'2020-04-20 06:50:20','2020-04-20 06:50:20',NULL),
(168,138,1,'AD2-RP0000139',1,'2020-04-20 06:50:20','2020-04-20 06:50:20',NULL),
(169,139,1,'AD2-SP0000140',1,'2020-04-20 06:50:20','2020-04-20 06:50:20',NULL),
(170,140,1,'AD2-SP0000141',1,'2020-04-20 06:50:20','2020-04-20 06:50:20',NULL),
(171,141,1,'AD2-RP0000142',1,'2020-04-20 06:50:20','2020-04-20 06:50:20',NULL),
(172,142,1,'AD2-RP0000143',1,'2020-04-20 06:50:20','2020-04-20 06:50:20',NULL),
(173,143,1,'AD2-RP0000144',1,'2020-04-20 06:50:20','2020-04-20 06:50:20',NULL),
(174,144,1,'AD2-RP0000145',1,'2020-04-20 06:50:20','2020-04-20 06:50:20',NULL),
(175,145,1,'AD1-SF0000389',1,'2020-04-20 06:50:20','2020-04-20 06:50:20',NULL),
(176,146,1,'AD1-SF0000390',1,'2020-04-20 06:50:20','2020-04-20 06:50:20',NULL),
(177,147,1,'AD1-RB0000391',1,'2020-04-20 06:50:20','2020-04-20 06:50:20',NULL),
(178,148,1,'AD1-RB0000392',1,'2020-04-20 06:50:20','2020-04-20 06:50:20',NULL),
(179,149,1,'AD1-RB0000393',1,'2020-04-20 06:50:20','2020-04-20 06:50:20',NULL),
(180,150,1,'AD1-RB0000394',1,'2020-04-20 06:50:20','2020-04-20 06:50:20',NULL),
(181,151,1,'AD1-RB0000395',1,'2020-04-20 06:50:20','2020-04-20 06:50:20',NULL),
(182,152,1,'AD1-RB0000396',1,'2020-04-20 06:50:20','2020-04-20 06:50:20',NULL),
(183,153,1,'AD1-RB0000397',1,'2020-04-20 06:50:20','2020-04-20 06:50:20',NULL),
(184,154,1,'AD1-RB0000398',1,'2020-04-20 06:50:20','2020-04-20 06:50:20',NULL),
(185,155,1,'AD1-RB0000399',1,'2020-04-20 06:50:20','2020-04-20 06:50:20',NULL),
(186,156,1,'AD1-RB0000400',1,'2020-04-20 06:50:20','2020-04-20 06:50:20',NULL),
(187,157,1,'AD1-RB0000401',1,'2020-04-20 06:50:20','2020-04-20 06:50:20',NULL),
(188,158,1,'AD1-RB0000402',1,'2020-04-20 06:50:20','2020-04-20 06:50:20',NULL),
(189,159,1,'AD1-RB0000403',1,'2020-04-20 06:50:20','2020-04-20 06:50:20',NULL),
(190,160,1,'AD1-RB0000404',1,'2020-04-20 06:50:20','2020-04-20 06:50:20',NULL),
(191,161,1,'AD1-RB0000405',1,'2020-04-20 06:50:20','2020-04-20 06:50:20',NULL),
(192,162,1,'AD1-RB0000406',1,'2020-04-20 06:50:20','2020-04-20 06:50:20',NULL),
(193,163,1,'AD1-RB0000407',1,'2020-04-20 06:50:20','2020-04-20 06:50:20',NULL),
(194,164,1,'AD1-RB0000408',1,'2020-04-20 06:50:20','2020-04-20 06:50:20',NULL),
(195,165,1,'AD1-RB0000409',1,'2020-04-20 06:50:20','2020-04-20 06:50:20',NULL),
(196,166,1,'AD1-RB0000410',1,'2020-04-20 06:50:20','2020-04-20 06:50:20',NULL),
(197,167,1,'AD1-RB0000411',1,'2020-04-20 06:50:20','2020-04-20 06:50:20',NULL),
(198,168,1,'AD1-RB0000412',1,'2020-04-20 06:50:20','2020-04-20 06:50:20',NULL),
(199,125,2,'AD2-SP0000413',26,'2020-04-22 04:56:40','2020-04-22 04:56:40',NULL),
(200,1,2,'AD2-RP0000414',26,'2020-05-04 08:22:55','2020-05-04 08:22:55',NULL),
(201,130,2,'AD2-RP0000415',26,'2020-05-14 12:44:26','2020-05-14 12:44:26',NULL);

/*Table structure for table `supplier_sc_material` */

DROP TABLE IF EXISTS `supplier_sc_material`;

CREATE TABLE `supplier_sc_material` (
  `id` int(10) NOT NULL AUTO_INCREMENT,
  `sc_material_id` int(10) NOT NULL,
  `supplier_id` int(10) NOT NULL,
  `sc_material_code` varchar(12) NOT NULL,
  `employee_id` int(4) NOT NULL,
  `created_at` datetime NOT NULL,
  `updated_at` datetime NOT NULL,
  `deleted_at` datetime DEFAULT NULL,
  PRIMARY KEY (`id`)
) ENGINE=InnoDB AUTO_INCREMENT=243 DEFAULT CHARSET=utf8;

/*Data for the table `supplier_sc_material` */

insert  into `supplier_sc_material`(`id`,`sc_material_id`,`supplier_id`,`sc_material_code`,`employee_id`,`created_at`,`updated_at`,`deleted_at`) values 
(1,1,1,'AD5-LB000014',1,'2020-04-20 07:57:48','2020-04-20 07:57:48',NULL),
(2,2,1,'AD5-LB000014',1,'2020-04-20 07:57:48','2020-04-20 07:57:48',NULL),
(3,3,1,'AD5-LB000014',1,'2020-04-20 07:57:48','2020-04-20 07:57:48',NULL),
(4,4,1,'AD5-PK000015',1,'2020-04-20 07:57:48','2020-04-20 07:57:48',NULL),
(5,5,1,'AD5-PK000015',1,'2020-04-20 07:57:48','2020-04-20 07:57:48',NULL),
(6,6,1,'AD5-PK000015',1,'2020-04-20 07:57:48','2020-04-20 07:57:48',NULL),
(7,7,1,'AD5-PK000015',1,'2020-04-20 07:57:48','2020-04-20 07:57:48',NULL),
(8,8,1,'AD5-WK000015',1,'2020-04-20 07:57:48','2020-04-20 07:57:48',NULL),
(9,9,1,'AD5-WK000015',1,'2020-04-20 07:57:48','2020-04-20 07:57:48',NULL),
(10,10,1,'AD5-PK000015',1,'2020-04-20 07:57:48','2020-04-20 07:57:48',NULL),
(11,11,1,'AD5-PK000015',1,'2020-04-20 07:57:48','2020-04-20 07:57:48',NULL),
(12,12,1,'AD5-PK000015',1,'2020-04-20 07:57:48','2020-04-20 07:57:48',NULL),
(13,13,1,'AD5-PK000016',1,'2020-04-20 07:57:48','2020-04-20 07:57:48',NULL),
(14,14,1,'AD5-PK000016',1,'2020-04-20 07:57:48','2020-04-20 07:57:48',NULL),
(15,15,1,'AD5-PK000016',1,'2020-04-20 07:57:48','2020-04-20 07:57:48',NULL),
(16,16,1,'AD5-PK000016',1,'2020-04-20 07:57:48','2020-04-20 07:57:48',NULL),
(17,17,1,'AD5-LB000016',1,'2020-04-20 07:57:48','2020-04-20 07:57:48',NULL),
(18,18,1,'AD5-PK000016',1,'2020-04-20 07:57:48','2020-04-20 07:57:48',NULL),
(19,19,1,'AD5-PK000016',1,'2020-04-20 07:57:48','2020-04-20 07:57:48',NULL),
(20,20,1,'AD5-PK000016',1,'2020-04-20 07:57:48','2020-04-20 07:57:48',NULL),
(21,21,1,'AD5-PK000016',1,'2020-04-20 07:57:48','2020-04-20 07:57:48',NULL),
(22,22,1,'AD5-PK000016',1,'2020-04-20 07:57:48','2020-04-20 07:57:48',NULL),
(23,23,1,'AD5-PK000017',1,'2020-04-20 07:57:48','2020-04-20 07:57:48',NULL),
(24,24,1,'AD5-PK000017',1,'2020-04-20 07:57:48','2020-04-20 07:57:48',NULL),
(25,25,1,'AD5-PK000017',1,'2020-04-20 07:57:48','2020-04-20 07:57:48',NULL),
(26,26,1,'AD5-PK000017',1,'2020-04-20 07:57:48','2020-04-20 07:57:48',NULL),
(27,27,1,'AD5-PK000017',1,'2020-04-20 07:57:48','2020-04-20 07:57:48',NULL),
(28,28,1,'AD5-PK000017',1,'2020-04-20 07:57:48','2020-04-20 07:57:48',NULL),
(29,29,1,'AD5-PK000017',1,'2020-04-20 07:57:48','2020-04-20 07:57:48',NULL),
(30,30,1,'AD5-PK000017',1,'2020-04-20 07:57:48','2020-04-20 07:57:48',NULL),
(31,31,1,'AD5-PK000017',1,'2020-04-20 07:57:48','2020-04-20 07:57:48',NULL),
(32,32,1,'AD5-ZZ000017',1,'2020-04-20 07:57:48','2020-04-20 07:57:48',NULL),
(33,33,1,'AD5-PK000018',1,'2020-04-20 07:57:48','2020-04-20 07:57:48',NULL),
(34,34,1,'AD5-PK000018',1,'2020-04-20 07:57:48','2020-04-20 07:57:48',NULL),
(35,35,1,'AD5-PK000018',1,'2020-04-20 07:57:48','2020-04-20 07:57:48',NULL),
(36,36,1,'AD5-PK000018',1,'2020-04-20 07:57:48','2020-04-20 07:57:48',NULL),
(37,37,1,'AD5-HT000018',1,'2020-04-20 07:57:48','2020-04-20 07:57:48',NULL),
(38,38,1,'AD5-HT000018',1,'2020-04-20 07:57:48','2020-04-20 07:57:48',NULL),
(39,39,1,'AD5-HT000018',1,'2020-04-20 07:57:48','2020-04-20 07:57:48',NULL),
(40,40,1,'AD5-HT000018',1,'2020-04-20 07:57:48','2020-04-20 07:57:48',NULL),
(41,41,1,'AD5-HT000018',1,'2020-04-20 07:57:49','2020-04-20 07:57:49',NULL),
(42,42,1,'AD5-HT000018',1,'2020-04-20 07:57:49','2020-04-20 07:57:49',NULL),
(43,43,1,'AD5-HT000019',1,'2020-04-20 07:57:49','2020-04-20 07:57:49',NULL),
(44,44,1,'AD5-HT000019',1,'2020-04-20 07:57:49','2020-04-20 07:57:49',NULL),
(45,45,1,'AD5-HT000019',1,'2020-04-20 07:57:49','2020-04-20 07:57:49',NULL),
(46,46,1,'AD5-HT000019',1,'2020-04-20 07:57:49','2020-04-20 07:57:49',NULL),
(47,47,1,'AD5-HT000019',1,'2020-04-20 07:57:49','2020-04-20 07:57:49',NULL),
(48,48,1,'AD5-HT000019',1,'2020-04-20 07:57:49','2020-04-20 07:57:49',NULL),
(49,49,1,'AD5-HT000019',1,'2020-04-20 07:57:49','2020-04-20 07:57:49',NULL),
(50,50,1,'AD5-HT000019',1,'2020-04-20 07:57:49','2020-04-20 07:57:49',NULL),
(51,51,1,'AD5-HT000019',1,'2020-04-20 07:57:49','2020-04-20 07:57:49',NULL),
(52,52,1,'AD5-HT000019',1,'2020-04-20 07:57:49','2020-04-20 07:57:49',NULL),
(53,53,1,'AD5-HT000020',1,'2020-04-20 07:57:49','2020-04-20 07:57:49',NULL),
(54,54,1,'AD5-HT000020',1,'2020-04-20 07:57:49','2020-04-20 07:57:49',NULL),
(55,55,1,'AD5-HT000020',1,'2020-04-20 07:57:49','2020-04-20 07:57:49',NULL),
(56,56,1,'AD5-HT000020',1,'2020-04-20 07:57:49','2020-04-20 07:57:49',NULL),
(57,57,1,'AD5-HT000020',1,'2020-04-20 07:57:49','2020-04-20 07:57:49',NULL),
(58,58,1,'AD5-HT000020',1,'2020-04-20 07:57:49','2020-04-20 07:57:49',NULL),
(59,59,1,'AD5-HT000020',1,'2020-04-20 07:57:49','2020-04-20 07:57:49',NULL),
(60,60,1,'AD5-HT000020',1,'2020-04-20 07:57:49','2020-04-20 07:57:49',NULL),
(61,61,1,'AD5-HT000020',1,'2020-04-20 07:57:49','2020-04-20 07:57:49',NULL),
(62,62,1,'AD5-HT000020',1,'2020-04-20 07:57:49','2020-04-20 07:57:49',NULL),
(63,63,1,'AD5-HT000021',1,'2020-04-20 07:57:49','2020-04-20 07:57:49',NULL),
(64,64,1,'AD5-HT000021',1,'2020-04-20 07:57:49','2020-04-20 07:57:49',NULL),
(65,65,1,'AD5-HT000021',1,'2020-04-20 07:57:49','2020-04-20 07:57:49',NULL),
(66,66,1,'AD5-HT000021',1,'2020-04-20 07:57:49','2020-04-20 07:57:49',NULL),
(67,67,1,'AD5-HT000021',1,'2020-04-20 07:57:49','2020-04-20 07:57:49',NULL),
(68,68,1,'AD5-HT000021',1,'2020-04-20 07:57:49','2020-04-20 07:57:49',NULL),
(69,69,1,'AD5-HT000021',1,'2020-04-20 07:57:49','2020-04-20 07:57:49',NULL),
(70,70,1,'AD5-HT000021',1,'2020-04-20 07:57:49','2020-04-20 07:57:49',NULL),
(71,71,1,'AD5-HT000021',1,'2020-04-20 07:57:49','2020-04-20 07:57:49',NULL),
(72,72,1,'AD5-HT000021',1,'2020-04-20 07:57:49','2020-04-20 07:57:49',NULL),
(73,73,1,'AD5-HT000022',1,'2020-04-20 07:57:49','2020-04-20 07:57:49',NULL),
(74,74,1,'AD5-HT000022',1,'2020-04-20 07:57:49','2020-04-20 07:57:49',NULL),
(75,75,1,'AD5-HT000022',1,'2020-04-20 07:57:49','2020-04-20 07:57:49',NULL),
(76,76,1,'AD5-HT000022',1,'2020-04-20 07:57:49','2020-04-20 07:57:49',NULL),
(77,77,1,'AD5-HT000022',1,'2020-04-20 07:57:49','2020-04-20 07:57:49',NULL),
(78,78,1,'AD5-HT000022',1,'2020-04-20 07:57:49','2020-04-20 07:57:49',NULL),
(79,79,1,'AD5-HT000022',1,'2020-04-20 07:57:49','2020-04-20 07:57:49',NULL),
(80,80,1,'AD5-HT000022',1,'2020-04-20 07:57:49','2020-04-20 07:57:49',NULL),
(81,81,1,'AD5-HT000022',1,'2020-04-20 07:57:49','2020-04-20 07:57:49',NULL),
(82,82,1,'AD5-HT000023',1,'2020-04-20 07:57:49','2020-04-20 07:57:49',NULL),
(83,83,1,'AD5-HT000023',1,'2020-04-20 07:57:49','2020-04-20 07:57:49',NULL),
(84,84,1,'AD5-HT000023',1,'2020-04-20 07:57:49','2020-04-20 07:57:49',NULL),
(85,85,1,'AD9-ZZ000015',1,'2020-04-20 07:57:49','2020-04-20 07:57:49',NULL),
(86,86,1,'AD9-CH000023',1,'2020-04-20 07:57:49','2020-04-20 07:57:49',NULL),
(87,87,1,'AD9-CH000023',1,'2020-04-20 07:57:49','2020-04-20 07:57:49',NULL),
(88,88,1,'AD9-CH000023',1,'2020-04-20 07:57:49','2020-04-20 07:57:49',NULL),
(89,89,1,'AD9-CH000023',1,'2020-04-20 07:57:49','2020-04-20 07:57:49',NULL),
(90,90,1,'AD9-CH000023',1,'2020-04-20 07:57:49','2020-04-20 07:57:49',NULL),
(91,91,1,'AD9-CH000023',1,'2020-04-20 07:57:49','2020-04-20 07:57:49',NULL),
(92,92,1,'AD9-CH000023',1,'2020-04-20 07:57:49','2020-04-20 07:57:49',NULL),
(93,93,1,'AD9-CH000024',1,'2020-04-20 07:57:49','2020-04-20 07:57:49',NULL),
(94,94,1,'AD9-CH000024',1,'2020-04-20 07:57:49','2020-04-20 07:57:49',NULL),
(95,95,1,'AD9-CH000024',1,'2020-04-20 07:57:49','2020-04-20 07:57:49',NULL),
(96,96,1,'AD9-CH000024',1,'2020-04-20 07:57:49','2020-04-20 07:57:49',NULL),
(97,97,1,'AD9-CH000024',1,'2020-04-20 07:57:49','2020-04-20 07:57:49',NULL),
(98,98,1,'AD9-CH000024',1,'2020-04-20 07:57:49','2020-04-20 07:57:49',NULL),
(99,99,1,'AD9-CH000024',1,'2020-04-20 07:57:49','2020-04-20 07:57:49',NULL),
(100,100,1,'AD9-CH000024',1,'2020-04-20 07:57:49','2020-04-20 07:57:49',NULL),
(101,101,1,'AD9-CH000024',1,'2020-04-20 07:57:49','2020-04-20 07:57:49',NULL),
(102,102,1,'AD9-CH000024',1,'2020-04-20 07:57:49','2020-04-20 07:57:49',NULL),
(103,103,1,'AD9-CH000025',1,'2020-04-20 07:57:49','2020-04-20 07:57:49',NULL),
(104,104,1,'AD9-CH000025',1,'2020-04-20 07:57:49','2020-04-20 07:57:49',NULL),
(105,105,1,'AD9-CH000025',1,'2020-04-20 07:57:49','2020-04-20 07:57:49',NULL),
(106,106,1,'AD9-CH000025',1,'2020-04-20 07:57:49','2020-04-20 07:57:49',NULL),
(107,107,1,'AD9-CH000025',1,'2020-04-20 07:57:49','2020-04-20 07:57:49',NULL),
(108,108,1,'AD9-CH000025',1,'2020-04-20 07:57:49','2020-04-20 07:57:49',NULL),
(109,109,1,'AD9-CH000025',1,'2020-04-20 07:57:49','2020-04-20 07:57:49',NULL),
(110,110,1,'AD9-CH000025',1,'2020-04-20 07:57:49','2020-04-20 07:57:49',NULL),
(111,111,1,'AD9-CH000025',1,'2020-04-20 07:57:49','2020-04-20 07:57:49',NULL),
(112,112,1,'AD9-CH000025',1,'2020-04-20 07:57:49','2020-04-20 07:57:49',NULL),
(113,113,1,'AD9-CH000026',1,'2020-04-20 07:57:49','2020-04-20 07:57:49',NULL),
(114,114,1,'AD9-CH000026',1,'2020-04-20 07:57:49','2020-04-20 07:57:49',NULL),
(115,115,1,'AD9-CH000026',1,'2020-04-20 07:57:49','2020-04-20 07:57:49',NULL),
(116,116,1,'AD9-CH000026',1,'2020-04-20 07:57:49','2020-04-20 07:57:49',NULL),
(117,117,1,'AD9-CH000026',1,'2020-04-20 07:57:49','2020-04-20 07:57:49',NULL),
(118,118,1,'AD9-CH000026',1,'2020-04-20 07:57:49','2020-04-20 07:57:49',NULL),
(119,119,1,'AD9-CH000026',1,'2020-04-20 07:57:49','2020-04-20 07:57:49',NULL),
(120,120,1,'AD9-CH000026',1,'2020-04-20 07:57:49','2020-04-20 07:57:49',NULL),
(121,121,1,'AD9-CH000026',1,'2020-04-20 07:57:49','2020-04-20 07:57:49',NULL),
(122,122,1,'AD9-CH000026',1,'2020-04-20 07:57:49','2020-04-20 07:57:49',NULL),
(123,123,1,'AD9-CH000027',1,'2020-04-20 07:57:49','2020-04-20 07:57:49',NULL),
(124,124,1,'AD9-CH000027',1,'2020-04-20 07:57:49','2020-04-20 07:57:49',NULL),
(125,125,1,'AD9-CH000027',1,'2020-04-20 07:57:49','2020-04-20 07:57:49',NULL),
(126,126,1,'AD9-CH000027',1,'2020-04-20 07:57:49','2020-04-20 07:57:49',NULL),
(127,127,1,'AD9-CH000007',1,'2020-04-20 07:57:49','2020-04-20 07:57:49',NULL),
(128,128,1,'AD9-CH000027',1,'2020-04-20 07:57:49','2020-04-20 07:57:49',NULL),
(129,129,1,'AD9-CH000027',1,'2020-04-20 07:57:49','2020-04-20 07:57:49',NULL),
(130,130,1,'AD9-CH000027',1,'2020-04-20 07:57:49','2020-04-20 07:57:49',NULL),
(131,131,1,'AD9-CH000027',1,'2020-04-20 07:57:49','2020-04-20 07:57:49',NULL),
(132,132,1,'AD9-CH000027',1,'2020-04-20 07:57:49','2020-04-20 07:57:49',NULL),
(133,133,1,'AD9-CH000028',1,'2020-04-20 07:57:49','2020-04-20 07:57:49',NULL),
(134,134,1,'AD9-CH000028',1,'2020-04-20 07:57:49','2020-04-20 07:57:49',NULL),
(135,135,1,'AD9-CH000028',1,'2020-04-20 07:57:49','2020-04-20 07:57:49',NULL),
(136,136,1,'AD9-CH000028',1,'2020-04-20 07:57:49','2020-04-20 07:57:49',NULL),
(137,137,1,'AD9-CH000028',1,'2020-04-20 07:57:49','2020-04-20 07:57:49',NULL),
(138,138,1,'AD9-CH000028',1,'2020-04-20 07:57:49','2020-04-20 07:57:49',NULL),
(139,139,1,'AD9-CH000028',1,'2020-04-20 07:57:49','2020-04-20 07:57:49',NULL),
(140,140,1,'AD9-CH000028',1,'2020-04-20 07:57:49','2020-04-20 07:57:49',NULL),
(141,141,1,'AD9-CH000028',1,'2020-04-20 07:57:49','2020-04-20 07:57:49',NULL),
(142,142,1,'AD9-CH000028',1,'2020-04-20 07:57:49','2020-04-20 07:57:49',NULL),
(143,143,1,'AD9-CH000029',1,'2020-04-20 07:57:49','2020-04-20 07:57:49',NULL),
(144,144,1,'AD9-CH000029',1,'2020-04-20 07:57:49','2020-04-20 07:57:49',NULL),
(145,145,1,'AD9-CH000029',1,'2020-04-20 07:57:49','2020-04-20 07:57:49',NULL),
(146,146,1,'AD9-CH000029',1,'2020-04-20 07:57:49','2020-04-20 07:57:49',NULL),
(147,147,1,'AD9-CH000029',1,'2020-04-20 07:57:49','2020-04-20 07:57:49',NULL),
(148,148,1,'AD9-CH000029',1,'2020-04-20 07:57:49','2020-04-20 07:57:49',NULL),
(149,149,1,'AD9-CH000029',1,'2020-04-20 07:57:49','2020-04-20 07:57:49',NULL),
(150,150,1,'AD9-CH000029',1,'2020-04-20 07:57:49','2020-04-20 07:57:49',NULL),
(151,151,1,'AD9-CH000029',1,'2020-04-20 07:57:49','2020-04-20 07:57:49',NULL),
(152,152,1,'AD9-CH000030',1,'2020-04-20 07:57:49','2020-04-20 07:57:49',NULL),
(153,153,1,'AD9-CH000030',1,'2020-04-20 07:57:49','2020-04-20 07:57:49',NULL),
(154,154,1,'AD9-CH000030',1,'2020-04-20 07:57:49','2020-04-20 07:57:49',NULL),
(155,155,1,'AD9-CH000030',1,'2020-04-20 07:57:49','2020-04-20 07:57:49',NULL),
(156,156,1,'AD9-CH000030',1,'2020-04-20 07:57:49','2020-04-20 07:57:49',NULL),
(157,157,1,'AD9-CH000030',1,'2020-04-20 07:57:49','2020-04-20 07:57:49',NULL),
(158,158,1,'AD9-CH000030',1,'2020-04-20 07:57:49','2020-04-20 07:57:49',NULL),
(159,159,1,'AD9-CH000030',1,'2020-04-20 07:57:50','2020-04-20 07:57:50',NULL),
(160,160,1,'AD9-CH000030',1,'2020-04-20 07:57:50','2020-04-20 07:57:50',NULL),
(161,161,1,'AD9-CH000030',1,'2020-04-20 07:57:50','2020-04-20 07:57:50',NULL),
(162,162,1,'AD9-CH000031',1,'2020-04-20 07:57:50','2020-04-20 07:57:50',NULL),
(163,163,1,'AD9-CH000031',1,'2020-04-20 07:57:50','2020-04-20 07:57:50',NULL),
(164,164,1,'AD9-CH000031',1,'2020-04-20 07:57:50','2020-04-20 07:57:50',NULL),
(165,165,1,'AD9-CH000031',1,'2020-04-20 07:57:50','2020-04-20 07:57:50',NULL),
(166,166,1,'AD9-CH000031',1,'2020-04-20 07:57:50','2020-04-20 07:57:50',NULL),
(167,167,1,'AD9-CH000031',1,'2020-04-20 07:57:50','2020-04-20 07:57:50',NULL),
(168,168,1,'AD9-CH000031',1,'2020-04-20 07:57:50','2020-04-20 07:57:50',NULL),
(169,169,1,'AD9-CH000031',1,'2020-04-20 07:57:50','2020-04-20 07:57:50',NULL),
(170,170,1,'AD9-CH000031',1,'2020-04-20 07:57:50','2020-04-20 07:57:50',NULL),
(171,171,1,'AD9-CH000031',1,'2020-04-20 07:57:50','2020-04-20 07:57:50',NULL),
(172,172,1,'AD9-CH000032',1,'2020-04-20 07:57:50','2020-04-20 07:57:50',NULL),
(173,173,1,'AD9-CH000032',1,'2020-04-20 07:57:50','2020-04-20 07:57:50',NULL),
(174,174,1,'AD9-CH000032',1,'2020-04-20 07:57:50','2020-04-20 07:57:50',NULL),
(175,175,1,'AD9-CH000032',1,'2020-04-20 07:57:50','2020-04-20 07:57:50',NULL),
(176,176,1,'AD9-CH000032',1,'2020-04-20 07:57:50','2020-04-20 07:57:50',NULL),
(177,177,1,'AD9-CH000032',1,'2020-04-20 07:57:50','2020-04-20 07:57:50',NULL),
(178,178,1,'AD9-CH000032',1,'2020-04-20 07:57:50','2020-04-20 07:57:50',NULL),
(179,179,1,'AD9-CH000032',1,'2020-04-20 07:57:50','2020-04-20 07:57:50',NULL),
(180,180,1,'AD9-ZZ000032',1,'2020-04-20 07:57:50','2020-04-20 07:57:50',NULL),
(181,181,1,'AD9-ZZ000032',1,'2020-04-20 07:57:50','2020-04-20 07:57:50',NULL),
(182,182,1,'AD9-ZZ000033',1,'2020-04-20 07:57:50','2020-04-20 07:57:50',NULL),
(183,183,1,'AD9-ZZ000033',1,'2020-04-20 07:57:50','2020-04-20 07:57:50',NULL),
(184,184,1,'AD9-ZZ000033',1,'2020-04-20 07:57:50','2020-04-20 07:57:50',NULL),
(185,185,1,'AD9-ZZ000033',1,'2020-04-20 07:57:50','2020-04-20 07:57:50',NULL),
(186,186,1,'AD9-ZZ000033',1,'2020-04-20 07:57:50','2020-04-20 07:57:50',NULL),
(187,187,1,'AD9-ZZ000033',1,'2020-04-20 07:57:50','2020-04-20 07:57:50',NULL),
(188,188,1,'AD9-ZZ000033',1,'2020-04-20 07:57:50','2020-04-20 07:57:50',NULL),
(189,189,1,'AD9-ZZ000033',1,'2020-04-20 07:57:50','2020-04-20 07:57:50',NULL),
(190,190,1,'AD9-ZZ000033',1,'2020-04-20 07:57:50','2020-04-20 07:57:50',NULL),
(191,191,1,'AD9-ZZ000033',1,'2020-04-20 07:57:50','2020-04-20 07:57:50',NULL),
(192,192,1,'AD9-ZZ000034',1,'2020-04-20 07:57:50','2020-04-20 07:57:50',NULL),
(193,193,1,'AD9-ZZ000034',1,'2020-04-20 07:57:50','2020-04-20 07:57:50',NULL),
(194,194,1,'AD9-ZZ000034',1,'2020-04-20 07:57:50','2020-04-20 07:57:50',NULL),
(195,195,1,'AD9-ZZ000034',1,'2020-04-20 07:57:50','2020-04-20 07:57:50',NULL),
(196,196,1,'AD9-ZZ000034',1,'2020-04-20 07:57:50','2020-04-20 07:57:50',NULL),
(197,197,1,'AD9-ZZ000034',1,'2020-04-20 07:57:50','2020-04-20 07:57:50',NULL),
(198,198,1,'AD9-ZZ000034',1,'2020-04-20 07:57:50','2020-04-20 07:57:50',NULL),
(199,199,1,'AD9-ZZ000034',1,'2020-04-20 07:57:50','2020-04-20 07:57:50',NULL),
(200,200,1,'AD9-ZZ000034',1,'2020-04-20 07:57:50','2020-04-20 07:57:50',NULL),
(201,201,1,'AD9-ZZ000034',1,'2020-04-20 07:57:50','2020-04-20 07:57:50',NULL),
(202,202,1,'AD9-ZZ000035',1,'2020-04-20 07:57:50','2020-04-20 07:57:50',NULL),
(203,203,1,'AD9-ZZ000035',1,'2020-04-20 07:57:50','2020-04-20 07:57:50',NULL),
(204,204,1,'AD9-ZZ000035',1,'2020-04-20 07:57:50','2020-04-20 07:57:50',NULL),
(205,205,1,'AD9-ZZ000035',1,'2020-04-20 07:57:50','2020-04-20 07:57:50',NULL),
(206,206,1,'AD9-ZZ000035',1,'2020-04-20 07:57:50','2020-04-20 07:57:50',NULL),
(207,207,1,'AD9-ZZ000035',1,'2020-04-20 07:57:50','2020-04-20 07:57:50',NULL),
(208,208,1,'AD9-ZZ000035',1,'2020-04-20 07:57:50','2020-04-20 07:57:50',NULL),
(209,209,1,'AD9-ZZ000035',1,'2020-04-20 07:57:50','2020-04-20 07:57:50',NULL),
(210,210,1,'AD9-ZZ000035',1,'2020-04-20 07:57:50','2020-04-20 07:57:50',NULL),
(211,211,1,'AD9-ZZ000035',1,'2020-04-20 07:57:50','2020-04-20 07:57:50',NULL),
(212,212,1,'AD9-ZZ000036',1,'2020-04-20 07:57:50','2020-04-20 07:57:50',NULL),
(213,213,1,'AD9-ZZ000036',1,'2020-04-20 07:57:50','2020-04-20 07:57:50',NULL),
(214,214,1,'AD9-ZZ000036',1,'2020-04-20 07:57:50','2020-04-20 07:57:50',NULL),
(215,215,1,'AD9-ZZ000036',1,'2020-04-20 07:57:50','2020-04-20 07:57:50',NULL),
(216,216,1,'AD9-ZZ000036',1,'2020-04-20 07:57:50','2020-04-20 07:57:50',NULL),
(217,217,1,'AD9-ZZ000036',1,'2020-04-20 07:57:50','2020-04-20 07:57:50',NULL),
(218,218,1,'AD9-ZZ000036',1,'2020-04-20 07:57:50','2020-04-20 07:57:50',NULL),
(219,219,1,'AD9-ZZ000036',1,'2020-04-20 07:57:50','2020-04-20 07:57:50',NULL),
(220,220,1,'AD9-ZZ000036',1,'2020-04-20 07:57:50','2020-04-20 07:57:50',NULL),
(221,221,1,'AD9-ZZ000036',1,'2020-04-20 07:57:50','2020-04-20 07:57:50',NULL),
(222,222,1,'AD9-ZZ000037',1,'2020-04-20 07:57:50','2020-04-20 07:57:50',NULL),
(223,223,1,'AD9-ZZ000037',1,'2020-04-20 07:57:50','2020-04-20 07:57:50',NULL),
(224,224,1,'AD9-ZZ000037',1,'2020-04-20 07:57:50','2020-04-20 07:57:50',NULL),
(225,225,1,'AD9-ZZ000037',1,'2020-04-20 07:57:50','2020-04-20 07:57:50',NULL),
(226,226,1,'AD9-ZZ000037',1,'2020-04-20 07:57:50','2020-04-20 07:57:50',NULL),
(227,227,1,'AD9-ZZ000037',1,'2020-04-20 07:57:50','2020-04-20 07:57:50',NULL),
(228,228,1,'AD9-ZZ000037',1,'2020-04-20 07:57:50','2020-04-20 07:57:50',NULL),
(229,229,1,'AD9-ZZ000037',1,'2020-04-20 07:57:50','2020-04-20 07:57:50',NULL),
(230,230,1,'AD9-ZZ000037',1,'2020-04-20 07:57:50','2020-04-20 07:57:50',NULL),
(231,231,1,'AD9-ZZ000037',1,'2020-04-20 07:57:50','2020-04-20 07:57:50',NULL),
(232,232,1,'AD9-ZZ000038',1,'2020-04-20 07:57:50','2020-04-20 07:57:50',NULL),
(233,233,1,'AD9-ZZ000038',1,'2020-04-20 07:57:50','2020-04-20 07:57:50',NULL),
(234,234,1,'AD9-ZZ000038',1,'2020-04-20 07:57:50','2020-04-20 07:57:50',NULL),
(235,235,1,'AD9-ZZ000038',1,'2020-04-20 07:57:50','2020-04-20 07:57:50',NULL),
(236,236,1,'AD9-ZZ000038',1,'2020-04-20 07:57:50','2020-04-20 07:57:50',NULL),
(237,237,1,'AD9-ZZ000038',1,'2020-04-20 07:57:50','2020-04-20 07:57:50',NULL),
(238,238,1,'AD9-ZZ000038',1,'2020-04-20 07:57:50','2020-04-20 07:57:50',NULL),
(239,239,1,'AD9-ZZ000038',1,'2020-04-20 07:57:50','2020-04-20 07:57:50',NULL),
(240,240,1,'AD9-ZZ000038',1,'2020-04-20 07:57:50','2020-04-20 07:57:50',NULL),
(241,63,2,'AD2-HT000003',26,'2020-05-05 10:02:43','2020-05-05 10:02:43',NULL),
(242,66,2,'AD2-HT000003',26,'2020-05-05 10:21:27','2020-05-05 10:21:27',NULL);

/*Table structure for table `suppliers` */

DROP TABLE IF EXISTS `suppliers`;

CREATE TABLE `suppliers` (
  `id` int(11) NOT NULL AUTO_INCREMENT,
  `supplier_code` varchar(5) NOT NULL,
  `supplier_short_name` varchar(20) DEFAULT NULL,
  `supplier_name` varchar(50) NOT NULL,
  `supplier_province_id` int(3) DEFAULT NULL,
  `supplier_municipality_id` int(4) DEFAULT NULL,
  `supplier_address` text NOT NULL,
  `supplier_email` varchar(100) DEFAULT NULL,
  `supplier_contact` text NOT NULL,
  `supplier_fax` text,
  `transaction_currency` varchar(3) NOT NULL DEFAULT 'PHP',
  `supplier_materials` text,
  `supplier_category` int(1) NOT NULL DEFAULT '0',
  `supplier_classification_id` int(1) NOT NULL,
  `employee_id` int(10) DEFAULT NULL,
  `created_at` datetime NOT NULL,
  `updated_at` datetime DEFAULT NULL,
  `deleted_at` datetime DEFAULT NULL,
  PRIMARY KEY (`id`)
) ENGINE=InnoDB AUTO_INCREMENT=73 DEFAULT CHARSET=utf8;

/*Data for the table `suppliers` */

insert  into `suppliers`(`id`,`supplier_code`,`supplier_short_name`,`supplier_name`,`supplier_province_id`,`supplier_municipality_id`,`supplier_address`,`supplier_email`,`supplier_contact`,`supplier_fax`,`transaction_currency`,`supplier_materials`,`supplier_category`,`supplier_classification_id`,`employee_id`,`created_at`,`updated_at`,`deleted_at`) values 
(1,'00001','ADAMAY-1','ADAMAY CO., INC.',49,970,'1-33-5 Honda Building 4F, Asahi-Cho, Atsugi City, Kanagawa Ken 243-0014 Japan','aici@adamay.info','0081-46-230-2110','0081-46-230-2115','JPY','Label sticker Material, Box and consumable',0,0,NULL,'2020-03-11 17:44:15','2020-04-20 07:00:51',NULL),
(2,'13002','ADAMAY-2','AARON EAGLE SECURITY & INVESTIGATION AGENCY',1,1,'xEl Real Compound, Brgy. Real, Calamba City, Laguna','xaaron_eagle0901','x049-545-4988','x049-545-4988','USD','xSecurity & Investigation',0,0,26,'2020-03-11 17:44:15','2020-05-14 12:42:51',NULL),
(3,'12003','ADAMAY-3','AMBOY LAMINATION SERVICES',49,970,'886 J. Aguilar Avenue, Talon 1 Las Pinas City.','services.amboy@gmail.com','0932-872-8092',NULL,'PHP','UV, Plastic Lamination',1,2,26,'2020-03-11 17:44:15','2020-04-20 07:00:51',NULL),
(4,'11004','ADAMAY-4','ARROW8 CHEMICAL, INC.',49,978,'Cervantes Rd., Bormaheco Cmp., Km. 17 West Service Rd.,Brgy. Marcelino Green South Super Highway Paranaque City','info.arrowchemproducts@yahoo.com','02-823-0295','02-823-0295','PHP','Machine Parts',1,1,26,'2020-03-11 17:44:15','2020-04-20 07:00:51',NULL),
(5,'13005','ADAMAY-5','AVANCE PILIPINAS INC.',12,180,'Unit 6, 1stFloor NDN Building J.p. Laurel Highway San Roque, To. Tomas, Batangas','sales@avance-ph.com','0995-847-3252',NULL,'PHP','Manpower Services',1,3,NULL,'2020-03-11 17:44:15','2020-04-20 07:00:51',NULL),
(6,'12006','ADAMAY-6','BJ LAJARA PRINTING PRESS',42,773,'008 National Hi-way, Brgy. Milagrosa, Calamba, Laguna','girlie.bernaldez@bjlprintingpress.com','049-505-5350',NULL,'PHP','Priinting & Die-cutting Services',1,2,NULL,'2020-03-11 17:44:15','2020-04-20 07:00:51',NULL),
(7,'11007','ADAMAY-7','CALAMBA LUMBER ENTERPRISES',42,773,'JM Blgd., Parian Nat\'l Highway, Calamba City, Laguna','ktparedes@icloud.com','049-545-1981','049-545-1835','PHP','Hardware Supplier',1,1,NULL,'2020-03-11 17:44:15','2020-04-20 07:00:51',NULL),
(8,'11008','ADAMAY-8','CALEDONIAN INTERNATIONAL CORPORATION',49,971,'Spicer Bldg.,4384 Montojo St., Brgy. Tejeros, 1264 Makati City','caledonian@spicers.com.ph','02-898-1249 - 53','02-897-3815','PHP','Production Chemicals',1,1,26,'2020-03-11 17:44:15','2020-04-24 05:57:55',NULL),
(9,'13009','ADAMAY-9','CCK CITY NETWORK, INC.',49,980,'34th Floor One San Miguel Avenue Condominium, San Miguel Avenue Cor. Shaw Blvd. Ortigas Center, Pasig City','m. saito@cck.co.jp','02-310-0435',NULL,'PHP','Adamay System',1,3,NULL,'2020-03-11 17:44:15','2020-04-20 07:00:51',NULL),
(10,'10010','ADAMAY-10','CDI SAKATA,INX CORPORATION',49,976,'Don Jesus Blvd., Alabang Hills village,Muntinlupa','erd@cdisakatainxcorp.com','02-842-2070 / 72','02-809-4857','PHP','Soya inks, Pantone inks',1,0,NULL,'2020-03-11 17:44:15','2020-04-20 07:00:51',NULL),
(11,'10011','ADAMAY-11','CONSOLIDATED ADHESIVES, INC.',49,983,'139-D Aurora Blvd., San Juan, Metro Manila, Philippines','consolidatedadhesives@gmail.com','02-872-8014 / 872-8797',NULL,'PHP','Stikwel Glue',1,0,NULL,'2020-03-11 17:44:15','2020-04-20 07:00:51',NULL),
(12,'12012','ADAMAY-12','CONTAINERBOARD & PACKAGING CO. INC.',42,773,'Lot 1-B Carmelray Industrial Park 2, Brgy. Punta Calamba City, Laguna','hazel@totalpackagingsolutions.com','049-545-0021 to 23','049-545-0025','PHP','Corrugated Boxes',1,2,NULL,'2020-03-11 17:44:15','2020-04-20 07:00:51',NULL),
(13,'11013','ADAMAY-13','CZELSO REICH TRADING CORP.',42,771,'#32 Tulay Brgy. San Antonio, Binan, Laguna','crtc_2011@yahoo.com','049-511-8554 / 049-827-8518','049-511-8554','PHP','Face masks & others consumables',1,1,NULL,'2020-03-11 17:44:16','2020-04-20 07:00:51',NULL),
(14,'10014','ADAMAY-14','DIC PHILIPPINES, INC.',49,984,'No. 26 1st Ave., Bo., Bagumbayan, Tanyag, Taguig City','cheryl.montanez@dic.com.ph','049-549-0191','049-549-1858','PHP','Values GV and GG Ink Series',1,0,NULL,'2020-03-11 17:44:16','2020-04-20 07:00:51',NULL),
(15,'11015','ADAMAY-15','EXCEL SYSTECH CORP.',49,970,'Unit E,Hernz Bidg.,481 Real St., Alabang Zapote Road, Las Pinas','excelsystechcorp@yahoo.com.ph','02-800-0594 / 02-365-8172 / 02-365-8171 / 806-5352','02-364-5793 / 02-805-7778','PHP','Paper core tube',1,1,NULL,'2020-03-11 17:44:16','2020-04-20 07:00:51',NULL),
(16,'10016','ADAMAY-16','EXPRESS COAT ENTERPRISES INC.',49,982,'#80 Judge Juan Luna St. San Francisco Del Monte, Quezon City','express_coat_enterprises@yahoo.com','02-374-3952 / 02-411-9425','02-414-3344','PHP','Production Chemicals',1,0,NULL,'2020-03-11 17:44:16','2020-04-20 07:00:51',NULL),
(17,'11017','ADAMAY-17','FUJIFILM PHILIPPINES, INC.',49,971,'10th Floor The Enterprise Tower 2, 6766 Ayala Ave. Makati City','catherine.siongco@fujifilm.com','02-550-2420','02-550-2417','PHP','Plate and Developer',1,1,NULL,'2020-03-11 17:44:16','2020-04-20 07:00:51',NULL),
(18,'10018','ADAMAY-18','GENNEX SOLUTIONS PHILS. INC',49,970,'11 Ground Floor Correal Property Building, #14 Lotus St., T.S. Cruz Subd., Brgy. Almanza Dos, Las Pinas City','von@gennexcorp.com','02-850-6182','02-850-6184','PHP','3M 9888T',1,0,NULL,'2020-03-11 17:44:16','2020-04-20 07:00:51',NULL),
(19,'10019','ADAMAY-19','GOLDEN DRAGON INDUSTRIAL CORP. / YOUNGS PAPER SALE',49,980,'Exchange Rd., Ortigas Center,Pasig City','youngs.paper@gmail.com','02-638-7788','02-638-1388','PHP','Book Paper (Sheet/Roll type), Carbonless paper',1,0,NULL,'2020-03-11 17:44:16','2020-04-20 07:00:51',NULL),
(20,'11020','ADAMAY-20','GREAT DEAL COMMODITIES',42,792,'Hermanos Belen St., San Pablo City Laguna','email: greatdealcommodities@yahoo.com','049-807-2358',NULL,'PHP','IPA Alcohol',1,1,NULL,'2020-03-11 17:44:16','2020-04-20 07:00:51',NULL),
(21,'12021','ADAMAY-21','GREENSTONE PACKAGING CORP.',49,982,'159-169 Tandang Sora St. Baesa, Quezon City','email: gpc_marketing@yahoo.com','02-983-7824 to 27','02-983-7828','PHP','Corrugated Boxes',1,2,NULL,'2020-03-11 17:44:16','2020-04-20 07:00:51',NULL),
(22,'13022','ADAMAY-22','GREEN ECO TECHWIN, INC.',24,422,'P2 B2 L* Golden Gate Business Park, Brgy. Buenavista II, City of General Trias Cavite','reyefa07@gmail.com','(049)530-8456/0912-826-5298','(049)503-8468','PHP','Hazardous Waste Treater',1,3,NULL,'2020-03-11 17:44:16','2020-04-20 07:00:51',NULL),
(23,'13023','ADAMAY-23','HANNAH-VEL Kitchenette',49,976,'Amparo St., Poblacion, Muntinlupa City','rosemariebasilan@yahoo.com','0920-359-9095',NULL,'PHP','Canteen Concessionaire',1,3,NULL,'2020-03-11 17:44:16','2020-04-20 07:00:51',NULL),
(24,'11024','ADAMAY-24','HEIDELBERG PHILIPPINES, INC.',49,971,'2231 Molave Bldg. Chino Roces Avenue Makati City','jell.sorromero@heidelberg.com','02-8857-5140','02-8843-5397','PHP','Plates, Developer & other chem. Saphira Inks',1,1,NULL,'2020-03-11 17:44:16','2020-04-20 07:00:51',NULL),
(25,'13025','ADAMAY-25','HOLY CHILD MANPOWER AND GENERAL SERVICES INC.',42,976,'2nd Floor H.S Beron Tri-Center Bldg. National Hi-way, Brgy. Tagapo City, Sta. rosa Laguna','holychild.manpower@gmail.com','0926-724-2505',NULL,'PHP','Manpower Services',1,3,NULL,'2020-03-11 17:44:16','2020-04-20 07:00:51',NULL),
(26,'00026','ADAMAY-26','HONG KONG PANAC PTE., LTD.',NULL,NULL,'Suite 1-3A, 23/F Sino Plaza 255-257, Gloucester Road, Causeway Bay, Hong Kong','email:anita@panac.com.hk / makishima@panac.com.hk','00852-2835-7372','00852-2168-9872','PHP','Lumirror materials (PET Film)',0,0,NULL,'2020-03-11 17:44:16','2020-04-20 07:00:51',NULL),
(27,'11027','ADAMAY-27','IDEAL MARKETING AND MANUFACTURING CORPORATION',49,982,'No. 214 Tandang Sora Avenue, Quezon City','elvira_gueco@yahoo.com.ph','(02) 928 2232 / 929 3174','(02) 924 2686','PHP','Production Chemicals',1,1,NULL,'2020-03-11 17:44:16','2020-04-20 07:00:51',NULL),
(28,'13028','ADAMAY-28','JAD TWINNIES ENTERPRISES',42,773,'New Parian Business Center, Unit 3, 2nd Floor, Parian, Calamba City','elbello.ctp369@gmail.com','049-508-1179 / 049-534-0910',NULL,'PHP','CTP and Printing Services',1,3,NULL,'2020-03-11 17:44:16','2020-04-20 07:00:51',NULL),
(29,'12029','ADAMAY-29','KANEPACKAGE PHILIPPINES INC.',42,773,'#5 Ringroad LISP2, Brgy. Lamesa, Calamba, Laguna','oda@kanepa.co.jp / jmarocena@ph.kane-package.net','049-545-7166 to 69','049-545-6302','PHP','corrugated boxes,',1,2,NULL,'2020-03-11 17:44:16','2020-04-20 07:00:51',NULL),
(30,'11030','ADAMAY-30','KANG NAM PACKAGING HOUSE INC.',24,431,'77th Street Lot 8 Blk.13, Phase 1 CEPZA, Rosario Cavite','email:kang_nam@pldtdsl.net','046-437-0245 / 2845','046-437-8834','PHP','P.E. Natural Plastic',1,1,NULL,'2020-03-11 17:44:16','2020-04-20 07:00:51',NULL),
(31,'10031','ADAMAY-31','LAMCO PAPER PRODUCTS CO., INC',49,982,'#1407 Quezon Ave., Quezon City','sales@lamcopaper.com/richard.alvarez@lamcopaper.com','02-373-3311 to 18','02-373-3292','PHP','Paper Products',1,0,NULL,'2020-03-11 17:44:16','2020-04-20 07:00:51',NULL),
(32,'11032','ADAMAY-32','LCMM ENTERPRISES',42,773,'Blk 30 Lt 29 Campbell St. Pacific Hill Subd. Brgy. Palo Alto, Calamba City, Laguna','nramos.lcmmenterprises@gmail.com','049-306-5008',NULL,'PHP','Uniforms',1,1,NULL,'2020-03-11 17:44:16','2020-04-20 07:00:51',NULL),
(33,'13033','ADAMAY-33','LGC LOGISTICS, INC.',42,773,'LGC Logistics Bldg., CIP II, Calamba City, Laguna','rowenda.reyes@lgclogistics.com','049-545-5577','049-545-5577','PHP','Warehousing',1,3,NULL,'2020-03-11 17:44:16','2020-04-20 07:00:51',NULL),
(34,'10034','ADAMAY-34','LINTEC PHILS. (PEZA), INC.',24,417,'Blk. 8 Lot 5, Golden Mile Business Park, Maduya, Carmona, Cavite','chinnie_rodriguez@lintec.com.ph','046-482-0830','046-430-3562','PHP','Yupo,PETN25 NPL 6LK, PETWH50 PAT1 8LK, TL-205',1,0,NULL,'2020-03-11 17:44:16','2020-04-20 07:00:51',NULL),
(35,'12035','ADAMAY-35','MEGAPRINT OFFSET & PACKAGING CORP.',49,978,'168 Lombos Comp. Dr. A. Santos Ave. Paranaque City','hrmegaprint@gmail.com','02-826-3761 to 63','02-826-9455','PHP','Printing, Lamination & Die-cutting Services',1,2,NULL,'2020-03-11 17:44:16','2020-04-20 07:00:51',NULL),
(36,'13036','ADAMAY-36','MESCO, INC.',49,980,'Reliance cor. Brixton Sts., Pasig City, Philippines','kvchua@mesco.com.ph','02-631-1775 loc 264','02-631-4028','PHP','Calibration of Measuring Devices',1,3,NULL,'2020-03-11 17:44:16','2020-04-20 07:00:51',NULL),
(37,'13037','ADAMAY-37','METALS INDUSTRY RESEARCH & DEV\'T CENTER (MIRDC)',49,984,'General Santos Ave., Bicutan, Taguig, Metro Manila','email: vab_mirdc@yahoo.com','02-837-0431','02-837-0430','PHP','Calibration of Measuring Devices',1,3,NULL,'2020-03-11 17:44:16','2020-04-20 07:00:51',NULL),
(38,'11038','ADAMAY-38','MY PRINTERS SUPPLY CO., INC.',49,971,'#1725 Escuela St., Guadalupe Nuevo, Makati','mail@printingsuppliesph.com','02-882-2079 to 80 / 02-750-7461 to 65','02-728-2064 / 02-881-9359','PHP','Chemicals, Printing Plates, etc.',1,1,NULL,'2020-03-11 17:44:16','2020-04-20 07:00:51',NULL),
(39,'13039','ADAMAY-39','NATCORP CAREER GROWTH AND MANPOWER SERVICES INC.',42,773,'Unit 1&2, Sta. Cecilia Business Center 2, Parian, Calamba City, Laguna','johnrayrubi.narcorp@gmail.com','049-508-1724',NULL,'PHP','Manpower Services',1,3,NULL,'2020-03-11 17:44:17','2020-04-20 07:00:51',NULL),
(40,'10040','ADAMAY-40','NATION PAPER PRODUCTS & PRINTING CORP. (NAPPCO)',49,985,'#34 Narciso St.,Bo.,Canumay, Valenzuela City','sales@nappco.com.ph','02-432-8000 / 02-983-9818','02-432-8000 / 02-983-9818','PHP','Paper material',1,0,NULL,'2020-03-11 17:44:17','2020-04-20 07:00:51',NULL),
(41,'13041','ADAMAY-41','NATIVIDAD TIRE SUPPLY & ENTERPRISES',42,773,'National Hi-way, Parian Calamba City','natividadtiresupply2018@gmail.com','049-545-4263','049-545-4263','PHP','Vehicle Accessories & others services',1,3,NULL,'2020-03-11 17:44:17','2020-04-20 07:00:51',NULL),
(42,'14042','ADAMAY-42','NEWTON SCANNING SYSTEMS INC.',49,971,'10-A GMA Loubel Plaza, 7514 Bagtikan St., cor. Chino Roces Ave., San Antonio Village, Makati City','rochelle@newton.com.ph','02-896-9596/02-899-2515/02-896-9343','02-896-9349','PHP','Scanner',1,4,NULL,'2020-03-11 17:44:17','2020-04-20 07:00:51',NULL),
(43,'11043','ADAMAY-43','NEXTWAVE COMMUNICATIONS, INC.',49,974,'Suite 802 Enterprise Bldg., 524 Quintin Paredes St., Binondo Manila','wcchong@nextwave.ph','02-310-1814/02-310-2815','02-310-1814','PHP','Computer and Accessories',1,1,NULL,'2020-03-11 17:44:17','2020-04-20 07:00:51',NULL),
(44,'13044','ADAMAY-44','NODA KIGATA PHILIPPINE CORPORATION',12,183,'Bldg. U-6B, Lot 22-B, Phase 1B, FPIP-SEZ, Tanauan City, Batangas','jmacatangay.nkpc@gmail.com/preyes.nkpc@gmail.com','043-455-9913','043-455-9913','PHP','Die mold maker/repair',1,3,NULL,'2020-03-11 17:44:17','2020-04-20 07:00:51',NULL),
(45,'11045','ADAMAY-45','NUPON TECHNOLOGY PHILS., CORP.',42,796,'Filsyn Corporation Compound Brgy. Don Jose, Sta. Rosa, Laguna','ntpc_sales19@nuponcorp.net','049-530-1879 / 530-2329','049-541-0214','PHP','Consumables & Cleanroom Materials',1,1,NULL,'2020-03-11 17:44:17','2020-04-20 07:00:51',NULL),
(46,'11046','ADAMAY-46','OFFICE BASICS CORPORATION',42,772,'Unit EP, Gatchalian Compound, Banay-Banay, Cabuyao, Laguna','obcsalesl2@officebasics.com.ph','049-530-8456','049-545-0390','PHP','Office supplies',1,1,NULL,'2020-03-11 17:44:17','2020-04-20 07:00:51',NULL),
(47,'13047','ADAMAY-47','OSTREA MINERAL LABORATORIES INC.',42,771,'Brgy. Road, Bo., Mamplasan Binan, Laguna','email: omlione@yahoo.com','02-889-9058-59','02-520-9189','PHP','Water,Air, Solid Waste Analyzer',1,3,NULL,'2020-03-11 17:44:17','2020-04-20 07:00:51',NULL),
(48,'12048','ADAMAY-48','PHILIPPINE ADVANCE PROCESSING TECHNOLOGY INC. (PAP',24,431,'Blk.15,Lot 13, PH3,CPZ, Rosario, Cavite','smd@papti.com','046-437-2705','046-437-2708','PHP','blank label (die-cutting)',1,2,NULL,'2020-03-11 17:44:17','2020-04-20 07:00:51',NULL),
(49,'13049','ADAMAY-49','PRECISION DIE-BOARD MFG., INC.',49,979,'2032 Leveriza St. Pasay City, Metro Manila','precisiondieboard@gmail.com','02-833-2908/02-831-0682','02-833-2908','PHP','Die-mold',1,3,NULL,'2020-03-11 17:44:17','2020-04-20 07:00:51',NULL),
(50,'10050','ADAMAY-50','PREMIERE ADHESIVES & COATINGS INC.',24,417,'Mountview Industrial Subd. Bo. Bancal, Carmona, Cavite','premiere_adhesives@yahoo.com','046-430-1850 / 02-520-8026','02-520-8076','PHP','Different kinds of Glue',1,0,NULL,'2020-03-11 17:44:17','2020-04-20 07:00:51',NULL),
(51,'10051','ADAMAY-51','PRESTIGE QUALITY PAPER PRODUCTS CORP.',49,982,'#33 General Lim St., Heroes Hill, Quezon City','info@prestigepaperproducts.com','02-642-9921','02-641-8046 /02-373-5849','PHP','Special paper',1,0,NULL,'2020-03-11 17:44:17','2020-04-20 07:00:51',NULL),
(52,'11052','ADAMAY-52','PRINTWAY MARKETING & SERVICES',42,772,'B-17D, Lot 3 Gran Seville Commercial, Brgy. Banlic, Cabuyao, Laguna','printwayfile@yahoo.com.ph','049-5832-0664','049-832-0664','PHP','Silkscreen',1,1,NULL,'2020-03-11 17:44:17','2020-04-20 07:00:51',NULL),
(53,'13053','ADAMAY-53','RECILLO\'S SCRAPYARD',12,180,'Brgy. San Rafael, Sto. Tomas Batangas',NULL,'0918-241-3038',NULL,'PHP','Scrap',1,3,NULL,'2020-03-11 17:44:17','2020-04-20 07:00:51',NULL),
(54,'13054','ADAMAY-54','SAN PABLO MEDICAL CENTER',42,792,'AH26, San Pablo City, Laguna',NULL,'049-562-0728',NULL,'PHP','Annual Physical Examination',1,3,NULL,'2020-03-11 17:44:17','2020-04-20 07:00:51',NULL),
(55,'14055','ADAMAY-55','SATO PHILIPPINES AIDC SOLUTION INC.',42,771,'Bldg. 8 Panorama Compound 6 Lot 3 Blk 5 Laguna Technopark Annex, Bian, Laguna','reesha.paingco@sato-global.com','049-544-9459',NULL,'PHP','Thermal Ribbon,Sato printer, Scanner',1,4,NULL,'2020-03-11 17:44:17','2020-04-20 07:00:51',NULL),
(56,'00056','ADAMAY-56','SOKEN CHEMICAL ASIA CO., LTD.',NULL,NULL,'Amatanakorn Industrial Estate, 700/699 Moo 1, Phanthong, A. Phanthong, Chonburi Province, Thailand','harada@scasia.co.th','+66-3807-9900','+66-3807-9894','PHP','Soken Adhesive Tape',0,0,NULL,'2020-03-11 17:44:17','2020-04-20 07:00:51',NULL),
(57,'13057','ADAMAY-57','SOUTHERN METROLOGY & CALBIRATION SERVICES INC.',42,771,'Unit 6 and 7 Artica Commercial Building, National Highway corner Almazora Street Canlalay, Binan City 4024, Laguna','sales@southerncalibration.com','049 511-8177 / 250-0217',NULL,'PHP','Calibration Services',1,3,NULL,'2020-03-11 17:44:17','2020-04-20 07:00:51',NULL),
(58,'12058','ADAMAY-58','SUKAT PLASTIC LAMINATION SERVICES',49,978,'#59 Macabuag St., Vitalez Compound, San Isidro, Paraaque City','sukatlam_2007@yahoo.com.ph','02-820-5621','02-820-7556','PHP','Lamination, Die-cutting,',1,2,NULL,'2020-03-11 17:44:17','2020-04-20 07:00:51',NULL),
(59,'11059','ADAMAY-59','TADASHITEC GLOBAL COMPANY',42,772,'RLI Building 2, Unit B, Southpoint Subd, Cabuyao City, Laguna 4025','jeran.tadashitec@gmail.com','049-544-6773','049-544-6773','PHP','Office Cabinet/Table',1,1,NULL,'2020-03-11 17:44:17','2020-04-20 07:00:51',NULL),
(60,'13060','ADAMAY-60','TECHLINK DESIGN & CONSTRUCTION',42,773,'L18 B21 Calle4 Villa De Calamba, Lamesa Calamba City, Laguna','techlinkdc@yahoo.com','049-576-2038 / 545-4036',NULL,'PHP','Construction',1,3,NULL,'2020-03-11 17:44:17','2020-04-20 07:00:51',NULL),
(61,'12061','ADAMAY-61','TIGER TEXTURE EMBOSSING & COATING SERVICES INC.',49,972,'#37 Industrial Ave., Potrero Malabon City','ttec0810@gmail.com','02-362-1996','02-362-2010','PHP','Lamination',1,2,NULL,'2020-03-11 17:44:17','2020-04-20 07:00:51',NULL),
(62,'11062','ADAMAY-62','TRADIENT MARKETING',42,773,'Nat\'l Highway Purok Uno Brgy.Parian ,Calamba City Laguna','tm_aldrin@yahoo.com','0927-286-0394/0933-855-9151','049-508-6277','PHP','Bearing, Industrial Oils, O-Ring & Machine Parts',1,1,NULL,'2020-03-11 17:44:17','2020-04-20 07:00:51',NULL),
(63,'10063','ADAMAY-63','TRIPLEX ENTERPRISES INC.',49,971,'2255 G/F Triplex Bldg., Chino Roces Ave., Makati City','inquiries@triplexpaper.com.ph','02-812-9783','02-816-1346','PHP','Paper Materials & Boards',1,0,NULL,'2020-03-11 17:44:17','2020-04-20 07:00:51',NULL),
(64,'12064','ADAMAY-64','TSUCHIYA KOGYO PHILS. INC.',12,180,'Lot 9 Block 1 Light Industry and Science Park III, San Rafael, Sto. Tomas, Batangas','ph.jordan@tpd.co.jp','049-594-0008','02-519-4277','PHP','Labels, Printing Plates &',1,2,NULL,'2020-03-11 17:44:17','2020-04-20 07:00:51',NULL),
(65,'13065','ADAMAY-65','U-BIX CORPORATION',49,971,'1344 Angono St., Makati City','francis.yu@ubix.com.ph','02-897-6819','02-899-6438','PHP','Printers and Inks',1,3,NULL,'2020-03-11 17:44:18','2020-04-20 07:00:51',NULL),
(66,'00066','ADAMAY-66','WAN YE CREATION LIMITED',NULL,NULL,'Rm. #1517, 15/F., Nan Fung Center 264-298, Castle Peak Rd., Tsuen Wan, N.T. Hongkong','manfulsteve@yahoo.com','+852-419-1368','+852-409-6898','PHP','Book Paper (Sheet/Roll type), Stretch Film, Machine Parts, Printing Sheet',0,0,NULL,'2020-03-11 17:44:18','2020-04-20 07:00:51',NULL),
(67,'13067','ADAMAY-67','WORKERS JANITORIAL & MANPOWER SPECIALIST INC.',42,773,'Unit H Elaine Bldg Purok 5 Milagrosa Calamba, City',NULL,'049 929-2568',NULL,'PHP','Manpower Services',1,3,NULL,'2020-03-11 17:44:18','2020-04-20 07:00:51',NULL),
(68,'10068','ADAMAY-68','YJC INTERNATIONAL CORPORATION',24,419,'Lot 2-B 5th St., FCLE, Brgy. Langkaan, Dasmarias, Cavite','yjcintl@gmail.com','046-413-0450','046-413-0395','PHP','PE Plastic',1,0,NULL,'2020-03-11 17:44:18','2020-04-20 07:00:51',NULL),
(69,'10069','ADAMAY-69','YUNITRADE MARKETING CENTER CORP.',49,974,'#594 J.Nepumoceno St., Quiapo Manila','winfocus7@yahoo.com','02-734-8756 /8752/ 5455','02-734-8749','PHP','Local Paper adhesive, Nylon Taceta',1,0,NULL,'2020-03-11 17:44:18','2020-04-20 07:00:51',NULL),
(70,'13070','ADAMAY-70','ENGR. DEMETRIO V. CABATO JR.',42,773,'Canlubang, Calamba City, Laguna',NULL,'049-843-2126',NULL,'PHP','Professional Mechanical Engineer',1,3,NULL,'2020-03-11 17:44:18','2020-04-20 07:00:51',NULL),
(71,'13071','ADAMAY-71','ENGR. ERNESTO M. DELA RESMA',42,773,'Calamba City, Laguna',NULL,'049-549-2060',NULL,'PHP','Professional Electrical Engineer',1,3,NULL,'2020-03-11 17:44:18','2020-04-20 07:00:51',NULL),
(72,'13072',NULL,'SUPPLIER-123',1,3,'address','email@mail.com','045-7367','678-8766','JPY','Special paper',1,3,63,'2020-05-13 16:06:25','2020-05-13 16:09:41',NULL);

/*Table structure for table `type_code` */

DROP TABLE IF EXISTS `type_code`;

CREATE TABLE `type_code` (
  `id` int(2) NOT NULL AUTO_INCREMENT,
  `type_code` varchar(2) NOT NULL,
  `type_code_description` text NOT NULL,
  `is_rm` tinyint(1) NOT NULL DEFAULT '0',
  `is_sc` tinyint(1) NOT NULL DEFAULT '0',
  `is_fg` tinyint(1) NOT NULL DEFAULT '0',
  `employee_id` int(10) NOT NULL,
  `created_at` datetime NOT NULL,
  `updated_at` datetime DEFAULT NULL,
  `deleted_at` datetime DEFAULT NULL,
  PRIMARY KEY (`id`)
) ENGINE=InnoDB AUTO_INCREMENT=16 DEFAULT CHARSET=utf8;

/*Data for the table `type_code` */

insert  into `type_code`(`id`,`type_code`,`type_code_description`,`is_rm`,`is_sc`,`is_fg`,`employee_id`,`created_at`,`updated_at`,`deleted_at`) values 
(1,'CH','Chemicals (ink, adhesive, etc.)',1,0,0,26,'2020-03-19 14:47:58',NULL,NULL),
(2,'EN','Envelope',0,0,1,26,'2020-03-19 14:47:58',NULL,NULL),
(3,'HT','Hand Tag',0,1,0,26,'2020-03-19 14:47:58',NULL,NULL),
(4,'LB','Label',0,1,1,26,'2020-03-19 14:47:58',NULL,NULL),
(5,'LL','Leaflet',0,0,1,26,'2020-03-19 14:47:58',NULL,NULL),
(6,'PK','Packing MaterialBag, box, wrapping paper, insole, tape etc.',0,1,0,26,'2020-03-19 14:47:58',NULL,NULL),
(7,'RB','Ribbon',1,0,1,26,'2020-03-19 14:47:58',NULL,NULL),
(8,'RP','Roll Peper',1,0,0,26,'2020-03-19 14:47:58',NULL,NULL),
(9,'SF','Strech Film',1,0,1,26,'2020-03-19 14:47:58',NULL,NULL),
(10,'SP','Sheet Peper',1,0,0,26,'2020-03-19 14:47:58',NULL,NULL),
(11,'SS','Service Sales',0,0,0,26,'2020-03-19 14:47:58',NULL,NULL),
(12,'WK','Processing costs (outsourcing processing costs, contract, dispatch, etc.)',1,1,0,26,'2020-03-19 14:47:58',NULL,NULL),
(13,'NC','Non Commercial Item',0,0,0,26,'2020-03-19 14:47:58',NULL,NULL),
(14,'ZZ','Others',1,1,0,26,'2020-03-19 14:47:58','2020-04-16 07:36:42','2020-04-16 07:36:42'),
(15,'MN','Manual',0,0,1,26,'2020-03-19 14:59:19',NULL,NULL);

/*Table structure for table `users` */

DROP TABLE IF EXISTS `users`;

CREATE TABLE `users` (
  `id` int(10) NOT NULL AUTO_INCREMENT,
  `employee_number` varchar(11) NOT NULL,
  `username` varchar(20) NOT NULL,
  `password` varchar(255) NOT NULL,
  `email` varchar(100) NOT NULL,
  `first_name` varchar(30) NOT NULL,
  `middle_name` varchar(30) DEFAULT NULL,
  `last_name` varchar(30) NOT NULL,
  `address` text NOT NULL,
  `contact` text NOT NULL,
  `birthdate` datetime DEFAULT NULL,
  `gender` int(1) NOT NULL,
  `department_id` int(10) NOT NULL,
  `user_role` int(1) NOT NULL DEFAULT '4',
  `is_checker` int(1) NOT NULL DEFAULT '0',
  `is_approver` int(1) NOT NULL DEFAULT '0',
  `employee_id` int(10) NOT NULL,
  `created_at` datetime NOT NULL,
  `updated_at` datetime DEFAULT NULL,
  `deleted_at` datetime DEFAULT NULL,
  PRIMARY KEY (`id`)
) ENGINE=InnoDB AUTO_INCREMENT=69 DEFAULT CHARSET=utf8;

/*Data for the table `users` */

insert  into `users`(`id`,`employee_number`,`username`,`password`,`email`,`first_name`,`middle_name`,`last_name`,`address`,`contact`,`birthdate`,`gender`,`department_id`,`user_role`,`is_checker`,`is_approver`,`employee_id`,`created_at`,`updated_at`,`deleted_at`) values 
(1,'20-0429-001','admin','$2y$10$OzF0/0OuY.oF9KU.Zs63p.pxMnYPvUc7kxCIirO.2ZbwWoUZscLSi','admin@adamay.com','Adamay',NULL,'Admin','Address','045-8974','2020-03-13 00:00:00',1,1,1,1,1,1,'2020-03-13 11:00:00','2020-04-02 00:32:36',NULL),
(26,'20-0430-001','ayalaedsel','$2y$10$njSIFZNiHP3DzzZ5MMcOeukCDg6r8JDG07hHkQDxHjBV3rcvmPMNC','ayalaedsel@gmail.com','Edsel',NULL,'Ayala','Mandaluyong City','042-56691','1999-04-02 00:00:00',1,2,1,1,1,1,'2020-01-23 08:45:28','2020-04-02 00:31:59',NULL),
(63,'20-0430-002','spongebob','$2y$10$njSIFZNiHP3DzzZ5MMcOeukCDg6r8JDG07hHkQDxHjBV3rcvmPMNC','sponge@bob.xom','Spongebob',NULL,'Squarepants','Bikini Bottom','045-6322','1981-01-02 00:00:00',1,1,2,1,1,26,'2020-04-30 09:38:16','2020-05-08 14:22:02',NULL),
(64,'20-0430-003','devph','$2y$10$njSIFZNiHP3DzzZ5MMcOeukCDg6r8JDG07hHkQDxHjBV3rcvmPMNC','dev@ph.com','Developer',NULL,'PH','Marilao, Bulacan','34-2762','1958-02-03 00:00:00',1,2,4,1,1,26,'2020-04-30 10:54:07','2020-05-08 14:22:53',NULL),
(65,'20-0430-004','crabs','$2y$10$njSIFZNiHP3DzzZ5MMcOeukCDg6r8JDG07hHkQDxHjBV3rcvmPMNC','mr@crabs.com','Mister',NULL,'Crabs','Makati City','34-7372','1957-03-03 00:00:00',1,1,4,1,1,26,'2020-04-30 10:55:04','2020-05-08 14:25:34',NULL),
(66,'00-0101-001','sandy','$2y$10$njSIFZNiHP3DzzZ5MMcOeukCDg6r8JDG07hHkQDxHjBV3rcvmPMNC','sandy@cheeks.cm','Sandy',NULL,'Cheeks','Muntinlupa City','045-7324','1956-02-02 00:00:00',1,1,4,1,1,26,'2020-05-06 10:09:25','2020-05-08 14:24:41',NULL),
(67,'00-0101-002','patrick','$2y$10$njSIFZNiHP3DzzZ5MMcOeukCDg6r8JDG07hHkQDxHjBV3rcvmPMNC','patrick@star.com','Patrick',NULL,'Star','Quezon City','045-7362','1959-04-05 00:00:00',1,1,2,0,1,26,'2020-05-06 10:25:08','2020-05-13 09:00:34',NULL),
(68,'01-0301-001','squidward','$2y$10$njSIFZNiHP3DzzZ5MMcOeukCDg6r8JDG07hHkQDxHjBV3rcvmPMNC','squid@ward.com','Squidward',NULL,'Tentacles','Pasay City','045-7362','1957-03-04 00:00:00',1,1,4,1,0,26,'2020-05-06 16:30:09','2020-05-08 14:23:49',NULL);

/*!40101 SET SQL_MODE=@OLD_SQL_MODE */;
/*!40014 SET FOREIGN_KEY_CHECKS=@OLD_FOREIGN_KEY_CHECKS */;
/*!40014 SET UNIQUE_CHECKS=@OLD_UNIQUE_CHECKS */;
/*!40111 SET SQL_NOTES=@OLD_SQL_NOTES */;
